row_id,col_id,well_id,value,plate_id,time_hr,is_blank,exclude_from_analysis,exclude_reason,fieldrep_id,treatment_group,sample_id_group,area_mm2_measurement,sample_key,value_t0,fold_change,trace_id,mean_blank_rfu,mean_blank_fc,corrected_fc,metabolism_per_area_mm2_measurement
A,2,A2,327,wc-cc1-40,0,FALSE,FALSE,NA,A,cc,cca3,74.99,cca3,327,1,cca3,180.125,0.9568393094289509,0.0431606905710491,5.75552614629272e-4
A,3,A3,313,wc-cc1-40,0,FALSE,FALSE,NA,A,cc,cca2,82.659,cca2,313,1,cca2,180.125,0.9568393094289509,0.0431606905710491,5.221535534067566e-4
A,4,A4,223,wc-cc1-40,0,FALSE,FALSE,NA,A,cc,cca1,59.449,cca1,223,1,cca1,180.125,0.9568393094289509,0.0431606905710491,7.260120535425172e-4
A,5,A5,861,wc-cc1-40,0,FALSE,FALSE,NA,A,cc,cca4,57.379,cca4,861,1,cca4,180.125,0.9568393094289509,0.0431606905710491,7.522036036014761e-4
B,2,B2,215,wc-cc1-40,0,FALSE,FALSE,NA,A,cc,cca7,46.487,cca7,215,1,cca7,180.125,0.9568393094289509,0.0431606905710491,9.284464596779551e-4
B,3,B3,338,wc-cc1-40,0,FALSE,FALSE,NA,A,cc,cca8,64.369,cca8,338,1,cca8,180.125,0.9568393094289509,0.0431606905710491,6.705198243106014e-4
B,4,B4,280,wc-cc1-40,0,FALSE,FALSE,NA,A,cc,cca6,71.597,cca6,280,1,cca6,180.125,0.9568393094289509,0.0431606905710491,6.028281991012068e-4
B,5,B5,416,wc-cc1-40,0,FALSE,FALSE,NA,A,cc,cca5,86.221,cca5,416,1,cca5,180.125,0.9568393094289509,0.0431606905710491,5.005821153900918e-4
C,2,C2,424,wc-cc1-40,0,FALSE,FALSE,NA,B,cc,ccb10,76.008,ccb10,424,1,ccb10,180.125,0.9568393094289509,0.0431606905710491,5.678440502453571e-4
C,3,C3,212,wc-cc1-40,0,FALSE,FALSE,NA,B,cc,ccb12,26.738,ccb12,212,1,ccb12,180.125,0.9568393094289509,0.0431606905710491,0.001614207890307768
C,4,C4,243,wc-cc1-40,0,FALSE,FALSE,NA,B,cc,ccb9,66.71,ccb9,243,1,ccb9,180.125,0.9568393094289509,0.0431606905710491,6.469898151858657e-4
C,5,C5,218,wc-cc1-40,0,FALSE,FALSE,NA,B,cc,ccb11,55.445,ccb11,218,1,ccb11,180.125,0.9568393094289509,0.0431606905710491,7.784415289214374e-4
D,2,D2,232,wc-cc1-40,0,FALSE,FALSE,NA,B,cc,ccb14,62.265,ccb14,232,1,ccb14,180.125,0.9568393094289509,0.0431606905710491,6.931773961462957e-4
D,3,D3,240,wc-cc1-40,0,FALSE,FALSE,NA,B,cc,ccb15,56.565,ccb15,240,1,ccb15,180.125,0.9568393094289509,0.0431606905710491,7.630282077441722e-4
D,4,D4,236,wc-cc1-40,0,FALSE,FALSE,NA,B,cc,ccb13,60.603,ccb13,236,1,ccb13,180.125,0.9568393094289509,0.0431606905710491,7.121873598839842e-4
D,5,D5,254,wc-cc1-40,0,FALSE,FALSE,NA,B,cc,ccb16,62.435,ccb16,254,1,ccb16,180.125,0.9568393094289509,0.0431606905710491,6.912899907271418e-4
A,2,A2,2899,wc-cc1-40,1,FALSE,FALSE,NA,A,cc,cca3,74.99,cca3,327,8.865443425076453,cca3,186.125,0.9887118193891102,7.876731605687343,0.10503709302156745
A,3,A3,5551,wc-cc1-40,1,FALSE,FALSE,NA,A,cc,cca2,82.659,cca2,313,17.73482428115016,cca2,186.125,0.9887118193891102,16.74611246176105,0.2025927299115771
A,4,A4,1263,wc-cc1-40,1,FALSE,FALSE,NA,A,cc,cca1,59.449,cca1,223,5.663677130044843,cca1,186.125,0.9887118193891102,4.6749653106557325,0.07863824977132891
A,5,A5,3499,wc-cc1-40,1,FALSE,FALSE,NA,A,cc,cca4,57.379,cca4,861,4.063879210220674,cca4,186.125,0.9887118193891102,3.0751673908315635,0.053593952331542266
B,2,B2,1563,wc-cc1-40,1,FALSE,FALSE,NA,A,cc,cca7,46.487,cca7,215,7.269767441860465,cca7,186.125,0.9887118193891102,6.281055622471355,0.13511423887261717
B,3,B3,2773,wc-cc1-40,1,FALSE,FALSE,NA,A,cc,cca8,64.369,cca8,338,8.20414201183432,cca8,186.125,0.9887118193891102,7.2154301924452096,0.11209480017469915
B,4,B4,2936,wc-cc1-40,1,FALSE,FALSE,NA,A,cc,cca6,71.597,cca6,280,10.485714285714286,cca6,186.125,0.9887118193891102,9.497002466325176,0.13264525701251695
B,5,B5,5125,wc-cc1-40,1,FALSE,FALSE,NA,A,cc,cca5,86.221,cca5,416,12.319711538461538,cca5,186.125,0.9887118193891102,11.330999719072429,0.1314180967406134
C,2,C2,4013,wc-cc1-40,1,FALSE,FALSE,NA,B,cc,ccb10,76.008,ccb10,424,9.464622641509434,ccb10,186.125,0.9887118193891102,8.475910822120325,0.11151340414325235
C,3,C3,243,wc-cc1-40,1,FALSE,FALSE,NA,B,cc,ccb12,26.738,ccb12,212,1.1462264150943395,ccb12,186.125,0.9887118193891102,0.1575145957052293,0.005891038810129003
C,4,C4,1367,wc-cc1-40,1,FALSE,FALSE,NA,B,cc,ccb9,66.71,ccb9,243,5.625514403292181,ccb9,186.125,0.9887118193891102,4.636802583903071,0.06950685930000107
C,5,C5,383,wc-cc1-40,1,FALSE,FALSE,NA,B,cc,ccb11,55.445,ccb11,218,1.7568807339449541,ccb11,186.125,0.9887118193891102,0.7681689145558439,0.013854611138170148
D,2,D2,3058,wc-cc1-40,1,FALSE,FALSE,NA,B,cc,ccb14,62.265,ccb14,232,13.181034482758621,ccb14,186.125,0.9887118193891102,12.192322663369511,0.19581342107716232
D,3,D3,2209,wc-cc1-40,1,FALSE,FALSE,NA,B,cc,ccb15,56.565,ccb15,240,9.204166666666667,ccb15,186.125,0.9887118193891102,8.215454847277558,0.14523919114783979
D,4,D4,4790,wc-cc1-40,1,FALSE,FALSE,NA,B,cc,ccb13,60.603,ccb13,236,20.296610169491526,ccb13,186.125,0.9887118193891102,19.307898350102416,0.3185964118954906
D,5,D5,3896,wc-cc1-40,1,FALSE,FALSE,NA,B,cc,ccb16,62.435,ccb16,254,15.338582677165354,ccb16,186.125,0.9887118193891102,14.349870857776244,0.22983696416715374
A,2,A2,5136,wc-cc1-40,2,FALSE,FALSE,NA,A,cc,cca3,74.99,cca3,327,15.706422018348624,cca3,188,0.99867197875166,14.707750039596963,0.19612948445922074
A,3,A3,7807,wc-cc1-40,2,FALSE,FALSE,NA,A,cc,cca2,82.659,cca2,313,24.942492012779553,cca2,188,0.99867197875166,23.943820034027894,0.28966984882502683
A,4,A4,2115,wc-cc1-40,2,FALSE,FALSE,NA,A,cc,cca1,59.449,cca1,223,9.484304932735427,cca1,188,0.99867197875166,8.485632953983767,0.14273802677898312
A,5,A5,6370,wc-cc1-40,2,FALSE,FALSE,NA,A,cc,cca4,57.379,cca4,861,7.3983739837398375,cca4,188,0.99867197875166,6.399702004988177,0.11153387136388186
B,2,B2,1479,wc-cc1-40,2,FALSE,FALSE,NA,A,cc,cca7,46.487,cca7,215,6.879069767441861,cca7,188,0.99867197875166,5.880397788690201,0.12649553184094908
B,3,B3,4319,wc-cc1-40,2,FALSE,FALSE,NA,A,cc,cca8,64.369,cca8,338,12.778106508875739,cca8,188,0.99867197875166,11.779434530124078,0.18299856344085008
B,4,B4,4891,wc-cc1-40,2,FALSE,FALSE,NA,A,cc,cca6,71.597,cca6,280,17.46785714285714,cca6,188,0.99867197875166,16.469185164105482,0.23002619054018303
B,5,B5,7295,wc-cc1-40,2,FALSE,FALSE,NA,A,cc,cca5,86.221,cca5,416,17.536057692307693,cca5,188,0.99867197875166,16.537385713556034,0.191802295421719
C,2,C2,6135,wc-cc1-40,2,FALSE,FALSE,NA,B,cc,ccb10,76.008,ccb10,424,14.46933962264151,ccb10,188,0.99867197875166,13.47066764388985,0.17722697142261146
C,3,C3,307,wc-cc1-40,2,FALSE,FALSE,NA,B,cc,ccb12,26.738,ccb12,212,1.4481132075471699,ccb12,188,0.99867197875166,0.44944122879550985,0.016809081786053927
C,4,C4,2112,wc-cc1-40,2,FALSE,FALSE,NA,B,cc,ccb9,66.71,ccb9,243,8.691358024691358,ccb9,188,0.99867197875166,7.6926860459396975,0.1153153357208769
C,5,C5,471,wc-cc1-40,2,FALSE,FALSE,NA,B,cc,ccb11,55.445,ccb11,218,2.1605504587155964,ccb11,188,0.99867197875166,1.1618784799639363,0.020955514112434598
D,2,D2,4803,wc-cc1-40,2,FALSE,FALSE,NA,B,cc,ccb14,62.265,ccb14,232,20.70258620689655,ccb14,188,0.99867197875166,19.703914228144892,0.3164524890089921
D,3,D3,4178,wc-cc1-40,2,FALSE,FALSE,NA,B,cc,ccb15,56.565,ccb15,240,17.408333333333335,ccb15,188,0.99867197875166,16.409661354581676,0.2901027376395594
D,4,D4,6938,wc-cc1-40,2,FALSE,FALSE,NA,B,cc,ccb13,60.603,ccb13,236,29.39830508474576,ccb13,188,0.99867197875166,28.399633105994102,0.4686176114382803
D,5,D5,6550,wc-cc1-40,2,FALSE,FALSE,NA,B,cc,ccb16,62.435,ccb16,254,25.787401574803148,ccb16,188,0.99867197875166,24.78872959605149,0.39703258742774866
A,2,A2,6517,wc-cc1-40,3,FALSE,FALSE,NA,A,cc,cca3,74.99,cca3,327,19.92966360856269,cca3,188.625,1.00199203187251,18.92767157669018,0.2524026080369407
A,3,A3,8774,wc-cc1-40,3,FALSE,FALSE,NA,A,cc,cca2,82.659,cca2,313,28.031948881789138,cca2,188.625,1.00199203187251,27.029956849916626,0.3270056116081325
A,4,A4,2968,wc-cc1-40,3,FALSE,FALSE,NA,A,cc,cca1,59.449,cca1,223,13.309417040358744,cca1,188.625,1.00199203187251,12.307425008486234,0.20702492907342823
A,5,A5,6989,wc-cc1-40,3,FALSE,FALSE,NA,A,cc,cca4,57.379,cca4,861,8.117305458768874,cca4,188.625,1.00199203187251,7.115313426896364,0.12400553210924492
B,2,B2,1620,wc-cc1-40,3,FALSE,FALSE,NA,A,cc,cca7,46.487,cca7,215,7.534883720930233,cca7,188.625,1.00199203187251,6.532891689057722,0.14053158278782718
B,3,B3,6102,wc-cc1-40,3,FALSE,FALSE,NA,A,cc,cca8,64.369,cca8,338,18.05325443786982,cca8,188.625,1.00199203187251,17.05126240599731,0.2648986687069445
B,4,B4,7447,wc-cc1-40,3,FALSE,FALSE,NA,A,cc,cca6,71.597,cca6,280,26.59642857142857,cca6,188.625,1.00199203187251,25.59443653955606,0.3574791756575843
B,5,B5,8052,wc-cc1-40,3,FALSE,FALSE,NA,A,cc,cca5,86.221,cca5,416,19.35576923076923,cca5,188.625,1.00199203187251,18.35377719889672,0.21286899014041497
C,2,C2,7334,wc-cc1-40,3,FALSE,FALSE,NA,B,cc,ccb10,76.008,ccb10,424,17.297169811320753,ccb10,188.625,1.00199203187251,16.29517777944824,0.21438766681728558
C,3,C3,349,wc-cc1-40,3,FALSE,FALSE,NA,B,cc,ccb12,26.738,ccb12,212,1.6462264150943395,ccb12,188.625,1.00199203187251,0.6442343832218296,0.024094337019292002
C,4,C4,3640,wc-cc1-40,3,FALSE,FALSE,NA,B,cc,ccb9,66.71,ccb9,243,14.979423868312757,ccb9,188.625,1.00199203187251,13.977431836440248,0.20952528611063181
C,5,C5,486,wc-cc1-40,3,FALSE,FALSE,NA,B,cc,ccb11,55.445,ccb11,218,2.229357798165138,ccb11,188.625,1.00199203187251,1.2273657662926278,0.02213663569830693
D,2,D2,6460,wc-cc1-40,3,FALSE,FALSE,NA,B,cc,ccb14,62.265,ccb14,232,27.844827586206897,ccb14,188.625,1.00199203187251,26.842835554334386,0.43110632866513104
D,3,D3,5523,wc-cc1-40,3,FALSE,FALSE,NA,B,cc,ccb15,56.565,ccb15,240,23.0125,ccb15,188.625,1.00199203187251,22.010507968127488,0.38911885385180744
D,4,D4,7552,wc-cc1-40,3,FALSE,FALSE,NA,B,cc,ccb13,60.603,ccb13,236,32,ccb13,188.625,1.00199203187251,30.99800796812749,0.5114929618686779
D,5,D5,7847,wc-cc1-40,3,FALSE,FALSE,NA,B,cc,ccb16,62.435,ccb16,254,30.893700787401574,ccb16,188.625,1.00199203187251,29.891708755529063,0.47876525595465785
A,2,A2,8154,wc-cc1-40,4,FALSE,FALSE,NA,A,cc,cca3,74.99,cca3,327,24.93577981651376,cca3,189.625,1.0073041168658698,23.92847569964789,0.31908888784701817
A,3,A3,9193,wc-cc1-40,4,FALSE,FALSE,NA,A,cc,cca2,82.659,cca2,313,29.370607028753994,cca2,189.625,1.0073041168658698,28.363302911888123,0.34313629383234884
A,4,A4,3540,wc-cc1-40,4,FALSE,FALSE,NA,A,cc,cca1,59.449,cca1,223,15.874439461883409,cca1,189.625,1.0073041168658698,14.86713534501754,0.25008217707644437
A,5,A5,8047,wc-cc1-40,4,FALSE,FALSE,NA,A,cc,cca4,57.379,cca4,861,9.346109175377467,cca4,189.625,1.0073041168658698,8.338805058511598,0.14532851842157582
B,2,B2,3116,wc-cc1-40,4,FALSE,FALSE,NA,A,cc,cca7,46.487,cca7,215,14.493023255813954,cca7,189.625,1.0073041168658698,13.485719138948085,0.2900965676199386
B,3,B3,7544,wc-cc1-40,4,FALSE,FALSE,NA,A,cc,cca8,64.369,cca8,338,22.319526627218934,cca8,189.625,1.0073041168658698,21.312222510353063,0.3310945099403915
B,4,B4,9595,wc-cc1-40,4,FALSE,FALSE,NA,A,cc,cca6,71.597,cca6,280,34.267857142857146,cca6,189.625,1.0073041168658698,33.26055302599128,0.464552327974514
B,5,B5,9175,wc-cc1-40,4,FALSE,FALSE,NA,A,cc,cca5,86.221,cca5,416,22.05528846153846,cca5,189.625,1.0073041168658698,21.04798434467259,0.24411668090920527
C,2,C2,8436,wc-cc1-40,4,FALSE,FALSE,NA,B,cc,ccb10,76.008,ccb10,424,19.89622641509434,ccb10,189.625,1.0073041168658698,18.88892229822847,0.24851229210383735
C,3,C3,465,wc-cc1-40,4,FALSE,FALSE,NA,B,cc,ccb12,26.738,ccb12,212,2.193396226415094,ccb12,189.625,1.0073041168658698,1.1860921095492243,0.04435979166539099
C,4,C4,6198,wc-cc1-40,4,FALSE,FALSE,NA,B,cc,ccb9,66.71,ccb9,243,25.506172839506174,ccb9,189.625,1.0073041168658698,24.498868722640303,0.3672443220302849
C,5,C5,635,wc-cc1-40,4,FALSE,FALSE,NA,B,cc,ccb11,55.445,ccb11,218,2.9128440366972477,ccb11,189.625,1.0073041168658698,1.9055399198313778,0.03436811109804992
D,2,D2,7769,wc-cc1-40,4,FALSE,FALSE,NA,B,cc,ccb14,62.265,ccb14,232,33.48706896551724,ccb14,189.625,1.0073041168658698,32.47976484865137,0.521637594935379
D,3,D3,7050,wc-cc1-40,4,FALSE,FALSE,NA,B,cc,ccb15,56.565,ccb15,240,29.375,ccb15,189.625,1.0073041168658698,28.36769588313413,0.5015061589876095
D,4,D4,8402,wc-cc1-40,4,FALSE,FALSE,NA,B,cc,ccb13,60.603,ccb13,236,35.601694915254235,ccb13,189.625,1.0073041168658698,34.59439079838837,0.570836275405316
D,5,D5,8381,wc-cc1-40,4,FALSE,FALSE,NA,B,cc,ccb16,62.435,ccb16,254,32.996062992125985,ccb16,189.625,1.0073041168658698,31.988758875260114,0.5123529891128391
A,2,A2,9161,wc-cc1-40,5,FALSE,FALSE,NA,A,cc,cca3,74.99,cca3,327,28.015290519877677,cca3,190.375,1.0112881806108898,27.004002339266787,0.36010137804062925
A,3,A3,9117,wc-cc1-40,5,FALSE,FALSE,NA,A,cc,cca2,82.659,cca2,313,29.12779552715655,cca2,190.375,1.0112881806108898,28.11650734654566,0.34015058670617426
A,4,A4,4951,wc-cc1-40,5,FALSE,FALSE,NA,A,cc,cca1,59.449,cca1,223,22.201793721973093,cca1,190.375,1.0112881806108898,21.190505541362203,0.35644847754145914
A,5,A5,8528,wc-cc1-40,5,FALSE,FALSE,NA,A,cc,cca4,57.379,cca4,861,9.904761904761905,cca4,190.375,1.0112881806108898,8.893473724151015,0.154995272210234
B,2,B2,3407,wc-cc1-40,5,FALSE,FALSE,NA,A,cc,cca7,46.487,cca7,215,15.846511627906978,cca7,190.375,1.0112881806108898,14.835223447296087,0.31912628148291106
B,3,B3,8226,wc-cc1-40,5,FALSE,FALSE,NA,A,cc,cca8,64.369,cca8,338,24.337278106508876,cca8,190.375,1.0112881806108898,23.325989925897986,0.362379249730429
B,4,B4,9601,wc-cc1-40,5,FALSE,FALSE,NA,A,cc,cca6,71.597,cca6,280,34.28928571428571,cca6,190.375,1.0112881806108898,33.27799753367482,0.46479597655872207
B,5,B5,9554,wc-cc1-40,5,FALSE,FALSE,NA,A,cc,cca5,86.221,cca5,416,22.966346153846153,cca5,190.375,1.0112881806108898,21.955057973235263,0.25463701387405924
C,2,C2,8866,wc-cc1-40,5,FALSE,FALSE,NA,B,cc,ccb10,76.008,ccb10,424,20.910377358490567,ccb10,190.375,1.0112881806108898,19.899089177879677,0.26180256259709084
C,3,C3,501,wc-cc1-40,5,FALSE,FALSE,NA,B,cc,ccb12,26.738,ccb12,212,2.3632075471698113,ccb12,190.375,1.0112881806108898,1.3519193665589215,0.050561723635235305
C,4,C4,6430,wc-cc1-40,5,FALSE,FALSE,NA,B,cc,ccb9,66.71,ccb9,243,26.46090534979424,ccb9,190.375,1.0112881806108898,25.449617169183348,0.38149628495253113
C,5,C5,757,wc-cc1-40,5,FALSE,FALSE,NA,B,cc,ccb11,55.445,ccb11,218,3.4724770642201834,ccb11,190.375,1.0112881806108898,2.4611888836092937,0.04438973547856964
D,2,D2,8066,wc-cc1-40,5,FALSE,FALSE,NA,B,cc,ccb14,62.265,ccb14,232,34.76724137931034,ccb14,190.375,1.0112881806108898,33.75595319869945,0.5421336737926515
D,3,D3,7733,wc-cc1-40,5,FALSE,FALSE,NA,B,cc,ccb15,56.565,ccb15,240,32.22083333333333,ccb15,190.375,1.0112881806108898,31.20954515272244,0.5517465774369742
D,4,D4,8443,wc-cc1-40,5,FALSE,FALSE,NA,B,cc,ccb13,60.603,ccb13,236,35.77542372881356,ccb13,190.375,1.0112881806108898,34.76413554820267,0.5736372052242078
D,5,D5,8509,wc-cc1-40,5,FALSE,FALSE,NA,B,cc,ccb16,62.435,ccb16,254,33.5,ccb16,190.375,1.0112881806108898,32.48871181938911,0.5203605640968865
A,2,A2,9263,wc-cc1-40,6,FALSE,FALSE,NA,A,cc,cca3,74.99,cca3,327,28.327217125382262,cca3,191.375,1.0166002656042497,27.310616859778012,0.3641901168126152
A,3,A3,9084,wc-cc1-40,6,FALSE,FALSE,NA,A,cc,cca2,82.659,cca2,313,29.022364217252395,cca2,191.375,1.0166002656042497,28.005763951648145,0.3388108246125424
A,4,A4,5071,wc-cc1-40,6,FALSE,FALSE,NA,A,cc,cca1,59.449,cca1,223,22.739910313901344,cca1,191.375,1.0166002656042497,21.723310048297094,0.36541085717669086
A,5,A5,8553,wc-cc1-40,6,FALSE,FALSE,NA,A,cc,cca4,57.379,cca4,861,9.933797909407666,cca4,191.375,1.0166002656042497,8.917197643803416,0.15540873218082255
B,2,B2,3464,wc-cc1-40,6,FALSE,FALSE,NA,A,cc,cca7,46.487,cca7,215,16.111627906976743,cca7,191.375,1.0166002656042497,15.095027641372493,0.3247150308983693
B,3,B3,8295,wc-cc1-40,6,FALSE,FALSE,NA,A,cc,cca8,64.369,cca8,338,24.541420118343197,cca8,191.375,1.0166002656042497,23.524819852738947,0.3654681578514339
B,4,B4,9577,wc-cc1-40,6,FALSE,FALSE,NA,A,cc,cca6,71.597,cca6,280,34.20357142857143,cca6,191.375,1.0166002656042497,33.18697116296718,0.463524605262332
B,5,B5,9668,wc-cc1-40,6,FALSE,FALSE,NA,A,cc,cca5,86.221,cca5,416,23.240384615384617,cca5,191.375,1.0166002656042497,22.223784349780367,0.2577537299472329
C,2,C2,8990,wc-cc1-40,6,FALSE,FALSE,NA,B,cc,ccb10,76.008,ccb10,424,21.202830188679247,ccb10,191.375,1.0166002656042497,20.186229923074997,0.265580332637025
C,3,C3,569,wc-cc1-40,6,FALSE,FALSE,NA,B,cc,ccb12,26.738,ccb12,212,2.6839622641509435,ccb12,191.375,1.0166002656042497,1.6673619985466939,0.06235926391452965
C,4,C4,6803,wc-cc1-40,6,FALSE,FALSE,NA,B,cc,ccb9,66.71,ccb9,243,27.995884773662553,ccb9,191.375,1.0166002656042497,26.979284508058303,0.40442639046707096
C,5,C5,882,wc-cc1-40,6,FALSE,FALSE,NA,B,cc,ccb11,55.445,ccb11,218,4.045871559633028,ccb11,191.375,1.0166002656042497,3.0292712940287783,0.05463560815274197
D,2,D2,8158,wc-cc1-40,6,FALSE,FALSE,NA,B,cc,ccb14,62.265,ccb14,232,35.16379310344828,ccb14,191.375,1.0166002656042497,34.14719283784403,0.5484171338287004
D,3,D3,7790,wc-cc1-40,6,FALSE,FALSE,NA,B,cc,ccb15,56.565,ccb15,240,32.458333333333336,ccb15,191.375,1.0166002656042497,31.441733067729086,0.5558513757222503
D,4,D4,8398,wc-cc1-40,6,FALSE,FALSE,NA,B,cc,ccb13,60.603,ccb13,236,35.58474576271186,ccb13,191.375,1.0166002656042497,34.568145497107615,0.5704032060641818
D,5,D5,8468,wc-cc1-40,6,FALSE,FALSE,NA,B,cc,ccb16,62.435,ccb16,254,33.338582677165356,ccb16,191.375,1.0166002656042497,32.32198241156111,0.5176901163059359
A,2,A2,214,wc-cc2-40,0,FALSE,FALSE,NA,C,cc,ccc4,64.296,ccc4,214,1,ccc4,176.25,0.9362549800796812,0.06374501992031878,9.91430569869335e-4
A,3,A3,386,wc-cc2-40,0,FALSE,FALSE,NA,C,cc,ccc3,59.83,ccc3,386,1,ccc3,176.25,0.9362549800796812,0.06374501992031878,0.00106543573324952
A,4,A4,229,wc-cc2-40,0,FALSE,FALSE,NA,C,cc,ccc1,60.476,ccc1,229,1,ccc1,176.25,0.9362549800796812,0.06374501992031878,0.0010540548303511936
A,5,A5,216,wc-cc2-40,0,FALSE,FALSE,NA,C,cc,ccc2,58.172,ccc2,216,1,ccc2,176.25,0.9362549800796812,0.06374501992031878,0.0010958024465433332
B,2,B2,352,wc-cc2-40,0,FALSE,FALSE,NA,C,cc,ccc7,65.532,ccc7,352,1,ccc7,176.25,0.9362549800796812,0.06374501992031878,9.72731183548782e-4
B,3,B3,228,wc-cc2-40,0,FALSE,FALSE,NA,C,cc,ccc8,51.347,ccc8,228,1,ccc8,176.25,0.9362549800796812,0.06374501992031878,0.0012414555849478797
B,4,B4,279,wc-cc2-40,0,FALSE,FALSE,NA,C,cc,ccc6,40.504,ccc6,279,1,ccc6,176.25,0.9362549800796812,0.06374501992031878,0.0015737956725340406
B,5,B5,228,wc-cc2-40,0,FALSE,FALSE,NA,C,cc,ccc5,32.527,ccc5,228,1,ccc5,176.25,0.9362549800796812,0.06374501992031878,0.0019597571224004295
C,2,C2,233,wc-cc2-40,0,FALSE,FALSE,NA,D,cc,ccd12,78.593,ccd12,233,1,ccd12,176.25,0.9362549800796812,0.06374501992031878,8.110775758695912e-4
C,3,C3,209,wc-cc2-40,0,FALSE,FALSE,NA,D,cc,ccd11,57.049,ccd11,209,1,ccd11,176.25,0.9362549800796812,0.06374501992031878,0.0011173731339781377
C,4,C4,291,wc-cc2-40,0,FALSE,FALSE,NA,D,cc,ccd9,77.245,ccd9,291,1,ccd9,176.25,0.9362549800796812,0.06374501992031878,8.252316644484274e-4
C,5,C5,229,wc-cc2-40,0,FALSE,FALSE,NA,D,cc,ccd10,64.352,ccd10,229,1,ccd10,176.25,0.9362549800796812,0.06374501992031878,9.905678132819302e-4
D,2,D2,204,wc-cc2-40,0,FALSE,FALSE,NA,D,cc,ccd16,55.841,ccd16,204,1,ccd16,176.25,0.9362549800796812,0.06374501992031878,0.001141545099842746
D,3,D3,228,wc-cc2-40,0,FALSE,FALSE,NA,D,cc,ccd14,51.15,ccd14,228,1,ccd14,176.25,0.9362549800796812,0.06374501992031878,0.0012462369485888324
D,4,D4,283,wc-cc2-40,0,FALSE,FALSE,NA,D,cc,ccd15,78.031,ccd15,283,1,ccd15,176.25,0.9362549800796812,0.06374501992031878,8.169191721279848e-4
D,5,D5,267,wc-cc2-40,0,FALSE,FALSE,NA,D,cc,ccd13,91.374,ccd13,267,1,ccd13,176.25,0.9362549800796812,0.06374501992031878,6.976275518234814e-4
A,2,A2,603,wc-cc2-40,1,FALSE,FALSE,NA,C,cc,ccc4,64.296,ccc4,214,2.817757009345794,ccc4,181.25,0.9628154050464808,1.8549416042993134,0.028850031173001636
A,3,A3,3402,wc-cc2-40,1,FALSE,FALSE,NA,C,cc,ccc3,59.83,ccc3,386,8.813471502590673,ccc3,181.25,0.9628154050464808,7.850656097544192,0.13121604709249862
A,4,A4,1632,wc-cc2-40,1,FALSE,FALSE,NA,C,cc,ccc1,60.476,ccc1,229,7.126637554585153,ccc1,181.25,0.9628154050464808,6.163822149538672,0.10192178962792962
A,5,A5,2043,wc-cc2-40,1,FALSE,FALSE,NA,C,cc,ccc2,58.172,ccc2,216,9.458333333333334,ccc2,181.25,0.9628154050464808,8.495517928286853,0.1460413588717399
B,2,B2,3727,wc-cc2-40,1,FALSE,FALSE,NA,C,cc,ccc7,65.532,ccc7,352,10.588068181818182,ccc7,181.25,0.9628154050464808,9.6252527767717,0.14687866655636486
B,3,B3,1862,wc-cc2-40,1,FALSE,FALSE,NA,C,cc,ccc8,51.347,ccc8,228,8.166666666666666,ccc8,181.25,0.9628154050464808,7.203851261620185,0.14029741292812015
B,4,B4,1782,wc-cc2-40,1,FALSE,FALSE,NA,C,cc,ccc6,40.504,ccc6,279,6.387096774193548,ccc6,181.25,0.9628154050464808,5.424281369147067,0.13391964668050235
B,5,B5,1202,wc-cc2-40,1,FALSE,FALSE,NA,C,cc,ccc5,32.527,ccc5,228,5.271929824561403,ccc5,181.25,0.9628154050464808,4.3091144195149225,0.13247807727472322
C,2,C2,333,wc-cc2-40,1,FALSE,FALSE,NA,D,cc,ccd12,78.593,ccd12,233,1.4291845493562232,ccd12,181.25,0.9628154050464808,0.4663691443097424,0.005933978144487962
C,3,C3,1349,wc-cc2-40,1,FALSE,FALSE,NA,D,cc,ccd11,57.049,ccd11,209,6.454545454545454,ccd11,181.25,0.9628154050464808,5.491730049498973,0.09626338848181341
C,4,C4,442,wc-cc2-40,1,FALSE,FALSE,NA,D,cc,ccd9,77.245,ccd9,291,1.5189003436426116,ccd9,181.25,0.9628154050464808,0.5560849385961308,0.007198976485159309
C,5,C5,1856,wc-cc2-40,1,FALSE,FALSE,NA,D,cc,ccd10,64.352,ccd10,229,8.104803493449781,ccd10,181.25,0.9628154050464808,7.1419880884033,0.11098315652043915
D,2,D2,1179,wc-cc2-40,1,FALSE,FALSE,NA,D,cc,ccd16,55.841,ccd16,204,5.779411764705882,ccd16,181.25,0.9628154050464808,4.8165963596594015,0.086255553440293
D,3,D3,1454,wc-cc2-40,1,FALSE,FALSE,NA,D,cc,ccd14,51.15,ccd14,228,6.37719298245614,ccd14,181.25,0.9628154050464808,5.41437757740966,0.10585293406470499
D,4,D4,2793,wc-cc2-40,1,FALSE,FALSE,NA,D,cc,ccd15,78.031,ccd15,283,9.869257950530036,ccd15,181.25,0.9628154050464808,8.906442545483555,0.11413979758664575
D,5,D5,3247,wc-cc2-40,1,FALSE,FALSE,NA,D,cc,ccd13,91.374,ccd13,267,12.161048689138577,ccd13,181.25,0.9628154050464808,11.198233284092096,0.12255382585956723
A,2,A2,3192,wc-cc2-40,2,FALSE,FALSE,NA,C,cc,ccc4,64.296,ccc4,214,14.91588785046729,ccc4,183.875,0.9767596281540505,13.939128222313238,0.2167961960668352
A,3,A3,4852,wc-cc2-40,2,FALSE,FALSE,NA,C,cc,ccc3,59.83,ccc3,386,12.569948186528498,ccc3,183.875,0.9767596281540505,11.593188558374447,0.19376882096564343
A,4,A4,3969,wc-cc2-40,2,FALSE,FALSE,NA,C,cc,ccc1,60.476,ccc1,229,17.33187772925764,ccc1,183.875,0.9767596281540505,16.355118101103592,0.2704398125058468
A,5,A5,2092,wc-cc2-40,2,FALSE,FALSE,NA,C,cc,ccc2,58.172,ccc2,216,9.685185185185185,ccc2,183.875,0.9767596281540505,8.708425557031134,0.14970132636029593
B,2,B2,5524,wc-cc2-40,2,FALSE,FALSE,NA,C,cc,ccc7,65.532,ccc7,352,15.693181818181818,ccc7,183.875,0.9767596281540505,14.716422190027767,0.22456848852511396
B,3,B3,2393,wc-cc2-40,2,FALSE,FALSE,NA,C,cc,ccc8,51.347,ccc8,228,10.49561403508772,ccc8,183.875,0.9767596281540505,9.518854406933668,0.185382873525886
B,4,B4,2519,wc-cc2-40,2,FALSE,FALSE,NA,C,cc,ccc6,40.504,ccc6,279,9.028673835125447,ccc6,183.875,0.9767596281540505,8.051914206971396,0.19879306258570503
B,5,B5,1483,wc-cc2-40,2,FALSE,FALSE,NA,C,cc,ccc5,32.527,ccc5,228,6.504385964912281,ccc5,183.875,0.9767596281540505,5.52762633675823,0.16993962974631013
C,2,C2,460,wc-cc2-40,2,FALSE,FALSE,NA,D,cc,ccd12,78.593,ccd12,233,1.9742489270386265,ccd12,183.875,0.9767596281540505,0.997489298884576,0.012691833864142812
C,3,C3,1895,wc-cc2-40,2,FALSE,FALSE,NA,D,cc,ccd11,57.049,ccd11,209,9.066985645933014,ccd11,183.875,0.9767596281540505,8.090226017778964,0.14181188132621017
C,4,C4,2548,wc-cc2-40,2,FALSE,FALSE,NA,D,cc,ccd9,77.245,ccd9,291,8.756013745704468,ccd9,183.875,0.9767596281540505,7.779254117550417,0.10070883704512158
C,5,C5,2608,wc-cc2-40,2,FALSE,FALSE,NA,D,cc,ccd10,64.352,ccd10,229,11.388646288209607,ccd10,183.875,0.9767596281540505,10.411886660055556,0.16179585187803883
D,2,D2,1468,wc-cc2-40,2,FALSE,FALSE,NA,D,cc,ccd16,55.841,ccd16,204,7.196078431372549,ccd16,183.875,0.9767596281540505,6.219318803218499,0.11137549118422842
D,3,D3,1482,wc-cc2-40,2,FALSE,FALSE,NA,D,cc,ccd14,51.15,ccd14,228,6.5,ccd14,183.875,0.9767596281540505,5.523240371845949,0.10798123894126978
D,4,D4,3413,wc-cc2-40,2,FALSE,FALSE,NA,D,cc,ccd15,78.031,ccd15,283,12.060070671378092,ccd15,183.875,0.9767596281540505,11.083311043224041,0.14203728060929682
D,5,D5,4527,wc-cc2-40,2,FALSE,FALSE,NA,D,cc,ccd13,91.374,ccd13,267,16.95505617977528,ccd13,183.875,0.9767596281540505,15.978296551621229,0.17486699226936797
A,2,A2,4347,wc-cc2-40,3,FALSE,FALSE,NA,C,cc,ccc4,64.296,ccc4,214,20.313084112149532,ccc4,185,0.9827357237715804,19.330348388377953,0.3006462048708777
A,3,A3,5408,wc-cc2-40,3,FALSE,FALSE,NA,C,cc,ccc3,59.83,ccc3,386,14.010362694300518,ccc3,185,0.9827357237715804,13.027626970528939,0.21774405767222027
A,4,A4,6254,wc-cc2-40,3,FALSE,FALSE,NA,C,cc,ccc1,60.476,ccc1,229,27.310043668122272,ccc1,185,0.9827357237715804,26.327307944350693,0.4353348095831519
A,5,A5,3381,wc-cc2-40,3,FALSE,FALSE,NA,C,cc,ccc2,58.172,ccc2,216,15.652777777777779,ccc2,185,0.9827357237715804,14.670042054006199,0.25218390383700406
B,2,B2,6460,wc-cc2-40,3,FALSE,FALSE,NA,C,cc,ccc7,65.532,ccc7,352,18.352272727272727,ccc7,185,0.9827357237715804,17.369537003501147,0.26505427887903843
B,3,B3,3026,wc-cc2-40,3,FALSE,FALSE,NA,C,cc,ccc8,51.347,ccc8,228,13.271929824561404,ccc8,185,0.9827357237715804,12.289194100789825,0.23933616571152794
B,4,B4,4088,wc-cc2-40,3,FALSE,FALSE,NA,C,cc,ccc6,40.504,ccc6,279,14.652329749103943,ccc6,185,0.9827357237715804,13.669594025332362,0.33748750803210453
B,5,B5,1758,wc-cc2-40,3,FALSE,FALSE,NA,C,cc,ccc5,32.527,ccc5,228,7.7105263157894735,ccc5,185,0.9827357237715804,6.727790592017893,0.20683710738825878
C,2,C2,563,wc-cc2-40,3,FALSE,FALSE,NA,D,cc,ccd12,78.593,ccd12,233,2.4163090128755367,ccd12,185,0.9827357237715804,1.4335732891039563,0.018240470386725997
C,3,C3,2803,wc-cc2-40,3,FALSE,FALSE,NA,D,cc,ccd11,57.049,ccd11,209,13.411483253588516,ccd11,185,0.9827357237715804,12.428747529816935,0.21786091833015364
C,4,C4,4636,wc-cc2-40,3,FALSE,FALSE,NA,D,cc,ccd9,77.245,ccd9,291,15.93127147766323,ccd9,185,0.9827357237715804,14.948535753891651,0.1935210790846223
C,5,C5,2860,wc-cc2-40,3,FALSE,FALSE,NA,D,cc,ccd10,64.352,ccd10,229,12.489082969432314,ccd10,185,0.9827357237715804,11.506347245660734,0.17880325779557332
D,2,D2,1634,wc-cc2-40,3,FALSE,FALSE,NA,D,cc,ccd16,55.841,ccd16,204,8.009803921568627,ccd16,185,0.9827357237715804,7.027068197797047,0.12584065825821614
D,3,D3,1578,wc-cc2-40,3,FALSE,FALSE,NA,D,cc,ccd14,51.15,ccd14,228,6.921052631578948,ccd14,185,0.9827357237715804,5.938316907807367,0.11609612722986055
D,4,D4,4202,wc-cc2-40,3,FALSE,FALSE,NA,D,cc,ccd15,78.031,ccd15,283,14.848056537102474,ccd15,185,0.9827357237715804,13.865320813330893,0.17768990290180686
D,5,D5,6129,wc-cc2-40,3,FALSE,FALSE,NA,D,cc,ccd13,91.374,ccd13,267,22.95505617977528,ccd13,185,0.9827357237715804,21.9723204560037,0.24046578300176966
A,2,A2,5045,wc-cc2-40,4,FALSE,FALSE,NA,C,cc,ccc4,64.296,ccc4,214,23.574766355140188,ccc4,185.5,0.9853917662682603,22.589374588871927,0.35133405793318284
A,3,A3,6123,wc-cc2-40,4,FALSE,FALSE,NA,C,cc,ccc3,59.83,ccc3,386,15.862694300518134,ccc3,185.5,0.9853917662682603,14.877302534249875,0.24865957770766964
A,4,A4,7507,wc-cc2-40,4,FALSE,FALSE,NA,C,cc,ccc1,60.476,ccc1,229,32.78165938864629,ccc1,185.5,0.9853917662682603,31.79626762237803,0.5257667111313253
A,5,A5,4156,wc-cc2-40,4,FALSE,FALSE,NA,C,cc,ccc2,58.172,ccc2,216,19.24074074074074,ccc2,185.5,0.9853917662682603,18.25534897447248,0.3138167670781902
B,2,B2,7037,wc-cc2-40,4,FALSE,FALSE,NA,C,cc,ccc7,65.532,ccc7,352,19.991477272727273,ccc7,185.5,0.9853917662682603,19.006085506459012,0.29002755152382065
B,3,B3,4607,wc-cc2-40,4,FALSE,FALSE,NA,C,cc,ccc8,51.347,ccc8,228,20.20614035087719,ccc8,185.5,0.9853917662682603,19.22074858460893,0.3743305078117306
B,4,B4,5888,wc-cc2-40,4,FALSE,FALSE,NA,C,cc,ccc6,40.504,ccc6,279,21.10394265232975,ccc6,185.5,0.9853917662682603,20.118550886061488,0.49670528555356236
B,5,B5,2154,wc-cc2-40,4,FALSE,FALSE,NA,C,cc,ccc5,32.527,ccc5,228,9.447368421052632,ccc5,185.5,0.9853917662682603,8.461976654784372,0.26015238585742223
C,2,C2,739,wc-cc2-40,4,FALSE,FALSE,NA,D,cc,ccd12,78.593,ccd12,233,3.171673819742489,ccd12,185.5,0.9853917662682603,2.186282053474229,0.027817770710804126
C,3,C3,4257,wc-cc2-40,4,FALSE,FALSE,NA,D,cc,ccd11,57.049,ccd11,209,20.36842105263158,ccd11,185.5,0.9853917662682603,19.383029286363318,0.3397610700689463
C,4,C4,7104,wc-cc2-40,4,FALSE,FALSE,NA,D,cc,ccd9,77.245,ccd9,291,24.412371134020617,ccd9,185.5,0.9853917662682603,23.426979367752356,0.30328149870868476
C,5,C5,3075,wc-cc2-40,4,FALSE,FALSE,NA,D,cc,ccd10,64.352,ccd10,229,13.427947598253276,ccd10,185.5,0.9853917662682603,12.442555831985015,0.19335150161587852
D,2,D2,1856,wc-cc2-40,4,FALSE,FALSE,NA,D,cc,ccd16,55.841,ccd16,204,9.098039215686274,ccd16,185.5,0.9853917662682603,8.112647449418013,0.14528119928758462
D,3,D3,1713,wc-cc2-40,4,FALSE,FALSE,NA,D,cc,ccd14,51.15,ccd14,228,7.5131578947368425,ccd14,185.5,0.9853917662682603,6.527766128468582,0.12762006116263114
D,4,D4,4874,wc-cc2-40,4,FALSE,FALSE,NA,D,cc,ccd15,78.031,ccd15,283,17.2226148409894,ccd15,185.5,0.9853917662682603,16.23722307472114,0.20808682542478166
D,5,D5,6923,wc-cc2-40,4,FALSE,FALSE,NA,D,cc,ccd13,91.374,ccd13,267,25.928838951310862,ccd13,185.5,0.9853917662682603,24.9434471850426,0.2729818896517894
A,2,A2,6788,wc-cc2-40,5,FALSE,FALSE,NA,C,cc,ccc4,64.296,ccc4,214,31.7196261682243,ccc4,187.125,0.9940239043824701,30.72560226384183,0.4778773526166764
A,3,A3,7619,wc-cc2-40,5,FALSE,FALSE,NA,C,cc,ccc3,59.83,ccc3,386,19.738341968911918,ccc3,187.125,0.9940239043824701,18.74431806452945,0.3132929644748362
A,4,A4,8385,wc-cc2-40,5,FALSE,FALSE,NA,C,cc,ccc1,60.476,ccc1,229,36.61572052401747,ccc1,187.125,0.9940239043824701,35.621696619634996,0.5890220355121866
A,5,A5,5232,wc-cc2-40,5,FALSE,FALSE,NA,C,cc,ccc2,58.172,ccc2,216,24.22222222222222,ccc2,187.125,0.9940239043824701,23.22819831783975,0.39930204080725695
B,2,B2,7245,wc-cc2-40,5,FALSE,FALSE,NA,C,cc,ccc7,65.532,ccc7,352,20.582386363636363,ccc7,187.125,0.9940239043824701,19.588362459253894,0.29891293504324445
B,3,B3,6366,wc-cc2-40,5,FALSE,FALSE,NA,C,cc,ccc8,51.347,ccc8,228,27.92105263157895,ccc8,187.125,0.9940239043824701,26.92702872719648,0.5244128912535587
B,4,B4,6867,wc-cc2-40,5,FALSE,FALSE,NA,C,cc,ccc6,40.504,ccc6,279,24.612903225806452,ccc6,187.125,0.9940239043824701,23.618879321423982,0.5831246129128971
B,5,B5,2732,wc-cc2-40,5,FALSE,FALSE,NA,C,cc,ccc5,32.527,ccc5,228,11.982456140350877,ccc5,187.125,0.9940239043824701,10.988432235968407,0.33782495268449003
C,2,C2,1980,wc-cc2-40,5,FALSE,FALSE,NA,D,cc,ccd12,78.593,ccd12,233,8.49785407725322,ccd12,187.125,0.9940239043824701,7.5038301728707495,0.09547708031085146
C,3,C3,6072,wc-cc2-40,5,FALSE,FALSE,NA,D,cc,ccd11,57.049,ccd11,209,29.05263157894737,ccd11,187.125,0.9940239043824701,28.0586076745649,0.491833470780643
C,4,C4,8847,wc-cc2-40,5,FALSE,FALSE,NA,D,cc,ccd9,77.245,ccd9,291,30.4020618556701,ccd9,187.125,0.9940239043824701,29.408037951287632,0.38071121692391263
C,5,C5,3283,wc-cc2-40,5,FALSE,FALSE,NA,D,cc,ccd10,64.352,ccd10,229,14.336244541484715,ccd10,187.125,0.9940239043824701,13.342220637102246,0.20733187215785437
D,2,D2,2371,wc-cc2-40,5,FALSE,FALSE,NA,D,cc,ccd16,55.841,ccd16,204,11.622549019607844,ccd16,187.125,0.9940239043824701,10.628525115225374,0.19033550823275683
D,3,D3,3289,wc-cc2-40,5,FALSE,FALSE,NA,D,cc,ccd14,51.15,ccd14,228,14.425438596491228,ccd14,187.125,0.9940239043824701,13.431414692108758,0.2625887525338956
D,4,D4,5961,wc-cc2-40,5,FALSE,FALSE,NA,D,cc,ccd15,78.031,ccd15,283,21.063604240282686,ccd15,187.125,0.9940239043824701,20.069580335900216,0.25720009144955486
D,5,D5,8377,wc-cc2-40,5,FALSE,FALSE,NA,D,cc,ccd13,91.374,ccd13,267,31.374531835205993,ccd13,187.125,0.9940239043824701,30.380507930823523,0.33248525763153114
A,2,A2,7427,wc-cc2-40,6,FALSE,FALSE,NA,C,cc,ccc4,64.296,ccc4,214,34.705607476635514,ccc4,188,0.99867197875166,33.706935497883855,0.5242462283483241
A,3,A3,7619,wc-cc2-40,6,FALSE,FALSE,NA,C,cc,ccc3,59.83,ccc3,386,19.738341968911918,ccc3,188,0.99867197875166,18.73966999016026,0.3132152764526201
A,4,A4,8708,wc-cc2-40,6,FALSE,FALSE,NA,C,cc,ccc1,60.476,ccc1,229,38.02620087336245,ccc1,188,0.99867197875166,37.02752889461079,0.6122681542200342
A,5,A5,5827,wc-cc2-40,6,FALSE,FALSE,NA,C,cc,ccc2,58.172,ccc2,216,26.97685185185185,ccc2,188,0.99867197875166,25.978179873100192,0.44657532615519824
B,2,B2,7459,wc-cc2-40,6,FALSE,FALSE,NA,C,cc,ccc7,65.532,ccc7,352,21.19034090909091,ccc7,188,0.99867197875166,20.19166893033925,0.3081192231328092
B,3,B3,6828,wc-cc2-40,6,FALSE,FALSE,NA,C,cc,ccc8,51.347,ccc8,228,29.94736842105263,ccc8,188,0.99867197875166,28.94869644230097,0.5637855462305679
B,4,B4,7265,wc-cc2-40,6,FALSE,FALSE,NA,C,cc,ccc6,40.504,ccc6,279,26.03942652329749,ccc6,188,0.99867197875166,25.04075454454583,0.618229175996095
B,5,B5,3114,wc-cc2-40,6,FALSE,FALSE,NA,C,cc,ccc5,32.527,ccc5,228,13.657894736842104,ccc5,188,0.99867197875166,12.659222758090444,0.3891912183137222
C,2,C2,3772,wc-cc2-40,6,FALSE,FALSE,NA,D,cc,ccd12,78.593,ccd12,233,16.188841201716738,ccd12,188,0.99867197875166,15.190169222965078,0.19327636332707845
C,3,C3,7049,wc-cc2-40,6,FALSE,FALSE,NA,D,cc,ccd11,57.049,ccd11,209,33.72727272727273,ccd11,188,0.99867197875166,32.72860074852107,0.5736928035289149
C,4,C4,9121,wc-cc2-40,6,FALSE,FALSE,NA,D,cc,ccd9,77.245,ccd9,291,31.343642611683848,ccd9,188,0.99867197875166,30.34497063293219,0.392840580399148
C,5,C5,3394,wc-cc2-40,6,FALSE,FALSE,NA,D,cc,ccd10,64.352,ccd10,229,14.820960698689957,ccd10,188,0.99867197875166,13.822288719938296,0.21479190576731563
D,2,D2,2573,wc-cc2-40,6,FALSE,FALSE,NA,D,cc,ccd16,55.841,ccd16,204,12.612745098039216,ccd16,188,0.99867197875166,11.614073119287557,0.20798469080581575
D,3,D3,4071,wc-cc2-40,6,FALSE,FALSE,NA,D,cc,ccd14,51.15,ccd14,228,17.855263157894736,ccd14,188,0.99867197875166,16.856591179143077,0.3295521247144297
D,4,D4,6533,wc-cc2-40,6,FALSE,FALSE,NA,D,cc,ccd15,78.031,ccd15,283,23.084805653710248,ccd15,188,0.99867197875166,22.08613367495859,0.28304306845944033
D,5,D5,8801,wc-cc2-40,6,FALSE,FALSE,NA,D,cc,ccd13,91.374,ccd13,267,32.9625468164794,ccd13,188,0.99867197875166,31.963874837727744,0.3498136760755548
A,2,A2,297,wc-cp1-40,0,FALSE,FALSE,NA,A,cp,cpa4,55.742,cpa4,297,1,cpa4,176.5,0.9375830013280213,0.062416998671978696,0.001119748101467093
A,3,A3,238,wc-cp1-40,0,FALSE,FALSE,NA,A,cp,cpa2,52.816,cpa2,238,1,cpa2,176.5,0.9375830013280213,0.062416998671978696,0.0011817820106024442
A,4,A4,336,wc-cp1-40,0,FALSE,FALSE,NA,A,cp,cpa3,58.581,cpa3,336,1,cpa3,176.5,0.9375830013280213,0.062416998671978696,0.0010654819595428328
A,5,A5,268,wc-cp1-40,0,FALSE,FALSE,NA,A,cp,cpa1,65.679,cpa1,268,1,cpa1,176.5,0.9375830013280213,0.062416998671978696,9.503341809707623e-4
B,2,B2,192,wc-cp1-40,0,FALSE,FALSE,NA,A,cp,cpa5,59.566,cpa5,192,1,cpa5,176.5,0.9375830013280213,0.062416998671978696,0.0010478628524993904
B,3,B3,207,wc-cp1-40,0,FALSE,FALSE,NA,A,cp,cpa8,51.193,cpa8,207,1,cpa8,176.5,0.9375830013280213,0.062416998671978696,0.0012192486994702146
B,4,B4,268,wc-cp1-40,0,FALSE,FALSE,NA,A,cp,cpa6,40.85,cpa6,268,1,cpa6,176.5,0.9375830013280213,0.062416998671978696,0.0015279559038428078
B,5,B5,244,wc-cp1-40,0,FALSE,FALSE,NA,A,cp,cpa7,66.259,cpa7,244,1,cpa7,176.5,0.9375830013280213,0.062416998671978696,9.420154042768333e-4
C,2,C2,217,wc-cp1-40,0,FALSE,FALSE,NA,B,cp,cpb10,78.166,cpb10,217,1,cpb10,176.5,0.9375830013280213,0.062416998671978696,7.985185204817785e-4
C,3,C3,249,wc-cp1-40,0,FALSE,FALSE,NA,B,cp,cpb9,69.475,cpb9,249,1,cpb9,176.5,0.9375830013280213,0.062416998671978696,8.984094807049831e-4
C,4,C4,234,wc-cp1-40,0,FALSE,FALSE,NA,B,cp,cpb11,59.132,cpb11,234,1,cpb11,176.5,0.9375830013280213,0.062416998671978696,0.001055553654061738
C,5,C5,223,wc-cp1-40,0,FALSE,FALSE,NA,B,cp,cpb12,77.152,cpb12,223,1,cpb12,176.5,0.9375830013280213,0.062416998671978696,8.090133589794004e-4
D,2,D2,224,wc-cp1-40,0,FALSE,FALSE,NA,B,cp,cpb13,52.033,cpb13,224,1,cpb13,176.5,0.9375830013280213,0.062416998671978696,0.0011995656347313954
D,3,D3,261,wc-cp1-40,0,FALSE,FALSE,NA,B,cp,cpb15,62,cpb15,261,1,cpb15,176.5,0.9375830013280213,0.062416998671978696,0.0010067257850319145
D,4,D4,250,wc-cp1-40,0,FALSE,FALSE,NA,B,cp,cpb14,67.475,cpb14,250,1,cpb14,176.5,0.9375830013280213,0.062416998671978696,9.250388836158385e-4
D,5,D5,213,wc-cp1-40,0,FALSE,FALSE,NA,B,cp,cpb16,66.085,cpb16,213,1,cpb16,176.5,0.9375830013280213,0.062416998671978696,9.444957051067368e-4
A,2,A2,2588,wc-cp1-40,1,FALSE,FALSE,NA,A,cp,cpa4,55.742,cpa4,297,8.713804713804715,cpa4,181.75,0.9654714475431607,7.748333266261554,0.13900350303651743
A,3,A3,3371,wc-cp1-40,1,FALSE,FALSE,NA,A,cp,cpa2,52.816,cpa2,238,14.163865546218487,cpa2,181.75,0.9654714475431607,13.198394098675326,0.24989385979012657
A,4,A4,3853,wc-cp1-40,1,FALSE,FALSE,NA,A,cp,cpa3,58.581,cpa3,336,11.467261904761905,cpa3,181.75,0.9654714475431607,10.501790457218744,0.17926956619413706
A,5,A5,3026,wc-cp1-40,1,FALSE,FALSE,NA,A,cp,cpa1,65.679,cpa1,268,11.291044776119403,cpa1,181.75,0.9654714475431607,10.325573328576242,0.1572127061705605
B,2,B2,1654,wc-cp1-40,1,FALSE,FALSE,NA,A,cp,cpa5,59.566,cpa5,192,8.614583333333334,cpa5,181.75,0.9654714475431607,7.649111885790173,0.12841405979569173
B,3,B3,978,wc-cp1-40,1,FALSE,FALSE,NA,A,cp,cpa8,51.193,cpa8,207,4.72463768115942,cpa8,181.75,0.9654714475431607,3.7591662336162592,0.07343125492970248
B,4,B4,1494,wc-cp1-40,1,FALSE,FALSE,NA,A,cp,cpa6,40.85,cpa6,268,5.574626865671642,cpa6,181.75,0.9654714475431607,4.6091554181284815,0.11283122198600934
B,5,B5,2396,wc-cp1-40,1,FALSE,FALSE,NA,A,cp,cpa7,66.259,cpa7,244,9.819672131147541,cpa7,181.75,0.9654714475431607,8.85420068360438,0.13363015867435943
C,2,C2,1932,wc-cp1-40,1,FALSE,FALSE,NA,B,cp,cpb10,78.166,cpb10,217,8.903225806451612,cpb10,181.75,0.9654714475431607,7.937754358908451,0.10154996237377442
C,3,C3,1860,wc-cp1-40,1,FALSE,FALSE,NA,B,cp,cpb9,69.475,cpb9,249,7.469879518072289,cpb9,181.75,0.9654714475431607,6.504408070529128,0.09362228241135845
C,4,C4,1792,wc-cp1-40,1,FALSE,FALSE,NA,B,cp,cpb11,59.132,cpb11,234,7.6581196581196584,cpb11,181.75,0.9654714475431607,6.692648210576498,0.11318149581574272
C,5,C5,1457,wc-cp1-40,1,FALSE,FALSE,NA,B,cp,cpb12,77.152,cpb12,223,6.533632286995516,cpb12,181.75,0.9654714475431607,5.568160839452355,0.07217130909700792
D,2,D2,1946,wc-cp1-40,1,FALSE,FALSE,NA,B,cp,cpb13,52.033,cpb13,224,8.6875,cpb13,181.75,0.9654714475431607,7.722028552456839,0.14840636812132377
D,3,D3,3225,wc-cp1-40,1,FALSE,FALSE,NA,B,cp,cpb15,62,cpb15,261,12.35632183908046,cpb15,181.75,0.9654714475431607,11.390850391537299,0.18372339341189192
D,4,D4,3129,wc-cp1-40,1,FALSE,FALSE,NA,B,cp,cpb14,67.475,cpb14,250,12.516,cpb14,181.75,0.9654714475431607,11.55052855245684,0.1711823423854293
D,5,D5,281,wc-cp1-40,1,FALSE,FALSE,NA,B,cp,cpb16,66.085,cpb16,213,1.3192488262910798,cpb16,181.75,0.9654714475431607,0.35377737874791904,0.005353368824210019
A,2,A2,4052,wc-cp1-40,2,FALSE,FALSE,NA,A,cp,cpa4,55.742,cpa4,297,13.643097643097644,cpa4,183.125,0.9727755644090306,12.670322078688613,0.2273029686535936
A,3,A3,4685,wc-cp1-40,2,FALSE,FALSE,NA,A,cp,cpa2,52.816,cpa2,238,19.68487394957983,cpa2,183.125,0.9727755644090306,18.7120983851708,0.3542884426153211
A,4,A4,6905,wc-cp1-40,2,FALSE,FALSE,NA,A,cp,cpa3,58.581,cpa3,336,20.550595238095237,cpa3,183.125,0.9727755644090306,19.577819673686207,0.334200844534682
A,5,A5,4716,wc-cp1-40,2,FALSE,FALSE,NA,A,cp,cpa1,65.679,cpa1,268,17.597014925373134,cpa1,183.125,0.9727755644090306,16.624239360964104,0.2531134664194659
B,2,B2,2901,wc-cp1-40,2,FALSE,FALSE,NA,A,cp,cpa5,59.566,cpa5,192,15.109375,cpa5,183.125,0.9727755644090306,14.13659943559097,0.23732665338600828
B,3,B3,1683,wc-cp1-40,2,FALSE,FALSE,NA,A,cp,cpa8,51.193,cpa8,207,8.130434782608695,cpa8,183.125,0.9727755644090306,7.157659218199665,0.1398171472310602
B,4,B4,1943,wc-cp1-40,2,FALSE,FALSE,NA,A,cp,cpa6,40.85,cpa6,268,7.25,cpa6,183.125,0.9727755644090306,6.27722443559097,0.15366522486146805
B,5,B5,2574,wc-cp1-40,2,FALSE,FALSE,NA,A,cp,cpa7,66.259,cpa7,244,10.549180327868852,cpa7,183.125,0.9727755644090306,9.576404763459822,0.14452987161683425
C,2,C2,2752,wc-cp1-40,2,FALSE,FALSE,NA,B,cp,cpb10,78.166,cpb10,217,12.682027649769585,cpb10,183.125,0.9727755644090306,11.709252085360555,0.14979981175140797
C,3,C3,2168,wc-cp1-40,2,FALSE,FALSE,NA,B,cp,cpb9,69.475,cpb9,249,8.706827309236948,cpb9,183.125,0.9727755644090306,7.734051744827918,0.1113213637254828
C,4,C4,2652,wc-cp1-40,2,FALSE,FALSE,NA,B,cp,cpb11,59.132,cpb11,234,11.333333333333334,cpb11,183.125,0.9727755644090306,10.360557768924304,0.17521067728005654
C,5,C5,2200,wc-cp1-40,2,FALSE,FALSE,NA,B,cp,cpb12,77.152,cpb12,223,9.865470852017937,cpb12,183.125,0.9727755644090306,8.892695287608907,0.1152620189704597
D,2,D2,3351,wc-cp1-40,2,FALSE,FALSE,NA,B,cp,cpb13,52.033,cpb13,224,14.959821428571429,cpb13,183.125,0.9727755644090306,13.987045864162399,0.2688110595999154
D,3,D3,4378,wc-cp1-40,2,FALSE,FALSE,NA,B,cp,cpb15,62,cpb15,261,16.773946360153257,cpb15,183.125,0.9727755644090306,15.801170795744227,0.25485759347974557
D,4,D4,5971,wc-cp1-40,2,FALSE,FALSE,NA,B,cp,cpb14,67.475,cpb14,250,23.884,cpb14,183.125,0.9727755644090306,22.91122443559097,0.33955130693725044
D,5,D5,316,wc-cp1-40,2,FALSE,FALSE,NA,B,cp,cpb16,66.085,cpb16,213,1.483568075117371,cpb16,183.125,0.9727755644090306,0.5107925107083404,0.0077293260302389415
A,2,A2,5007,wc-cp1-40,3,FALSE,FALSE,NA,A,cp,cpa4,55.742,cpa4,297,16.858585858585858,cpa4,184.25,0.9787516600265604,15.879834198559298,0.2848809550887894
A,3,A3,6229,wc-cp1-40,3,FALSE,FALSE,NA,A,cp,cpa2,52.816,cpa2,238,26.172268907563026,cpa2,184.25,0.9787516600265604,25.193517247536466,0.47700540077886366
A,4,A4,7821,wc-cp1-40,3,FALSE,FALSE,NA,A,cp,cpa3,58.581,cpa3,336,23.276785714285715,cpa3,184.25,0.9787516600265604,22.298034054259155,0.3806359409067642
A,5,A5,6422,wc-cp1-40,3,FALSE,FALSE,NA,A,cp,cpa1,65.679,cpa1,268,23.96268656716418,cpa1,184.25,0.9787516600265604,22.98393490713762,0.3499434356055607
B,2,B2,3760,wc-cp1-40,3,FALSE,FALSE,NA,A,cp,cpa5,59.566,cpa5,192,19.583333333333332,cpa5,184.25,0.9787516600265604,18.60458167330677,0.3123355886463212
B,3,B3,2156,wc-cp1-40,3,FALSE,FALSE,NA,A,cp,cpa8,51.193,cpa8,207,10.415458937198068,cpa8,184.25,0.9787516600265604,9.436707277171507,0.18433589117987825
B,4,B4,2521,wc-cp1-40,3,FALSE,FALSE,NA,A,cp,cpa6,40.85,cpa6,268,9.406716417910447,cpa6,184.25,0.9787516600265604,8.427964757883887,0.2063149267535835
B,5,B5,3791,wc-cp1-40,3,FALSE,FALSE,NA,A,cp,cpa7,66.259,cpa7,244,15.53688524590164,cpa7,184.25,0.9787516600265604,14.55813358587508,0.21971556446482862
C,2,C2,3629,wc-cp1-40,3,FALSE,FALSE,NA,B,cp,cpb10,78.166,cpb10,217,16.723502304147466,cpb10,184.25,0.9787516600265604,15.744750644120906,0.20142709930303337
C,3,C3,2381,wc-cp1-40,3,FALSE,FALSE,NA,B,cp,cpb9,69.475,cpb9,249,9.562248995983936,cpb9,184.25,0.9787516600265604,8.583497335957375,0.12354800051755849
C,4,C4,4143,wc-cp1-40,3,FALSE,FALSE,NA,B,cp,cpb11,59.132,cpb11,234,17.705128205128204,cpb11,184.25,0.9787516600265604,16.726376545101644,0.2828650569083008
C,5,C5,2883,wc-cp1-40,3,FALSE,FALSE,NA,B,cp,cpb12,77.152,cpb12,223,12.928251121076233,cpb12,184.25,0.9787516600265604,11.949499461049673,0.1548825624876824
D,2,D2,4332,wc-cp1-40,3,FALSE,FALSE,NA,B,cp,cpb13,52.033,cpb13,224,19.339285714285715,cpb13,184.25,0.9787516600265604,18.360534054259155,0.35286326089710673
D,3,D3,5415,wc-cp1-40,3,FALSE,FALSE,NA,B,cp,cpb15,62,cpb15,261,20.74712643678161,cpb15,184.25,0.9787516600265604,19.76837477675505,0.3188447544637911
D,4,D4,6919,wc-cp1-40,3,FALSE,FALSE,NA,B,cp,cpb14,67.475,cpb14,250,27.676,cpb14,184.25,0.9787516600265604,26.697248339973438,0.3956613314557012
D,5,D5,366,wc-cp1-40,3,FALSE,FALSE,NA,B,cp,cpb16,66.085,cpb16,213,1.7183098591549295,cpb16,184.25,0.9787516600265604,0.7395581991283691,0.01119101458921645
A,2,A2,5506,wc-cp1-40,4,FALSE,FALSE,NA,A,cp,cpa4,55.742,cpa4,297,18.53872053872054,cpa4,185.25,0.9840637450199203,17.55465679370062,0.3149269275178612
A,3,A3,6536,wc-cp1-40,4,FALSE,FALSE,NA,A,cp,cpa2,52.816,cpa2,238,27.462184873949578,cpa2,185.25,0.9840637450199203,26.478121128929658,0.501327649366284
A,4,A4,8638,wc-cp1-40,4,FALSE,FALSE,NA,A,cp,cpa3,58.581,cpa3,336,25.708333333333332,cpa3,185.25,0.9840637450199203,24.724269588313412,0.4220527063094418
A,5,A5,7383,wc-cp1-40,4,FALSE,FALSE,NA,A,cp,cpa1,65.679,cpa1,268,27.54850746268657,cpa1,185.25,0.9840637450199203,26.56444371766665,0.4044587115770132
B,2,B2,4887,wc-cp1-40,4,FALSE,FALSE,NA,A,cp,cpa5,59.566,cpa5,192,25.453125,cpa5,185.25,0.9840637450199203,24.46906125498008,0.41078906179666386
B,3,B3,2622,wc-cp1-40,4,FALSE,FALSE,NA,A,cp,cpa8,51.193,cpa8,207,12.666666666666666,cpa8,185.25,0.9840637450199203,11.682602921646746,0.22820703849445717
B,4,B4,3259,wc-cp1-40,4,FALSE,FALSE,NA,A,cp,cpa6,40.85,cpa6,268,12.16044776119403,cpa6,185.25,0.9840637450199203,11.17638401617411,0.2735956919504066
B,5,B5,4785,wc-cp1-40,4,FALSE,FALSE,NA,A,cp,cpa7,66.259,cpa7,244,19.610655737704917,cpa7,185.25,0.9840637450199203,18.626591992684997,0.2811179159462865
C,2,C2,3867,wc-cp1-40,4,FALSE,FALSE,NA,B,cp,cpb10,78.166,cpb10,217,17.820276497695854,cpb10,185.25,0.9840637450199203,16.836212752675934,0.21539048630703803
C,3,C3,2787,wc-cp1-40,4,FALSE,FALSE,NA,B,cp,cpb9,69.475,cpb9,249,11.19277108433735,cpb9,185.25,0.9840637450199203,10.20870733931743,0.14694073176419475
C,4,C4,5242,wc-cp1-40,4,FALSE,FALSE,NA,B,cp,cpb11,59.132,cpb11,234,22.4017094017094,cpb11,185.25,0.9840637450199203,21.41764565668948,0.3622005962370541
C,5,C5,3626,wc-cp1-40,4,FALSE,FALSE,NA,B,cp,cpb12,77.152,cpb12,223,16.260089686098656,cpb12,185.25,0.9840637450199203,15.276025941078736,0.19799909193642076
D,2,D2,5787,wc-cp1-40,4,FALSE,FALSE,NA,B,cp,cpb13,52.033,cpb13,224,25.834821428571427,cpb13,185.25,0.9840637450199203,24.850757683551507,0.4775960963917419
D,3,D3,6179,wc-cp1-40,4,FALSE,FALSE,NA,B,cp,cpb15,62,cpb15,261,23.674329501915707,cpb15,185.25,0.9840637450199203,22.690265756895787,0.3659720283370288
D,4,D4,7209,wc-cp1-40,4,FALSE,FALSE,NA,B,cp,cpb14,67.475,cpb14,250,28.836,cpb14,185.25,0.9840637450199203,27.851936254980078,0.41277415716902677
D,5,D5,451,wc-cp1-40,4,FALSE,FALSE,NA,B,cp,cpb16,66.085,cpb16,213,2.1173708920187795,cpb16,185.25,0.9840637450199203,1.1333071469988591,0.017149234274023747
A,2,A2,6267,wc-cp1-40,5,FALSE,FALSE,NA,A,cp,cpa4,55.742,cpa4,297,21.1010101010101,cpa4,186.75,0.9920318725099602,20.108978228500142,0.3607509279986391
A,3,A3,6783,wc-cp1-40,5,FALSE,FALSE,NA,A,cp,cpa2,52.816,cpa2,238,28.5,cpa2,186.75,0.9920318725099602,27.507968127490038,0.5208264186513564
A,4,A4,8693,wc-cp1-40,5,FALSE,FALSE,NA,A,cp,cpa3,58.581,cpa3,336,25.87202380952381,cpa3,186.75,0.9920318725099602,24.87999193701385,0.4247109461602541
A,5,A5,8710,wc-cp1-40,5,FALSE,FALSE,NA,A,cp,cpa1,65.679,cpa1,268,32.5,cpa1,186.75,0.9920318725099602,31.507968127490038,0.4797266725664221
B,2,B2,6142,wc-cp1-40,5,FALSE,FALSE,NA,A,cp,cpa5,59.566,cpa5,192,31.989583333333332,cpa5,186.75,0.9920318725099602,30.997551460823374,0.5203900121012552
B,3,B3,3911,wc-cp1-40,5,FALSE,FALSE,NA,A,cp,cpa8,51.193,cpa8,207,18.893719806763286,cpa8,186.75,0.9920318725099602,17.901687934253324,0.3496901516663084
B,4,B4,3577,wc-cp1-40,5,FALSE,FALSE,NA,A,cp,cpa6,40.85,cpa6,268,13.347014925373134,cpa6,186.75,0.9920318725099602,12.354983052863174,0.30244756555356606
B,5,B5,6599,wc-cp1-40,5,FALSE,FALSE,NA,A,cp,cpa7,66.259,cpa7,244,27.045081967213115,cpa7,186.75,0.9920318725099602,26.053050094703153,0.3932001704629281
C,2,C2,4067,wc-cp1-40,5,FALSE,FALSE,NA,B,cp,cpb10,78.166,cpb10,217,18.741935483870968,cpb10,186.75,0.9920318725099602,17.749903611361006,0.22707959485404147
C,3,C3,3471,wc-cp1-40,5,FALSE,FALSE,NA,B,cp,cpb9,69.475,cpb9,249,13.939759036144578,cpb9,186.75,0.9920318725099602,12.947727163634617,0.18636527043734608
C,4,C4,6322,wc-cp1-40,5,FALSE,FALSE,NA,B,cp,cpb11,59.132,cpb11,234,27.017094017094017,cpb11,186.75,0.9920318725099602,26.025062144584055,0.44011807726077345
C,5,C5,4707,wc-cp1-40,5,FALSE,FALSE,NA,B,cp,cpb12,77.152,cpb12,223,21.10762331838565,cpb12,186.75,0.9920318725099602,20.115591445875687,0.2607267659409437
D,2,D2,7160,wc-cp1-40,5,FALSE,FALSE,NA,B,cp,cpb13,52.033,cpb13,224,31.964285714285715,cpb13,186.75,0.9920318725099602,30.972253841775753,0.5952425161296822
D,3,D3,6804,wc-cp1-40,5,FALSE,FALSE,NA,B,cp,cpb15,62,cpb15,261,26.06896551724138,cpb15,186.75,0.9920318725099602,25.07693364473142,0.4044666716892164
D,4,D4,7672,wc-cp1-40,5,FALSE,FALSE,NA,B,cp,cpb14,67.475,cpb14,250,30.688,cpb14,186.75,0.9920318725099602,29.69596812749004,0.44010326976643266
D,5,D5,1966,wc-cp1-40,5,FALSE,FALSE,NA,B,cp,cpb16,66.085,cpb16,213,9.230046948356808,cpb16,186.75,0.9920318725099602,8.238015075846848,0.12465786601871602
A,2,A2,6433,wc-cp1-40,6,FALSE,FALSE,NA,A,cp,cpa4,55.742,cpa4,297,21.65993265993266,cpa4,188,0.99867197875166,20.661260681181002,0.37065876145780563
A,3,A3,7019,wc-cp1-40,6,FALSE,FALSE,NA,A,cp,cpa2,52.816,cpa2,238,29.491596638655462,cpa2,188,0.99867197875166,28.492924659903803,0.5394752472717321
A,4,A4,8712,wc-cp1-40,6,FALSE,FALSE,NA,A,cp,cpa3,58.581,cpa3,336,25.928571428571427,cpa3,188,0.99867197875166,24.929899449819768,0.42556288642767737
A,5,A5,8814,wc-cp1-40,6,FALSE,FALSE,NA,A,cp,cpa1,65.679,cpa1,268,32.88805970149254,cpa1,188,0.99867197875166,31.889387722740878,0.48553400208195735
B,2,B2,6716,wc-cp1-40,6,FALSE,FALSE,NA,A,cp,cpa5,59.566,cpa5,192,34.979166666666664,cpa5,188,0.99867197875166,33.980494687915005,0.5704679630647518
B,3,B3,4478,wc-cp1-40,6,FALSE,FALSE,NA,A,cp,cpa8,51.193,cpa8,207,21.632850241545892,cpa8,188,0.99867197875166,20.634178262794233,0.403066400929702
B,4,B4,3750,wc-cp1-40,6,FALSE,FALSE,NA,A,cp,cpa6,40.85,cpa6,268,13.992537313432836,cpa6,188,0.99867197875166,12.993865334681175,0.3180872786947656
B,5,B5,7342,wc-cp1-40,6,FALSE,FALSE,NA,A,cp,cpa7,66.259,cpa7,244,30.09016393442623,cpa7,188,0.99867197875166,29.09149195567457,0.43905721419995125
C,2,C2,4401,wc-cp1-40,6,FALSE,FALSE,NA,B,cp,cpb10,78.166,cpb10,217,20.28110599078341,cpb10,188,0.99867197875166,19.28243401203175,0.2466856947014271
C,3,C3,3938,wc-cp1-40,6,FALSE,FALSE,NA,B,cp,cpb9,69.475,cpb9,249,15.815261044176706,cpb9,188,0.99867197875166,14.816589065425045,0.21326504592191503
C,4,C4,6918,wc-cp1-40,6,FALSE,FALSE,NA,B,cp,cpb11,59.132,cpb11,234,29.564102564102566,cpb11,188,0.99867197875166,28.565430585350907,0.48307905339496227
C,5,C5,5141,wc-cp1-40,6,FALSE,FALSE,NA,B,cp,cpb12,77.152,cpb12,223,23.053811659192824,cpb12,188,0.99867197875166,22.055139680441165,0.28586607839642736
D,2,D2,7648,wc-cp1-40,6,FALSE,FALSE,NA,B,cp,cpb13,52.033,cpb13,224,34.142857142857146,cpb13,188,0.99867197875166,33.14418516410549,0.6369839364269884
D,3,D3,7100,wc-cp1-40,6,FALSE,FALSE,NA,B,cp,cpb15,62,cpb15,261,27.203065134099617,cpb15,188,0.99867197875166,26.204393155347958,0.42265150250561223
D,4,D4,8050,wc-cp1-40,6,FALSE,FALSE,NA,B,cp,cpb14,67.475,cpb14,250,32.2,cpb14,188,0.99867197875166,31.201328021248344,0.46241316074469574
D,5,D5,3632,wc-cp1-40,6,FALSE,FALSE,NA,B,cp,cpb16,66.085,cpb16,213,17.051643192488264,cpb16,188,0.99867197875166,16.052971213736605,0.2429139927931695
A,2,A2,779,wc-cp2-40,0,FALSE,FALSE,NA,C,cp,cpc3,61.541,cpc3,779,1,cpc3,169.375,0.899734395750332,0.10026560424966802,0.0016292488625415254
A,3,A3,217,wc-cp2-40,0,FALSE,FALSE,NA,C,cp,cpc4,64.102,cpc4,217,1,cpc4,169.375,0.899734395750332,0.10026560424966802,0.0015641571908781007
A,4,A4,875,wc-cp2-40,0,FALSE,FALSE,NA,C,cp,cpc1,79.002,cpc1,875,1,cpc1,169.375,0.899734395750332,0.10026560424966802,0.0012691527334708999
A,5,A5,402,wc-cp2-40,0,FALSE,FALSE,NA,C,cp,cpc2,69.579,cpc2,402,1,cpc2,169.375,0.899734395750332,0.10026560424966802,0.0014410325565137186
B,2,B2,327,wc-cp2-40,0,FALSE,FALSE,NA,C,cp,cpc7,71.434,cpc7,327,1,cpc7,169.375,0.899734395750332,0.10026560424966802,0.0014036117849996923
B,3,B3,220,wc-cp2-40,0,FALSE,FALSE,NA,C,cp,cpc6,59.951,cpc6,220,1,cpc6,169.375,0.899734395750332,0.10026560424966802,0.0016724592458786012
B,4,B4,518,wc-cp2-40,0,FALSE,FALSE,NA,C,cp,cpc8,54.503,cpc8,518,1,cpc8,169.375,0.899734395750332,0.10026560424966802,0.001839634593502523
B,5,B5,417,wc-cp2-40,0,FALSE,FALSE,NA,C,cp,cpc5,69.344,cpc5,417,1,cpc5,169.375,0.899734395750332,0.10026560424966802,0.0014459160742049497
C,2,C2,287,wc-cp2-40,0,FALSE,FALSE,NA,D,cp,cpd9,51.323,cpd9,287,1,cpd9,169.375,0.899734395750332,0.10026560424966802,0.0019536193178432285
C,3,C3,343,wc-cp2-40,0,FALSE,FALSE,NA,D,cp,cpd10,63.249,cpd10,343,1,cpd10,169.375,0.899734395750332,0.10026560424966802,0.0015852520079316355
C,4,C4,677,wc-cp2-40,0,FALSE,FALSE,NA,D,cp,cpd11,53.649,cpd11,677,1,cpd11,169.375,0.899734395750332,0.10026560424966802,0.0018689184187900617
C,5,C5,484,wc-cp2-40,0,FALSE,FALSE,NA,D,cp,cpd12,83.389,cpd12,484,1,cpd12,169.375,0.899734395750332,0.10026560424966802,0.0012023840584449751
D,2,D2,194,wc-cp2-40,0,FALSE,FALSE,NA,D,cp,cpd16,50.234,cpd16,194,1,cpd16,169.375,0.899734395750332,0.10026560424966802,0.0019959709409895295
D,3,D3,484,wc-cp2-40,0,FALSE,FALSE,NA,D,cp,cpd14,93.43,cpd14,484,1,cpd14,169.375,0.899734395750332,0.10026560424966802,0.0010731628411609548
D,4,D4,243,wc-cp2-40,0,FALSE,FALSE,NA,D,cp,cpd13,66.517,cpd13,243,1,cpd13,169.375,0.899734395750332,0.10026560424966802,0.0015073681051410621
D,5,D5,248,wc-cp2-40,0,FALSE,FALSE,NA,D,cp,cpd15,48.114,cpd15,248,1,cpd15,169.375,0.899734395750332,0.10026560424966802,0.002083917451254687
A,2,A2,3724,wc-cp2-40,1,FALSE,FALSE,NA,C,cp,cpc3,61.541,cpc3,779,4.780487804878049,cpc3,175,0.9296148738379814,3.850872931040067,0.06257410394761326
A,3,A3,1295,wc-cp2-40,1,FALSE,FALSE,NA,C,cp,cpc4,64.102,cpc4,217,5.967741935483871,cpc4,175,0.9296148738379814,5.0381270616458895,0.07859547380184533
A,4,A4,6834,wc-cp2-40,1,FALSE,FALSE,NA,C,cp,cpc1,79.002,cpc1,875,7.8102857142857145,cpc1,175,0.9296148738379814,6.880670840447733,0.08709489431214062
A,5,A5,4755,wc-cp2-40,1,FALSE,FALSE,NA,C,cp,cpc2,69.579,cpc2,402,11.828358208955224,cpc2,175,0.9296148738379814,10.898743335117244,0.15663840145902133
B,2,B2,3187,wc-cp2-40,1,FALSE,FALSE,NA,C,cp,cpc7,71.434,cpc7,327,9.746177370030582,cpc7,175,0.9296148738379814,8.816562496192601,0.1234224948370888
B,3,B3,1004,wc-cp2-40,1,FALSE,FALSE,NA,C,cp,cpc6,59.951,cpc6,220,4.5636363636363635,cpc6,175,0.9296148738379814,3.634021489798382,0.060616528328107655
B,4,B4,1891,wc-cp2-40,1,FALSE,FALSE,NA,C,cp,cpc8,54.503,cpc8,518,3.6505791505791505,cpc8,175,0.9296148738379814,2.720964276741169,0.0499232019657848
B,5,B5,4221,wc-cp2-40,1,FALSE,FALSE,NA,C,cp,cpc5,69.344,cpc5,417,10.122302158273381,cpc5,175,0.9296148738379814,9.1926872844354,0.13256644099612658
C,2,C2,2677,wc-cp2-40,1,FALSE,FALSE,NA,D,cp,cpd9,51.323,cpd9,287,9.32752613240418,cpd9,175,0.9296148738379814,8.3979112585662,0.16362861209528282
C,3,C3,4327,wc-cp2-40,1,FALSE,FALSE,NA,D,cp,cpd10,63.249,cpd10,343,12.615160349854227,cpd10,175,0.9296148738379814,11.685545476016246,0.18475462815248062
C,4,C4,2838,wc-cp2-40,1,FALSE,FALSE,NA,D,cp,cpd11,53.649,cpd11,677,4.192023633677991,cpd11,175,0.9296148738379814,3.2624087598400093,0.06081024361758857
C,5,C5,2835,wc-cp2-40,1,FALSE,FALSE,NA,D,cp,cpd12,83.389,cpd12,484,5.857438016528926,cpd12,175,0.9296148738379814,4.9278231426909445,0.05909440265132025
D,2,D2,877,wc-cp2-40,1,FALSE,FALSE,NA,D,cp,cpd16,50.234,cpd16,194,4.520618556701031,cpd16,175,0.9296148738379814,3.5910036828630494,0.07148552141702928
D,3,D3,4201,wc-cp2-40,1,FALSE,FALSE,NA,D,cp,cpd14,93.43,cpd14,484,8.679752066115702,cpd14,175,0.9296148738379814,7.7501371922777205,0.08295127038721738
D,4,D4,3096,wc-cp2-40,1,FALSE,FALSE,NA,D,cp,cpd13,66.517,cpd13,243,12.74074074074074,cpd13,175,0.9296148738379814,11.81112586690276,0.1775655226017824
D,5,D5,1714,wc-cp2-40,1,FALSE,FALSE,NA,D,cp,cpd15,48.114,cpd15,248,6.911290322580645,cpd15,175,0.9296148738379814,5.9816754487426635,0.1243229714582588
A,2,A2,4559,wc-cp2-40,2,FALSE,FALSE,NA,C,cp,cpc3,61.541,cpc3,779,5.852374839537869,cpc3,175.875,0.9342629482071713,4.918111891330698,0.0799160216982288
A,3,A3,1591,wc-cp2-40,2,FALSE,FALSE,NA,C,cp,cpc4,64.102,cpc4,217,7.331797235023042,cpc4,175.875,0.9342629482071713,6.397534286815871,0.09980241313556318
A,4,A4,7569,wc-cp2-40,2,FALSE,FALSE,NA,C,cp,cpc1,79.002,cpc1,875,8.650285714285713,cpc1,175.875,0.9342629482071713,7.7160227660785425,0.09766870162880108
A,5,A5,5658,wc-cp2-40,2,FALSE,FALSE,NA,C,cp,cpc2,69.579,cpc2,402,14.074626865671641,cpc2,175.875,0.9342629482071713,13.14036391746447,0.18885531435439532
B,2,B2,3614,wc-cp2-40,2,FALSE,FALSE,NA,C,cp,cpc7,71.434,cpc7,327,11.051987767584098,cpc7,175.875,0.9342629482071713,10.117724819376926,0.14163738303016668
B,3,B3,1396,wc-cp2-40,2,FALSE,FALSE,NA,C,cp,cpc6,59.951,cpc6,220,6.345454545454546,cpc6,175.875,0.9342629482071713,5.411191597247375,0.09026023914942828
B,4,B4,2428,wc-cp2-40,2,FALSE,FALSE,NA,C,cp,cpc8,54.503,cpc8,518,4.687258687258687,cpc8,175.875,0.9342629482071713,3.752995739051516,0.06885851676149049
B,5,B5,5558,wc-cp2-40,2,FALSE,FALSE,NA,C,cp,cpc5,69.344,cpc5,417,13.32853717026379,cpc5,175.875,0.9342629482071713,12.394274222056618,0.17873607265310076
C,2,C2,3105,wc-cp2-40,2,FALSE,FALSE,NA,D,cp,cpd9,51.323,cpd9,287,10.818815331010454,cpd9,175.875,0.9342629482071713,9.884552382803282,0.19259498436964484
C,3,C3,5077,wc-cp2-40,2,FALSE,FALSE,NA,D,cp,cpd10,63.249,cpd10,343,14.801749271137027,cpd10,175.875,0.9342629482071713,13.867486322929855,0.21925226205837017
C,4,C4,4471,wc-cp2-40,2,FALSE,FALSE,NA,D,cp,cpd11,53.649,cpd11,677,6.604135893648449,cpd11,175.875,0.9342629482071713,5.669872945441278,0.10568459701842119
C,5,C5,2977,wc-cp2-40,2,FALSE,FALSE,NA,D,cp,cpd12,83.389,cpd12,484,6.150826446280992,cpd12,175.875,0.9342629482071713,5.216563498073821,0.06255697391830843
D,2,D2,977,wc-cp2-40,2,FALSE,FALSE,NA,D,cp,cpd16,50.234,cpd16,194,5.036082474226804,cpd16,175.875,0.9342629482071713,4.101819526019633,0.08165424863677256
D,3,D3,5130,wc-cp2-40,2,FALSE,FALSE,NA,D,cp,cpd14,93.43,cpd14,484,10.599173553719009,cpd14,175.875,0.9342629482071713,9.664910605511837,0.10344547367560565
D,4,D4,3204,wc-cp2-40,2,FALSE,FALSE,NA,D,cp,cpd13,66.517,cpd13,243,13.185185185185185,cpd13,175.875,0.9342629482071713,12.250922236978013,0.18417731161925543
D,5,D5,2352,wc-cp2-40,2,FALSE,FALSE,NA,D,cp,cpd15,48.114,cpd15,248,9.483870967741936,cpd15,175.875,0.9342629482071713,8.549608019534764,0.17769480856995395
A,2,A2,4968,wc-cp2-40,3,FALSE,FALSE,NA,C,cp,cpc3,61.541,cpc3,779,6.377406931964057,cpc3,177.25,0.9415670650730412,5.4358398668910155,0.08832875427586513
A,3,A3,2025,wc-cp2-40,3,FALSE,FALSE,NA,C,cp,cpc4,64.102,cpc4,217,9.331797235023041,cpc4,177.25,0.9415670650730412,8.39023016995,0.13088874247215374
A,4,A4,7901,wc-cp2-40,3,FALSE,FALSE,NA,C,cp,cpc1,79.002,cpc1,875,9.029714285714286,cpc1,177.25,0.9415670650730412,8.088147220641245,0.10237901851397743
A,5,A5,5877,wc-cp2-40,3,FALSE,FALSE,NA,C,cp,cpc2,69.579,cpc2,402,14.619402985074627,cpc2,177.25,0.9415670650730412,13.677835920001586,0.196579943948628
B,2,B2,3685,wc-cp2-40,3,FALSE,FALSE,NA,C,cp,cpc7,71.434,cpc7,327,11.269113149847096,cpc7,177.25,0.9415670650730412,10.327546084774054,0.1445746575128658
B,3,B3,1696,wc-cp2-40,3,FALSE,FALSE,NA,C,cp,cpc6,59.951,cpc6,220,7.709090909090909,cpc6,177.25,0.9415670650730412,6.767523844017868,0.11288425287347781
B,4,B4,2903,wc-cp2-40,3,FALSE,FALSE,NA,C,cp,cpc8,54.503,cpc8,518,5.604247104247104,cpc8,177.25,0.9415670650730412,4.662680039174063,0.08554905306449302
B,5,B5,5661,wc-cp2-40,3,FALSE,FALSE,NA,C,cp,cpc5,69.344,cpc5,417,13.575539568345324,cpc5,177.25,0.9415670650730412,12.633972503272282,0.18219272760833358
C,2,C2,3232,wc-cp2-40,3,FALSE,FALSE,NA,D,cp,cpd9,51.323,cpd9,287,11.261324041811847,cpd9,177.25,0.9415670650730412,10.319756976738805,0.20107470289614413
C,3,C3,5313,wc-cp2-40,3,FALSE,FALSE,NA,D,cp,cpd10,63.249,cpd10,343,15.489795918367347,cpd10,177.25,0.9415670650730412,14.548228853294306,0.23001515997556177
C,4,C4,5988,wc-cp2-40,3,FALSE,FALSE,NA,D,cp,cpd11,53.649,cpd11,677,8.84490398818316,cpd11,177.25,0.9415670650730412,7.903336923110119,0.1473156428472128
C,5,C5,3060,wc-cp2-40,3,FALSE,FALSE,NA,D,cp,cpd12,83.389,cpd12,484,6.322314049586777,cpd12,177.25,0.9415670650730412,5.380746984513736,0.06452586053932456
D,2,D2,1133,wc-cp2-40,3,FALSE,FALSE,NA,D,cp,cpd16,50.234,cpd16,194,5.84020618556701,cpd16,177.25,0.9415670650730412,4.898639120493969,0.09751640563152383
D,3,D3,5694,wc-cp2-40,3,FALSE,FALSE,NA,D,cp,cpd14,93.43,cpd14,484,11.764462809917354,cpd14,177.25,0.9415670650730412,10.822895744844313,0.11583962051636854
D,4,D4,3519,wc-cp2-40,3,FALSE,FALSE,NA,D,cp,cpd13,66.517,cpd13,243,14.481481481481481,cpd13,177.25,0.9415670650730412,13.53991441640844,0.20355569878990995
D,5,D5,2377,wc-cp2-40,3,FALSE,FALSE,NA,D,cp,cpd15,48.114,cpd15,248,9.584677419354838,cpd15,177.25,0.9415670650730412,8.643110354281797,0.1796381584212869
A,2,A2,5472,wc-cp2-40,4,FALSE,FALSE,NA,C,cp,cpc3,61.541,cpc3,779,7.024390243902439,cpc3,177.375,0.9422310756972112,6.082159168205228,0.09883100970418467
A,3,A3,2553,wc-cp2-40,4,FALSE,FALSE,NA,C,cp,cpc4,64.102,cpc4,217,11.764976958525345,cpc4,177.375,0.9422310756972112,10.822745882828134,0.16883632153174835
A,4,A4,8093,wc-cp2-40,4,FALSE,FALSE,NA,C,cp,cpc1,79.002,cpc1,875,9.249142857142857,cpc1,177.375,0.9422310756972112,8.306911781445645,0.10514812006589258
A,5,A5,6536,wc-cp2-40,4,FALSE,FALSE,NA,C,cp,cpc2,69.579,cpc2,402,16.258706467661693,cpc2,177.375,0.9422310756972112,15.316475391964481,0.220130720360518
B,2,B2,4124,wc-cp2-40,4,FALSE,FALSE,NA,C,cp,cpc7,71.434,cpc7,327,12.611620795107033,cpc7,177.375,0.9422310756972112,11.669389719409821,0.16335904078463787
B,3,B3,2349,wc-cp2-40,4,FALSE,FALSE,NA,C,cp,cpc6,59.951,cpc6,220,10.677272727272728,cpc6,177.375,0.9422310756972112,9.735041651575516,0.16238330722716077
B,4,B4,3509,wc-cp2-40,4,FALSE,FALSE,NA,C,cp,cpc8,54.503,cpc8,518,6.774131274131274,cpc8,177.375,0.9422310756972112,5.831900198434063,0.1070014531022891
B,5,B5,6193,wc-cp2-40,4,FALSE,FALSE,NA,C,cp,cpc5,69.344,cpc5,417,14.851318944844124,cpc5,177.375,0.9422310756972112,13.909087869146912,0.20058098565336457
C,2,C2,3568,wc-cp2-40,4,FALSE,FALSE,NA,D,cp,cpd9,51.323,cpd9,287,12.432055749128919,cpd9,177.375,0.9422310756972112,11.489824673431707,0.22387281868619735
C,3,C3,5662,wc-cp2-40,4,FALSE,FALSE,NA,D,cp,cpd10,63.249,cpd10,343,16.50728862973761,cpd10,177.375,0.9422310756972112,15.565057554040397,0.24609175724581253
C,4,C4,5821,wc-cp2-40,4,FALSE,FALSE,NA,D,cp,cpd11,53.649,cpd11,677,8.598227474150665,cpd11,177.375,0.9422310756972112,7.655996398453453,0.14270529550324243
C,5,C5,3206,wc-cp2-40,4,FALSE,FALSE,NA,D,cp,cpd12,83.389,cpd12,484,6.62396694214876,cpd12,177.375,0.9422310756972112,5.6817358664515485,0.06813531600632636
D,2,D2,1305,wc-cp2-40,4,FALSE,FALSE,NA,D,cp,cpd16,50.234,cpd16,194,6.72680412371134,cpd16,177.375,0.9422310756972112,5.7845730480141295,0.11515254704013475
D,3,D3,6069,wc-cp2-40,4,FALSE,FALSE,NA,D,cp,cpd14,93.43,cpd14,484,12.539256198347108,cpd14,177.375,0.9422310756972112,11.597025122649896,0.12412528227175314
D,4,D4,3988,wc-cp2-40,4,FALSE,FALSE,NA,D,cp,cpd13,66.517,cpd13,243,16.411522633744855,cpd13,177.375,0.9422310756972112,15.469291558047644,0.23256147387957432
D,5,D5,2489,wc-cp2-40,4,FALSE,FALSE,NA,D,cp,cpd15,48.114,cpd15,248,10.036290322580646,cpd15,177.375,0.9422310756972112,9.094059246883434,0.1890106673085471
A,2,A2,7821,wc-cp2-40,5,FALSE,FALSE,NA,C,cp,cpc3,61.541,cpc3,779,10.0397946084724,cpc3,179,0.950863213811421,9.088931394660978,0.14768904299021757
A,3,A3,3536,wc-cp2-40,5,FALSE,FALSE,NA,C,cp,cpc4,64.102,cpc4,217,16.294930875576036,cpc4,179,0.950863213811421,15.344067661764615,0.23936956197567338
A,4,A4,8481,wc-cp2-40,5,FALSE,FALSE,NA,C,cp,cpc1,79.002,cpc1,875,9.692571428571428,cpc1,179,0.950863213811421,8.741708214760006,0.11065173305435314
A,5,A5,7289,wc-cp2-40,5,FALSE,FALSE,NA,C,cp,cpc2,69.579,cpc2,402,18.1318407960199,cpc2,179,0.950863213811421,17.18097758220848,0.24692763020751207
B,2,B2,5986,wc-cp2-40,5,FALSE,FALSE,NA,C,cp,cpc7,71.434,cpc7,327,18.30581039755352,cpc7,179,0.950863213811421,17.354947183742098,0.2429507963118697
B,3,B3,3392,wc-cp2-40,5,FALSE,FALSE,NA,C,cp,cpc6,59.951,cpc6,220,15.418181818181818,cpc6,179,0.950863213811421,14.467318604370398,0.24131905396691294
B,4,B4,4324,wc-cp2-40,5,FALSE,FALSE,NA,C,cp,cpc8,54.503,cpc8,518,8.347490347490348,cpc8,179,0.950863213811421,7.396627133678927,0.13571045875784685
B,5,B5,6594,wc-cp2-40,5,FALSE,FALSE,NA,C,cp,cpc5,69.344,cpc5,417,15.81294964028777,cpc5,179,0.950863213811421,14.862086426476349,0.2143240428368186
C,2,C2,5521,wc-cp2-40,5,FALSE,FALSE,NA,D,cp,cpd9,51.323,cpd9,287,19.23693379790941,cpd9,179,0.950863213811421,18.28607058409799,0.35629387573014026
C,3,C3,6454,wc-cp2-40,5,FALSE,FALSE,NA,D,cp,cpd10,63.249,cpd10,343,18.816326530612244,cpd10,179,0.950863213811421,17.865463316800824,0.2824623838606274
C,4,C4,7729,wc-cp2-40,5,FALSE,FALSE,NA,D,cp,cpd11,53.649,cpd11,677,11.416543574593796,cpd11,179,0.950863213811421,10.465680360782375,0.1950768953900795
C,5,C5,5282,wc-cp2-40,5,FALSE,FALSE,NA,D,cp,cpd12,83.389,cpd12,484,10.913223140495868,cpd12,179,0.950863213811421,9.962359926684446,0.11946851415275932
D,2,D2,1749,wc-cp2-40,5,FALSE,FALSE,NA,D,cp,cpd16,50.234,cpd16,194,9.015463917525773,cpd16,179,0.950863213811421,8.064600703714351,0.16054068367468946
D,3,D3,6894,wc-cp2-40,5,FALSE,FALSE,NA,D,cp,cpd14,93.43,cpd14,484,14.243801652892563,cpd14,179,0.950863213811421,13.29293843908114,0.14227698211582082
D,4,D4,4622,wc-cp2-40,5,FALSE,FALSE,NA,D,cp,cpd13,66.517,cpd13,243,19.020576131687243,cpd13,179,0.950863213811421,18.069712917875822,0.2716555605014631
D,5,D5,3125,wc-cp2-40,5,FALSE,FALSE,NA,D,cp,cpd15,48.114,cpd15,248,12.600806451612904,cpd15,179,0.950863213811421,11.649943237801484,0.24213208708071424
A,2,A2,8460,wc-cp2-40,6,FALSE,FALSE,NA,C,cp,cpc3,61.541,cpc3,779,10.86007702182285,cpc3,180,0.9561752988047809,9.90390172301807,0.16093176456375538
A,3,A3,4257,wc-cp2-40,6,FALSE,FALSE,NA,C,cp,cpc4,64.102,cpc4,217,19.617511520737327,cpc4,180,0.9561752988047809,18.661336221932547,0.29111940691292854
A,4,A4,8641,wc-cp2-40,6,FALSE,FALSE,NA,C,cp,cpc1,79.002,cpc1,875,9.875428571428571,cpc1,180,0.9561752988047809,8.919253272623791,0.11289908195518837
A,5,A5,7838,wc-cp2-40,6,FALSE,FALSE,NA,C,cp,cpc2,69.579,cpc2,402,19.497512437810947,cpc2,180,0.9561752988047809,18.541337139006167,0.26647892523615124
B,2,B2,5980,wc-cp2-40,6,FALSE,FALSE,NA,C,cp,cpc7,71.434,cpc7,327,18.287461773700304,cpc7,180,0.9561752988047809,17.331286474895524,0.2426195715610987
B,3,B3,3702,wc-cp2-40,6,FALSE,FALSE,NA,C,cp,cpc6,59.951,cpc6,220,16.827272727272728,cpc6,180,0.9561752988047809,15.871097428467948,0.2647344903082175
B,4,B4,5454,wc-cp2-40,6,FALSE,FALSE,NA,C,cp,cpc8,54.503,cpc8,518,10.528957528957529,cpc8,180,0.9561752988047809,9.572782230152747,0.17563771223882624
B,5,B5,7158,wc-cp2-40,6,FALSE,FALSE,NA,C,cp,cpc5,69.344,cpc5,417,17.165467625899282,cpc5,180,0.9561752988047809,16.209292327094502,0.233751908270283
C,2,C2,5866,wc-cp2-40,6,FALSE,FALSE,NA,D,cp,cpd9,51.323,cpd9,287,20.4390243902439,cpd9,180,0.9561752988047809,19.48284909143912,0.37961243675231615
C,3,C3,7149,wc-cp2-40,6,FALSE,FALSE,NA,D,cp,cpd10,63.249,cpd10,343,20.842565597667637,cpd10,180,0.9561752988047809,19.886390298862857,0.3144143037654802
C,4,C4,7972,wc-cp2-40,6,FALSE,FALSE,NA,D,cp,cpd11,53.649,cpd11,677,11.775480059084195,cpd11,180,0.9561752988047809,10.819304760279415,0.2016683397692299
C,5,C5,6171,wc-cp2-40,6,FALSE,FALSE,NA,D,cp,cpd12,83.389,cpd12,484,12.75,cpd12,180,0.9561752988047809,11.79382470119522,0.14143142022563193
D,2,D2,1996,wc-cp2-40,6,FALSE,FALSE,NA,D,cp,cpd16,50.234,cpd16,194,10.288659793814434,cpd16,180,0.9561752988047809,9.332484495009652,0.18578023838455332
D,3,D3,7078,wc-cp2-40,6,FALSE,FALSE,NA,D,cp,cpd14,93.43,cpd14,484,14.62396694214876,cpd14,180,0.9561752988047809,13.667791643343978,0.14628911102797792
D,4,D4,4999,wc-cp2-40,6,FALSE,FALSE,NA,D,cp,cpd13,66.517,cpd13,243,20.57201646090535,cpd13,180,0.9561752988047809,19.61584116210057,0.2948996671843374
D,5,D5,3893,wc-cp2-40,6,FALSE,FALSE,NA,D,cp,cpd15,48.114,cpd15,248,15.69758064516129,cpd15,180,0.9561752988047809,14.741405346356508,0.3063849471329864
A,2,A2,257,wc-ee1-40,0,FALSE,FALSE,NA,A,ee,eea4,72.654,eea4,257,1,eea4,214,1.1367861885790174,-0.13678618857901736,-0.001882706920183574
A,3,A3,230,wc-ee1-40,0,FALSE,FALSE,NA,A,ee,eea3,42.642,eea3,230,1,eea3,214,1.1367861885790174,-0.13678618857901736,-0.0032077807930917255
A,4,A4,321,wc-ee1-40,0,FALSE,FALSE,NA,A,ee,eea2,59.646,eea2,321,1,eea2,214,1.1367861885790174,-0.13678618857901736,-0.0022933002813100185
A,5,A5,391,wc-ee1-40,0,FALSE,FALSE,NA,A,ee,eea1,82.381,eea1,391,1,eea1,214,1.1367861885790174,-0.13678618857901736,-0.0016604094218207763
B,2,B2,727,wc-ee1-40,0,FALSE,FALSE,NA,A,ee,eea8,61.757,eea8,727,1,eea8,214,1.1367861885790174,-0.13678618857901736,-0.0022149098657482935
B,3,B3,699,wc-ee1-40,0,FALSE,FALSE,NA,A,ee,eea7,64.849,eea7,699,1,eea7,214,1.1367861885790174,-0.13678618857901736,-0.0021093029742789765
B,4,B4,904,wc-ee1-40,0,FALSE,FALSE,NA,A,ee,eea6,65,eea6,904,1,eea6,214,1.1367861885790174,-0.13678618857901736,-0.0021044029012156516
B,5,B5,330,wc-ee1-40,0,FALSE,FALSE,NA,A,ee,eea5,69.524,eea5,330,1,eea5,214,1.1367861885790174,-0.13678618857901736,-0.0019674671851305646
C,2,C2,585,wc-ee1-40,0,FALSE,FALSE,NA,B,ee,eeb12,70.316,eeb12,585,1,eeb12,214,1.1367861885790174,-0.13678618857901736,-0.0019453067378550736
C,3,C3,338,wc-ee1-40,0,FALSE,FALSE,NA,B,ee,eeb11,73.37,eeb11,338,1,eeb11,214,1.1367861885790174,-0.13678618857901736,-0.0018643340408752535
C,4,C4,335,wc-ee1-40,0,FALSE,FALSE,NA,B,ee,eeb9,58.553,eeb9,335,1,eeb9,214,1.1367861885790174,-0.13678618857901736,-0.0023361089710009285
C,5,C5,645,wc-ee1-40,0,FALSE,FALSE,NA,B,ee,eeb10,74.388,eeb10,645,1,eeb10,214,1.1367861885790174,-0.13678618857901736,-0.0018388206240121706
D,2,D2,361,wc-ee1-40,0,FALSE,FALSE,NA,B,ee,eeb16,60.551,eeb16,361,1,eeb16,214,1.1367861885790174,-0.13678618857901736,-0.0022590244352532138
D,3,D3,472,wc-ee1-40,0,FALSE,FALSE,NA,B,ee,eeb14,78.648,eeb14,472,1,eeb14,214,1.1367861885790174,-0.13678618857901736,-0.0017392201782501446
D,4,D4,943,wc-ee1-40,0,FALSE,FALSE,NA,B,ee,eeb13,68.883,eeb13,943,1,eeb13,214,1.1367861885790174,-0.13678618857901736,-0.001985775715038796
D,5,D5,328,wc-ee1-40,0,FALSE,FALSE,NA,B,ee,eeb15,68.28,eeb15,328,1,eeb15,214,1.1367861885790174,-0.13678618857901736,-0.0020033126622586023
A,2,A2,526,wc-ee1-40,1,FALSE,FALSE,NA,A,ee,eea4,72.654,eea4,257,2.046692607003891,eea4,220.125,1.1693227091633467,0.8773698978405442,0.01207600266799549
A,3,A3,928,wc-ee1-40,1,FALSE,FALSE,NA,A,ee,eea3,42.642,eea3,230,4.034782608695652,eea3,220.125,1.1693227091633467,2.865459899532305,0.06719806527677653
A,4,A4,3223,wc-ee1-40,1,FALSE,FALSE,NA,A,ee,eea2,59.646,eea2,321,10.040498442367602,eea2,220.125,1.1693227091633467,8.871175733204256,0.1487304384737326
A,5,A5,6444,wc-ee1-40,1,FALSE,FALSE,NA,A,ee,eea1,82.381,eea1,391,16.48081841432225,eea1,220.125,1.1693227091633467,15.311495705158904,0.18586197915974442
B,2,B2,4464,wc-ee1-40,1,FALSE,FALSE,NA,A,ee,eea8,61.757,eea8,727,6.140302613480055,eea8,220.125,1.1693227091633467,4.9709799043167084,0.08049257419105055
B,3,B3,4914,wc-ee1-40,1,FALSE,FALSE,NA,A,ee,eea7,64.849,eea7,699,7.030042918454936,eea7,220.125,1.1693227091633467,5.860720209291589,0.09037487408119768
B,4,B4,4413,wc-ee1-40,1,FALSE,FALSE,NA,A,ee,eea6,65,eea6,904,4.881637168141593,eea6,220.125,1.1693227091633467,3.7123144589782457,0.05711253013812686
B,5,B5,4699,wc-ee1-40,1,FALSE,FALSE,NA,A,ee,eea5,69.524,eea5,330,14.23939393939394,eea5,220.125,1.1693227091633467,13.070071230230594,0.1879936601782204
C,2,C2,5370,wc-ee1-40,1,FALSE,FALSE,NA,B,ee,eeb12,70.316,eeb12,585,9.179487179487179,eeb12,220.125,1.1693227091633467,8.010164470323833,0.11391666861487901
C,3,C3,2394,wc-ee1-40,1,FALSE,FALSE,NA,B,ee,eeb11,73.37,eeb11,338,7.0828402366863905,eeb11,220.125,1.1693227091633467,5.913517527523044,0.08059857608727058
C,4,C4,2794,wc-ee1-40,1,FALSE,FALSE,NA,B,ee,eeb9,58.553,eeb9,335,8.340298507462686,eeb9,220.125,1.1693227091633467,7.170975798299339,0.12246982730687307
C,5,C5,5578,wc-ee1-40,1,FALSE,FALSE,NA,B,ee,eeb10,74.388,eeb10,645,8.648062015503877,eeb10,220.125,1.1693227091633467,7.47873930634053,0.1005369052312272
D,2,D2,3850,wc-ee1-40,1,FALSE,FALSE,NA,B,ee,eeb16,60.551,eeb16,361,10.664819944598339,eeb16,220.125,1.1693227091633467,9.495497235434993,0.1568181736954797
D,3,D3,5872,wc-ee1-40,1,FALSE,FALSE,NA,B,ee,eeb14,78.648,eeb14,472,12.440677966101696,eeb14,220.125,1.1693227091633467,11.27135525693835,0.14331394640599063
D,4,D4,4767,wc-ee1-40,1,FALSE,FALSE,NA,B,ee,eeb13,68.883,eeb13,943,5.055143160127254,eeb13,220.125,1.1693227091633467,3.885820450963907,0.05641189336939313
D,5,D5,2064,wc-ee1-40,1,FALSE,FALSE,NA,B,ee,eeb15,68.28,eeb15,328,6.2926829268292686,eeb15,220.125,1.1693227091633467,5.123360217665922,0.07503456674964736
A,2,A2,495,wc-ee1-40,2,FALSE,FALSE,NA,A,ee,eea4,72.654,eea4,257,1.9260700389105059,eea4,221.5,1.1766268260292165,0.7494432128812893,0.010315236778171737
A,3,A3,981,wc-ee1-40,2,FALSE,FALSE,NA,A,ee,eea3,42.642,eea3,230,4.265217391304348,eea3,221.5,1.1766268260292165,3.0885905652751315,0.07243071538096552
A,4,A4,4544,wc-ee1-40,2,FALSE,FALSE,NA,A,ee,eea2,59.646,eea2,321,14.15576323987539,eea2,221.5,1.1766268260292165,12.979136413846172,0.2176027967314853
A,5,A5,8091,wc-ee1-40,2,FALSE,FALSE,NA,A,ee,eea1,82.381,eea1,391,20.69309462915601,eea1,221.5,1.1766268260292165,19.516467803126794,0.23690496356109775
B,2,B2,7283,wc-ee1-40,2,FALSE,FALSE,NA,A,ee,eea8,61.757,eea8,727,10.017881705639615,eea8,221.5,1.1766268260292165,8.841254879610398,0.14316198778454908
B,3,B3,6711,wc-ee1-40,2,FALSE,FALSE,NA,A,ee,eea7,64.849,eea7,699,9.600858369098713,eea7,221.5,1.1766268260292165,8.424231543069496,0.1299053423039599
B,4,B4,6807,wc-ee1-40,2,FALSE,FALSE,NA,A,ee,eea6,65,eea6,904,7.529867256637168,eea6,221.5,1.1766268260292165,6.3532404306079515,0.09774216047089156
B,5,B5,6328,wc-ee1-40,2,FALSE,FALSE,NA,A,ee,eea5,69.524,eea5,330,19.175757575757576,eea5,221.5,1.1766268260292165,17.99913074972836,0.2588908973840452
C,2,C2,6793,wc-ee1-40,2,FALSE,FALSE,NA,B,ee,eeb12,70.316,eeb12,585,11.611965811965812,eeb12,221.5,1.1766268260292165,10.435338985936594,0.14840632268525789
C,3,C3,2425,wc-ee1-40,2,FALSE,FALSE,NA,B,ee,eeb11,73.37,eeb11,338,7.174556213017752,eeb11,221.5,1.1766268260292165,5.9979293869885355,0.0817490716503821
C,4,C4,4257,wc-ee1-40,2,FALSE,FALSE,NA,B,ee,eeb9,58.553,eeb9,335,12.707462686567164,eeb9,221.5,1.1766268260292165,11.530835860537946,0.19692989019414797
C,5,C5,8182,wc-ee1-40,2,FALSE,FALSE,NA,B,ee,eeb10,74.388,eeb10,645,12.685271317829457,eeb10,221.5,1.1766268260292165,11.50864449180024,0.15471103527182126
D,2,D2,5325,wc-ee1-40,2,FALSE,FALSE,NA,B,ee,eeb16,60.551,eeb16,361,14.750692520775623,eeb16,221.5,1.1766268260292165,13.574065694746405,0.22417574763003756
D,3,D3,8588,wc-ee1-40,2,FALSE,FALSE,NA,B,ee,eeb14,78.648,eeb14,472,18.194915254237287,eeb14,221.5,1.1766268260292165,17.01828842820807,0.21638552065161315
D,4,D4,6393,wc-ee1-40,2,FALSE,FALSE,NA,B,ee,eeb13,68.883,eeb13,943,6.779427359490986,eeb13,221.5,1.1766268260292165,5.60280053346177,0.08133792856672575
D,5,D5,3433,wc-ee1-40,2,FALSE,FALSE,NA,B,ee,eeb15,68.28,eeb15,328,10.466463414634147,eeb15,221.5,1.1766268260292165,9.28983658860493,0.13605501740780507
A,2,A2,678,wc-ee1-40,3,FALSE,FALSE,NA,A,ee,eea4,72.654,eea4,257,2.6381322957198443,eea4,222.25,1.1806108897742364,1.4575214059456079,0.020061130921155173
A,3,A3,1143,wc-ee1-40,3,FALSE,FALSE,NA,A,ee,eea3,42.642,eea3,230,4.969565217391304,eea3,222.25,1.1806108897742364,3.788954327617068,0.08885498634250429
A,4,A4,5808,wc-ee1-40,3,FALSE,FALSE,NA,A,ee,eea2,59.646,eea2,321,18.093457943925234,eea2,222.25,1.1806108897742364,16.912847054150998,0.28355375136892663
A,5,A5,9649,wc-ee1-40,3,FALSE,FALSE,NA,A,ee,eea1,82.381,eea1,391,24.67774936061381,eea1,222.25,1.1806108897742364,23.497138470839573,0.28522521541180096
B,2,B2,9128,wc-ee1-40,3,FALSE,FALSE,NA,A,ee,eea8,61.757,eea8,727,12.555708390646492,eea8,222.25,1.1806108897742364,11.375097500872256,0.1841912253003264
B,3,B3,9145,wc-ee1-40,3,FALSE,FALSE,NA,A,ee,eea7,64.849,eea7,699,13.082975679542203,eea7,222.25,1.1806108897742364,11.902364789767967,0.18353968125596334
B,4,B4,8702,wc-ee1-40,3,FALSE,FALSE,NA,A,ee,eea6,65,eea6,904,9.626106194690266,eea6,222.25,1.1806108897742364,8.44549530491603,0.12993069699870816
B,5,B5,8091,wc-ee1-40,3,FALSE,FALSE,NA,A,ee,eea5,69.524,eea5,330,24.51818181818182,eea5,222.25,1.1806108897742364,23.337570928407583,0.3356764704045737
C,2,C2,7662,wc-ee1-40,3,FALSE,FALSE,NA,B,ee,eeb12,70.316,eeb12,585,13.097435897435897,eeb12,222.25,1.1806108897742364,11.91682500766166,0.16947529733860942
C,3,C3,2550,wc-ee1-40,3,FALSE,FALSE,NA,B,ee,eeb11,73.37,eeb11,338,7.544378698224852,eeb11,222.25,1.1806108897742364,6.363767808450616,0.08673528429127185
C,4,C4,5462,wc-ee1-40,3,FALSE,FALSE,NA,B,ee,eeb9,58.553,eeb9,335,16.3044776119403,eeb9,222.25,1.1806108897742364,15.123866722166063,0.25829362666585937
C,5,C5,9673,wc-ee1-40,3,FALSE,FALSE,NA,B,ee,eeb10,74.388,eeb10,645,14.996899224806201,eeb10,222.25,1.1806108897742364,13.816288335031965,0.18573275709834872
D,2,D2,5924,wc-ee1-40,3,FALSE,FALSE,NA,B,ee,eeb16,60.551,eeb16,361,16.409972299168974,eeb16,222.25,1.1806108897742364,15.229361409394738,0.2515129627817003
D,3,D3,8786,wc-ee1-40,3,FALSE,FALSE,NA,B,ee,eeb14,78.648,eeb14,472,18.614406779661017,eeb14,222.25,1.1806108897742364,17.43379588988678,0.22166864878810372
D,4,D4,8583,wc-ee1-40,3,FALSE,FALSE,NA,B,ee,eeb13,68.883,eeb13,943,9.101802757158007,eeb13,222.25,1.1806108897742364,7.9211918673837705,0.1149948734431394
D,5,D5,4233,wc-ee1-40,3,FALSE,FALSE,NA,B,ee,eeb15,68.28,eeb15,328,12.90548780487805,eeb15,222.25,1.1806108897742364,11.724876915103813,0.17171758809466628
A,2,A2,859,wc-ee1-40,4,FALSE,FALSE,NA,A,ee,eea4,72.654,eea4,257,3.342412451361868,eea4,223.375,1.1865869853917663,2.1558254659701017,0.02967249519599887
A,3,A3,1197,wc-ee1-40,4,FALSE,FALSE,NA,A,ee,eea3,42.642,eea3,230,5.2043478260869565,eea3,223.375,1.1865869853917663,4.01776084069519,0.09422074106972445
A,4,A4,6717,wc-ee1-40,4,FALSE,FALSE,NA,A,ee,eea2,59.646,eea2,321,20.925233644859812,eea2,223.375,1.1865869853917663,19.738646659468046,0.330929930916877
A,5,A5,10425,wc-ee1-40,4,FALSE,FALSE,NA,A,ee,eea1,82.381,eea1,391,26.66240409207161,eea1,223.375,1.1865869853917663,25.475817106679845,0.3092438439285739
B,2,B2,9977,wc-ee1-40,4,FALSE,FALSE,NA,A,ee,eea8,61.757,eea8,727,13.723521320495186,eea8,223.375,1.1865869853917663,12.53693433510342,0.20300426405271338
B,3,B3,10466,wc-ee1-40,4,FALSE,FALSE,NA,A,ee,eea7,64.849,eea7,699,14.972818311874105,eea7,223.375,1.1865869853917663,13.786231326482339,0.2125897288544517
B,4,B4,9918,wc-ee1-40,4,FALSE,FALSE,NA,A,ee,eea6,65,eea6,904,10.971238938053098,eea6,223.375,1.1865869853917663,9.784651952661331,0.15053310696402047
B,5,B5,8863,wc-ee1-40,4,FALSE,FALSE,NA,A,ee,eea5,69.524,eea5,330,26.85757575757576,eea5,223.375,1.1865869853917663,25.670988772183993,0.36923923784857016
C,2,C2,9006,wc-ee1-40,4,FALSE,FALSE,NA,B,ee,eeb12,70.316,eeb12,585,15.394871794871795,eeb12,223.375,1.1865869853917663,14.208284809480029,0.20206332569372587
C,3,C3,2716,wc-ee1-40,4,FALSE,FALSE,NA,B,ee,eeb11,73.37,eeb11,338,8.035502958579881,eeb11,223.375,1.1865869853917663,6.848915973188115,0.09334763490783855
C,4,C4,6233,wc-ee1-40,4,FALSE,FALSE,NA,B,ee,eeb9,58.553,eeb9,335,18.605970149253732,eeb9,223.375,1.1865869853917663,17.419383163861966,0.2974977057343256
C,5,C5,10183,wc-ee1-40,4,FALSE,FALSE,NA,B,ee,eeb10,74.388,eeb10,645,15.787596899224805,eeb10,223.375,1.1865869853917663,14.601009913833039,0.19628179160392856
D,2,D2,6388,wc-ee1-40,4,FALSE,FALSE,NA,B,ee,eeb16,60.551,eeb16,361,17.695290858725762,eeb16,223.375,1.1865869853917663,16.508703873333996,0.27264130853881846
D,3,D3,8702,wc-ee1-40,4,FALSE,FALSE,NA,B,ee,eeb14,78.648,eeb14,472,18.4364406779661,eeb14,223.375,1.1865869853917663,17.249853692574334,0.21932984554692217
D,4,D4,9891,wc-ee1-40,4,FALSE,FALSE,NA,B,ee,eeb13,68.883,eeb13,943,10.488865323435842,eeb13,223.375,1.1865869853917663,9.302278338044076,0.1350446167856231
D,5,D5,4638,wc-ee1-40,4,FALSE,FALSE,NA,B,ee,eeb15,68.28,eeb15,328,14.140243902439025,eeb15,223.375,1.1865869853917663,12.953656917047258,0.18971378027309985
A,2,A2,1075,wc-ee1-40,5,FALSE,FALSE,NA,A,ee,eea4,72.654,eea4,257,4.182879377431907,eea4,225,1.1952191235059761,2.987660253925931,0.04112175866333486
A,3,A3,1333,wc-ee1-40,5,FALSE,FALSE,NA,A,ee,eea3,42.642,eea3,230,5.7956521739130435,eea3,225,1.1952191235059761,4.600433050407068,0.10788502064647688
A,4,A4,7339,wc-ee1-40,5,FALSE,FALSE,NA,A,ee,eea2,59.646,eea2,321,22.86292834890966,eea2,225,1.1952191235059761,21.667709225403684,0.36327179065492543
A,5,A5,10706,wc-ee1-40,5,FALSE,FALSE,NA,A,ee,eea1,82.381,eea1,391,27.381074168797955,eea1,225,1.1952191235059761,26.18585504529198,0.3178627965828526
B,2,B2,10090,wc-ee1-40,5,FALSE,FALSE,NA,A,ee,eea8,61.757,eea8,727,13.878954607977992,eea8,225,1.1952191235059761,12.683735484472015,0.2053813411349647
B,3,B3,10543,wc-ee1-40,5,FALSE,FALSE,NA,A,ee,eea7,64.849,eea7,699,15.082975679542203,eea7,225,1.1952191235059761,13.887756556036226,0.21415529238748826
B,4,B4,10402,wc-ee1-40,5,FALSE,FALSE,NA,A,ee,eea6,65,eea6,904,11.506637168141593,eea6,225,1.1952191235059761,10.311418044635616,0.15863720068670178
B,5,B5,8743,wc-ee1-40,5,FALSE,FALSE,NA,A,ee,eea5,69.524,eea5,330,26.493939393939392,eea5,225,1.1952191235059761,25.298720270433417,0.3638847055755339
C,2,C2,9287,wc-ee1-40,5,FALSE,FALSE,NA,B,ee,eeb12,70.316,eeb12,585,15.875213675213676,eeb12,225,1.1952191235059761,14.679994551707699,0.20877175254149408
C,3,C3,2827,wc-ee1-40,5,FALSE,FALSE,NA,B,ee,eeb11,73.37,eeb11,338,8.363905325443787,eeb11,225,1.1952191235059761,7.168686201937811,0.09770595886517391
C,4,C4,6957,wc-ee1-40,5,FALSE,FALSE,NA,B,ee,eeb9,58.553,eeb9,335,20.767164179104476,eeb9,225,1.1952191235059761,19.5719450555985,0.3342603291991615
C,5,C5,9897,wc-ee1-40,5,FALSE,FALSE,NA,B,ee,eeb10,74.388,eeb10,645,15.344186046511627,eeb10,225,1.1952191235059761,14.14896692300565,0.1902049648196705
D,2,D2,6809,wc-ee1-40,5,FALSE,FALSE,NA,B,ee,eeb16,60.551,eeb16,361,18.861495844875346,eeb16,225,1.1952191235059761,17.66627672136937,0.2917586286166929
D,3,D3,9038,wc-ee1-40,5,FALSE,FALSE,NA,B,ee,eeb14,78.648,eeb14,472,19.14830508474576,eeb14,225,1.1952191235059761,17.953085961239786,0.22827136050808397
D,4,D4,10840,wc-ee1-40,5,FALSE,FALSE,NA,B,ee,eeb13,68.883,eeb13,943,11.495227995758219,eeb13,225,1.1952191235059761,10.300008872252242,0.14952904014419005
D,5,D5,4715,wc-ee1-40,5,FALSE,FALSE,NA,B,ee,eeb15,68.28,eeb15,328,14.375,eeb15,225,1.1952191235059761,13.179780876494023,0.19302549614080292
A,2,A2,1222,wc-ee1-40,6,FALSE,FALSE,NA,A,ee,eea4,72.654,eea4,257,4.754863813229572,eea4,226.375,1.202523240371846,3.5523405728577258,0.04889394352489506
A,3,A3,1416,wc-ee1-40,6,FALSE,FALSE,NA,A,ee,eea3,42.642,eea3,230,6.156521739130435,eea3,226.375,1.202523240371846,4.9539984987585886,0.11617650435623536
A,4,A4,7769,wc-ee1-40,6,FALSE,FALSE,NA,A,ee,eea2,59.646,eea2,321,24.202492211838006,eea2,226.375,1.202523240371846,22.99996897146616,0.3856079028177273
A,5,A5,10817,wc-ee1-40,6,FALSE,FALSE,NA,A,ee,eea1,82.381,eea1,391,27.664961636828643,eea1,226.375,1.202523240371846,26.462438396456797,0.3212201648008254
B,2,B2,10257,wc-ee1-40,6,FALSE,FALSE,NA,A,ee,eea8,61.757,eea8,727,14.10866574965612,eea8,226.375,1.202523240371846,12.906142509284274,0.20898266608294241
B,3,B3,10519,wc-ee1-40,6,FALSE,FALSE,NA,A,ee,eea7,64.849,eea7,699,15.048640915593705,eea7,226.375,1.202523240371846,13.846117675221858,0.21351320259713885
B,4,B4,10506,wc-ee1-40,6,FALSE,FALSE,NA,A,ee,eea6,65,eea6,904,11.621681415929203,eea6,226.375,1.202523240371846,10.419158175557357,0.16029474116242087
B,5,B5,8867,wc-ee1-40,6,FALSE,FALSE,NA,A,ee,eea5,69.524,eea5,330,26.86969696969697,eea5,226.375,1.202523240371846,25.667173729325125,0.36918436409477484
C,2,C2,9529,wc-ee1-40,6,FALSE,FALSE,NA,B,ee,eeb12,70.316,eeb12,585,16.288888888888888,eeb12,226.375,1.202523240371846,15.086365648517042,0.2145509649086558
C,3,C3,2919,wc-ee1-40,6,FALSE,FALSE,NA,B,ee,eeb11,73.37,eeb11,338,8.636094674556213,eeb11,226.375,1.202523240371846,7.433571434184367,0.10131622508088274
C,4,C4,7048,wc-ee1-40,6,FALSE,FALSE,NA,B,ee,eeb9,58.553,eeb9,335,21.038805970149255,eeb9,226.375,1.202523240371846,19.83628272977741,0.3387748318579306
C,5,C5,10114,wc-ee1-40,6,FALSE,FALSE,NA,B,ee,eeb10,74.388,eeb10,645,15.68062015503876,eeb10,226.375,1.202523240371846,14.478096914666914,0.194629468659823
D,2,D2,7009,wc-ee1-40,6,FALSE,FALSE,NA,B,ee,eeb16,60.551,eeb16,361,19.41551246537396,eeb16,226.375,1.202523240371846,18.212989225002115,0.300787587735993
D,3,D3,9598,wc-ee1-40,6,FALSE,FALSE,NA,B,ee,eeb14,78.648,eeb14,472,20.334745762711865,eeb14,226.375,1.202523240371846,19.13222252234002,0.2432639421516125
D,4,D4,10942,wc-ee1-40,6,FALSE,FALSE,NA,B,ee,eeb13,68.883,eeb13,943,11.6033934252386,eeb13,226.375,1.202523240371846,10.400870184866754,0.1509932811414537
D,5,D5,4954,wc-ee1-40,6,FALSE,FALSE,NA,B,ee,eeb15,68.28,eeb15,328,15.103658536585366,eeb15,226.375,1.202523240371846,13.90113529621352,0.20359014786487287
A,2,A2,592,wc-ee2-40,0,FALSE,FALSE,NA,C,ee,eec4,54.028,eec4,592,1,eec4,178.5,0.9482071713147411,0.05179282868525892,9.586293900432909e-4
A,3,A3,194,wc-ee2-40,0,FALSE,FALSE,NA,C,ee,eec3,28.123,eec3,194,1,eec3,178.5,0.9482071713147411,0.05179282868525892,0.001841653759743232
A,4,A4,319,wc-ee2-40,0,FALSE,FALSE,NA,C,ee,eec2,77.384,eec2,319,1,eec2,178.5,0.9482071713147411,0.05179282868525892,6.69296349184055e-4
A,5,A5,766,wc-ee2-40,0,FALSE,FALSE,NA,C,ee,eec1,71.178,eec1,766,1,eec1,178.5,0.9482071713147411,0.05179282868525892,7.276522055306263e-4
B,2,B2,466,wc-ee2-40,0,FALSE,FALSE,NA,C,ee,eec8,55.197,eec8,466,1,eec8,178.5,0.9482071713147411,0.05179282868525892,9.383268780053068e-4
B,3,B3,712,wc-ee2-40,0,FALSE,FALSE,NA,C,ee,eec7,66.74,eec7,712,1,eec7,178.5,0.9482071713147411,0.05179282868525892,7.760387876125101e-4
B,4,B4,599,wc-ee2-40,0,FALSE,FALSE,NA,C,ee,eec6,69.978,eec6,599,1,eec6,178.5,0.9482071713147411,0.05179282868525892,7.401301649841225e-4
B,5,B5,266,wc-ee2-40,0,FALSE,FALSE,NA,C,ee,eec5,68.269,eec5,266,1,eec5,178.5,0.9482071713147411,0.05179282868525892,7.586580832480176e-4
C,2,C2,323,wc-ee2-40,0,FALSE,FALSE,NA,D,ee,eed11,71.178,eed11,323,1,eed11,178.5,0.9482071713147411,0.05179282868525892,7.276522055306263e-4
C,3,C3,231,wc-ee2-40,0,FALSE,FALSE,NA,D,ee,eed12,32.831,eed12,231,1,eed12,178.5,0.9482071713147411,0.05179282868525892,0.0015775586697103017
C,4,C4,317,wc-ee2-40,0,FALSE,FALSE,NA,D,ee,eed10,60.264,eed10,317,1,eed10,178.5,0.9482071713147411,0.05179282868525892,8.594323092602369e-4
C,5,C5,217,wc-ee2-40,0,FALSE,FALSE,NA,D,ee,eed9,56.906,eed9,217,1,eed9,178.5,0.9482071713147411,0.05179282868525892,9.101470615622064e-4
D,2,D2,616,wc-ee2-40,0,FALSE,FALSE,NA,D,ee,eed13,66.65,eed13,616,1,eed13,178.5,0.9482071713147411,0.05179282868525892,7.770867019543723e-4
D,3,D3,745,wc-ee2-40,0,FALSE,FALSE,NA,D,ee,eed14,53.128,eed14,745,1,eed14,178.5,0.9482071713147411,0.05179282868525892,9.748687826618528e-4
D,4,D4,227,wc-ee2-40,0,FALSE,FALSE,NA,D,ee,eed16,45.843,eed16,227,1,eed16,178.5,0.9482071713147411,0.05179282868525892,0.001129787070768905
D,5,D5,291,wc-ee2-40,0,FALSE,FALSE,NA,D,ee,eed15,48.751,eed15,291,1,eed15,178.5,0.9482071713147411,0.05179282868525892,0.0010623952059498046
A,2,A2,3422,wc-ee2-40,1,FALSE,FALSE,NA,C,ee,eec4,54.028,eec4,592,5.780405405405405,eec4,185,0.9827357237715804,4.797669681633825,0.0887996905610762
A,3,A3,243,wc-ee2-40,1,FALSE,FALSE,NA,C,ee,eec3,28.123,eec3,194,1.2525773195876289,eec3,185,0.9827357237715804,0.2698415958160485,0.009595050165915744
A,4,A4,3046,wc-ee2-40,1,FALSE,FALSE,NA,C,ee,eec2,77.384,eec2,319,9.54858934169279,eec2,185,0.9827357237715804,8.56585361792121,0.11069282562184961
A,5,A5,2986,wc-ee2-40,1,FALSE,FALSE,NA,C,ee,eec1,71.178,eec1,766,3.898172323759791,eec1,185,0.9827357237715804,2.915436599988211,0.04095979937604612
B,2,B2,3544,wc-ee2-40,1,FALSE,FALSE,NA,C,ee,eec8,55.197,eec8,466,7.605150214592275,eec8,185,0.9827357237715804,6.622414490820694,0.11997779754009627
B,3,B3,4939,wc-ee2-40,1,FALSE,FALSE,NA,C,ee,eec7,66.74,eec7,712,6.936797752808989,eec7,185,0.9827357237715804,5.9540620290374084,0.08921279635956561
B,4,B4,4537,wc-ee2-40,1,FALSE,FALSE,NA,C,ee,eec6,69.978,eec6,599,7.574290484140234,eec6,185,0.9827357237715804,6.591554760368654,0.09419467204505208
B,5,B5,2644,wc-ee2-40,1,FALSE,FALSE,NA,C,ee,eec5,68.269,eec5,266,9.93984962406015,eec5,185,0.9827357237715804,8.957113900288569,0.13120323866306183
C,2,C2,4742,wc-ee2-40,1,FALSE,FALSE,NA,D,ee,eed11,71.178,eed11,323,14.681114551083592,eed11,185,0.9827357237715804,13.698378827312013,0.192452426695215
C,3,C3,1074,wc-ee2-40,1,FALSE,FALSE,NA,D,ee,eed12,32.831,eed12,231,4.64935064935065,eed12,185,0.9827357237715804,3.6666149255790694,0.11168148778834239
C,4,C4,1101,wc-ee2-40,1,FALSE,FALSE,NA,D,ee,eed10,60.264,eed10,317,3.473186119873817,eed10,185,0.9827357237715804,2.490450396102237,0.041325673637698075
C,5,C5,1234,wc-ee2-40,1,FALSE,FALSE,NA,D,ee,eed9,56.906,eed9,217,5.686635944700461,eed9,185,0.9827357237715804,4.7039002209288805,0.08266088322723229
D,2,D2,3641,wc-ee2-40,1,FALSE,FALSE,NA,D,ee,eed13,66.65,eed13,616,5.910714285714286,eed13,185,0.9827357237715804,4.927978561942705,0.07393816296988304
D,3,D3,2518,wc-ee2-40,1,FALSE,FALSE,NA,D,ee,eed14,53.128,eed14,745,3.3798657718120806,eed14,185,0.9827357237715804,2.3971300480405002,0.04511990001582029
D,4,D4,2053,wc-ee2-40,1,FALSE,FALSE,NA,D,ee,eed16,45.843,eed16,227,9.044052863436123,eed16,185,0.9827357237715804,8.061317139664542,0.1758461954859966
D,5,D5,786,wc-ee2-40,1,FALSE,FALSE,NA,D,ee,eed15,48.751,eed15,291,2.7010309278350517,eed15,185,0.9827357237715804,1.7182952040634714,0.03524635810677671
A,2,A2,5993,wc-ee2-40,2,FALSE,FALSE,NA,C,ee,eec4,54.028,eec4,592,10.12331081081081,eec4,185.375,0.9847277556440903,9.13858305516672,0.1691453145622033
A,3,A3,267,wc-ee2-40,2,FALSE,FALSE,NA,C,ee,eec3,28.123,eec3,194,1.3762886597938144,eec3,185.375,0.9847277556440903,0.3915609041497241,0.013923155571941973
A,4,A4,4046,wc-ee2-40,2,FALSE,FALSE,NA,C,ee,eec2,77.384,eec2,319,12.683385579937305,eec2,185.375,0.9847277556440903,11.698657824293214,0.15117670092387592
A,5,A5,4508,wc-ee2-40,2,FALSE,FALSE,NA,C,ee,eec1,71.178,eec1,766,5.885117493472585,eec1,185.375,0.9847277556440903,4.900389737828494,0.0688469715056407
B,2,B2,5908,wc-ee2-40,2,FALSE,FALSE,NA,C,ee,eec8,55.197,eec8,466,12.678111587982833,eec8,185.375,0.9847277556440903,11.693383832338743,0.21184817711721185
B,3,B3,7254,wc-ee2-40,2,FALSE,FALSE,NA,C,ee,eec7,66.74,eec7,712,10.188202247191011,eec7,185.375,0.9847277556440903,9.20347449154692,0.13790042690360985
B,4,B4,5847,wc-ee2-40,2,FALSE,FALSE,NA,C,ee,eec6,69.978,eec6,599,9.76126878130217,eec6,185.375,0.9847277556440903,8.77654102565808,0.12541857477575924
B,5,B5,3354,wc-ee2-40,2,FALSE,FALSE,NA,C,ee,eec5,68.269,eec5,266,12.609022556390977,eec5,185.375,0.9847277556440903,11.624294800746886,0.17027193602875224
C,2,C2,5984,wc-ee2-40,2,FALSE,FALSE,NA,D,ee,eed11,71.178,eed11,323,18.526315789473685,eed11,185.375,0.9847277556440903,17.541588033829594,0.2464467677348281
C,3,C3,1744,wc-ee2-40,2,FALSE,FALSE,NA,D,ee,eed12,32.831,eed12,231,7.54978354978355,eed12,185.375,0.9847277556440903,6.565055794139459,0.19996514861379364
C,4,C4,1148,wc-ee2-40,2,FALSE,FALSE,NA,D,ee,eed10,60.264,eed10,317,3.6214511041009465,eed10,185.375,0.9847277556440903,2.636723348456856,0.04375287648441617
C,5,C5,1260,wc-ee2-40,2,FALSE,FALSE,NA,D,ee,eed9,56.906,eed9,217,5.806451612903226,eed9,185.375,0.9847277556440903,4.821723857259135,0.08473137906827286
D,2,D2,4916,wc-ee2-40,2,FALSE,FALSE,NA,D,ee,eed13,66.65,eed13,616,7.98051948051948,eed13,185.375,0.9847277556440903,6.9957917248753905,0.10496311665229392
D,3,D3,3546,wc-ee2-40,2,FALSE,FALSE,NA,D,ee,eed14,53.128,eed14,745,4.759731543624161,eed14,185.375,0.9847277556440903,3.775003787980071,0.07105488232156434
D,4,D4,2848,wc-ee2-40,2,FALSE,FALSE,NA,D,ee,eed16,45.843,eed16,227,12.54625550660793,eed16,185.375,0.9847277556440903,11.561527750963839,0.2521983236473145
D,5,D5,856,wc-ee2-40,2,FALSE,FALSE,NA,D,ee,eed15,48.751,eed15,291,2.941580756013746,eed15,185.375,0.9847277556440903,1.9568530003696556,0.04013975098704961
A,2,A2,6708,wc-ee2-40,3,FALSE,FALSE,NA,C,ee,eec4,54.028,eec4,592,11.33108108108108,eec4,185.25,0.9840637450199203,10.34701733606116,0.19151212956358113
A,3,A3,375,wc-ee2-40,3,FALSE,FALSE,NA,C,ee,eec3,28.123,eec3,194,1.9329896907216495,eec3,185.25,0.9840637450199203,0.9489259457017292,0.033741988610807135
A,4,A4,4883,wc-ee2-40,3,FALSE,FALSE,NA,C,ee,eec2,77.384,eec2,319,15.307210031347962,eec2,185.25,0.9840637450199203,14.323146286328042,0.18509183146810765
A,5,A5,5318,wc-ee2-40,3,FALSE,FALSE,NA,C,ee,eec1,71.178,eec1,766,6.942558746736292,eec1,185.25,0.9840637450199203,5.958495001716372,0.08371259380309046
B,2,B2,6698,wc-ee2-40,3,FALSE,FALSE,NA,C,ee,eec8,55.197,eec8,466,14.373390557939913,eec8,185.25,0.9840637450199203,13.389326812919993,0.2425734516897656
B,3,B3,7895,wc-ee2-40,3,FALSE,FALSE,NA,C,ee,eec7,66.74,eec7,712,11.088483146067416,eec7,185.25,0.9840637450199203,10.104419401047496,0.15139975128929423
B,4,B4,6779,wc-ee2-40,3,FALSE,FALSE,NA,C,ee,eec6,69.978,eec6,599,11.31719532554257,eec6,185.25,0.9840637450199203,10.33313158052265,0.1476625736734781
B,5,B5,3634,wc-ee2-40,3,FALSE,FALSE,NA,C,ee,eec5,68.269,eec5,266,13.661654135338345,eec5,185.25,0.9840637450199203,12.677590390318425,0.18570054329664157
C,2,C2,6237,wc-ee2-40,3,FALSE,FALSE,NA,D,ee,eed11,71.178,eed11,323,19.309597523219814,eed11,185.25,0.9840637450199203,18.325533778199894,0.2574606448368863
C,3,C3,2176,wc-ee2-40,3,FALSE,FALSE,NA,D,ee,eed12,32.831,eed12,231,9.41991341991342,eed12,185.25,0.9840637450199203,8.4358496748935,0.25694769196471323
C,4,C4,1425,wc-ee2-40,3,FALSE,FALSE,NA,D,ee,eed10,60.264,eed10,317,4.495268138801261,eed10,185.25,0.9840637450199203,3.511204393781341,0.05826371289295999
C,5,C5,1380,wc-ee2-40,3,FALSE,FALSE,NA,D,ee,eed9,56.906,eed9,217,6.359447004608295,eed9,185.25,0.9840637450199203,5.375383259588375,0.09446074683844191
D,2,D2,5781,wc-ee2-40,3,FALSE,FALSE,NA,D,ee,eed13,66.65,eed13,616,9.38474025974026,eed13,185.25,0.9840637450199203,8.40067651472034,0.12604165813533894
D,3,D3,3809,wc-ee2-40,3,FALSE,FALSE,NA,D,ee,eed14,53.128,eed14,745,5.112751677852349,eed14,185.25,0.9840637450199203,4.128687932832428,0.07771209028821767
D,4,D4,2929,wc-ee2-40,3,FALSE,FALSE,NA,D,ee,eed16,45.843,eed16,227,12.90308370044053,eed16,185.25,0.9840637450199203,11.919019955420609,0.25999650885458214
D,5,D5,1272,wc-ee2-40,3,FALSE,FALSE,NA,D,ee,eed15,48.751,eed15,291,4.371134020618556,eed15,185.25,0.9840637450199203,3.387070275598636,0.06947693945967541
A,2,A2,7308,wc-ee2-40,4,FALSE,FALSE,NA,C,ee,eec4,54.028,eec4,592,12.344594594594595,eec4,186.625,0.9913678618857902,11.353226732708805,0.2101359800975199
A,3,A3,428,wc-ee2-40,4,FALSE,FALSE,NA,C,ee,eec3,28.123,eec3,194,2.2061855670103094,eec3,186.625,0.9913678618857902,1.2148177051245193,0.043196590161949974
A,4,A4,5433,wc-ee2-40,4,FALSE,FALSE,NA,C,ee,eec2,77.384,eec2,319,17.031347962382444,eec2,186.625,0.9913678618857902,16.039980100496653,0.20727773312954426
A,5,A5,6145,wc-ee2-40,4,FALSE,FALSE,NA,C,ee,eec1,71.178,eec1,766,8.02219321148825,eec1,186.625,0.9913678618857902,7.030825349602461,0.09877806835823515
B,2,B2,7065,wc-ee2-40,4,FALSE,FALSE,NA,C,ee,eec8,55.197,eec8,466,15.160944206008583,eec8,186.625,0.9913678618857902,14.169576344122794,0.2567091752110222
B,3,B3,8091,wc-ee2-40,4,FALSE,FALSE,NA,C,ee,eec7,66.74,eec7,712,11.36376404494382,eec7,186.625,0.9913678618857902,10.372396183058031,0.1554149862609834
B,4,B4,7279,wc-ee2-40,4,FALSE,FALSE,NA,C,ee,eec6,69.978,eec6,599,12.151919866444073,eec6,186.625,0.9913678618857902,11.160552004558284,0.15948658156218076
B,5,B5,3758,wc-ee2-40,4,FALSE,FALSE,NA,C,ee,eec5,68.269,eec5,266,14.12781954887218,eec5,186.625,0.9913678618857902,13.13645168698639,0.19242191458768093
C,2,C2,6505,wc-ee2-40,4,FALSE,FALSE,NA,D,ee,eed11,71.178,eed11,323,20.139318885448915,eed11,186.625,0.9913678618857902,19.147951023563124,0.26901501901659397
C,3,C3,2696,wc-ee2-40,4,FALSE,FALSE,NA,D,ee,eed12,32.831,eed12,231,11.670995670995671,eed12,186.625,0.9913678618857902,10.679627809109881,0.3252909691788212
C,4,C4,1868,wc-ee2-40,4,FALSE,FALSE,NA,D,ee,eed10,60.264,eed10,317,5.892744479495268,eed10,186.625,0.9913678618857902,4.901376617609477,0.08133175059089136
C,5,C5,1559,wc-ee2-40,4,FALSE,FALSE,NA,D,ee,eed9,56.906,eed9,217,7.184331797235023,eed9,186.625,0.9913678618857902,6.192963935349233,0.1088279607659866
D,2,D2,6210,wc-ee2-40,4,FALSE,FALSE,NA,D,ee,eed13,66.65,eed13,616,10.081168831168831,eed13,186.625,0.9913678618857902,9.089800969283042,0.1363811098166998
D,3,D3,4119,wc-ee2-40,4,FALSE,FALSE,NA,D,ee,eed14,53.128,eed14,745,5.528859060402684,eed14,186.625,0.9913678618857902,4.537491198516895,0.08540677606002287
D,4,D4,3264,wc-ee2-40,4,FALSE,FALSE,NA,D,ee,eed16,45.843,eed16,227,14.37885462555066,eed16,186.625,0.9913678618857902,13.387486763664871,0.292029028721176
D,5,D5,1572,wc-ee2-40,4,FALSE,FALSE,NA,D,ee,eed15,48.751,eed15,291,5.402061855670103,eed15,186.625,0.9913678618857902,4.410693993784314,0.09047391835622477
A,2,A2,8263,wc-ee2-40,5,FALSE,FALSE,NA,C,ee,eec4,54.028,eec4,592,13.95777027027027,eec4,187.625,0.9966799468791501,12.96109032339112,0.23989580075870143
A,3,A3,478,wc-ee2-40,5,FALSE,FALSE,NA,C,ee,eec3,28.123,eec3,194,2.463917525773196,eec3,187.625,0.9966799468791501,1.467237578894046,0.052172157269638586
A,4,A4,6083,wc-ee2-40,5,FALSE,FALSE,NA,C,ee,eec2,77.384,eec2,319,19.06896551724138,eec2,187.625,0.9966799468791501,18.07228557036223,0.2335403387051875
A,5,A5,7604,wc-ee2-40,5,FALSE,FALSE,NA,C,ee,eec1,71.178,eec1,766,9.926892950391645,eec1,187.625,0.9966799468791501,8.930213003512495,0.12546310662722324
B,2,B2,8321,wc-ee2-40,5,FALSE,FALSE,NA,C,ee,eec8,55.197,eec8,466,17.856223175965667,eec8,187.625,0.9966799468791501,16.859543229086515,0.30544310794221635
B,3,B3,8233,wc-ee2-40,5,FALSE,FALSE,NA,C,ee,eec7,66.74,eec7,712,11.563202247191011,eec7,187.625,0.9966799468791501,10.566522300311862,0.15832367845837372
B,4,B4,7614,wc-ee2-40,5,FALSE,FALSE,NA,C,ee,eec6,69.978,eec6,599,12.71118530884808,eec6,187.625,0.9966799468791501,11.71450536196893,0.16740268887320203
B,5,B5,4080,wc-ee2-40,5,FALSE,FALSE,NA,C,ee,eec5,68.269,eec5,266,15.338345864661655,eec5,187.625,0.9966799468791501,14.341665917782505,0.2100758165167573
C,2,C2,6654,wc-ee2-40,5,FALSE,FALSE,NA,D,ee,eed11,71.178,eed11,323,20.60061919504644,eed11,187.625,0.9966799468791501,19.60393924816729,0.27542132749118114
C,3,C3,3884,wc-ee2-40,5,FALSE,FALSE,NA,D,ee,eed12,32.831,eed12,231,16.813852813852815,eed12,187.625,0.9966799468791501,15.817172866973666,0.48177554344898615
C,4,C4,1998,wc-ee2-40,5,FALSE,FALSE,NA,D,ee,eed10,60.264,eed10,317,6.302839116719243,eed10,187.625,0.9966799468791501,5.306159169840093,0.08804857244524249
C,5,C5,1694,wc-ee2-40,5,FALSE,FALSE,NA,D,ee,eed9,56.906,eed9,217,7.806451612903226,eed9,187.625,0.9966799468791501,6.809771666024076,0.11966702396977606
D,2,D2,7362,wc-ee2-40,5,FALSE,FALSE,NA,D,ee,eed13,66.65,eed13,616,11.9512987012987,eed13,187.625,0.9966799468791501,10.95461875441955,0.16436037140914553
D,3,D3,4663,wc-ee2-40,5,FALSE,FALSE,NA,D,ee,eed14,53.128,eed14,745,6.259060402684564,eed14,187.625,0.9966799468791501,5.262380455805413,0.09905097981865331
D,4,D4,4449,wc-ee2-40,5,FALSE,FALSE,NA,D,ee,eed16,45.843,eed16,227,19.599118942731277,eed16,187.625,0.9966799468791501,18.602438995852125,0.40578581235634936
D,5,D5,2470,wc-ee2-40,5,FALSE,FALSE,NA,D,ee,eed15,48.751,eed15,291,8.487972508591065,eed15,187.625,0.9966799468791501,7.491292561711916,0.1536643876374211
A,2,A2,8497,wc-ee2-40,6,FALSE,FALSE,NA,C,ee,eec4,54.028,eec4,592,14.35304054054054,eec4,189.375,1.0059760956175299,13.34706444492301,0.24703976539799752
A,3,A3,548,wc-ee2-40,6,FALSE,FALSE,NA,C,ee,eec3,28.123,eec3,194,2.8247422680412373,eec3,189.375,1.0059760956175299,1.8187661724237074,0.06467184057261698
A,4,A4,6969,wc-ee2-40,6,FALSE,FALSE,NA,C,ee,eec2,77.384,eec2,319,21.846394984326018,eec2,189.375,1.0059760956175299,20.840418888708488,0.2693117296690335
A,5,A5,8143,wc-ee2-40,6,FALSE,FALSE,NA,C,ee,eec1,71.178,eec1,766,10.630548302872063,eec1,189.375,1.0059760956175299,9.624572207254532,0.1352183568975601
B,2,B2,8673,wc-ee2-40,6,FALSE,FALSE,NA,C,ee,eec8,55.197,eec8,466,18.611587982832617,eec8,189.375,1.0059760956175299,17.605611887215087,0.31895957909333994
B,3,B3,8325,wc-ee2-40,6,FALSE,FALSE,NA,C,ee,eec7,66.74,eec7,712,11.692415730337078,eec7,189.375,1.0059760956175299,10.686439634719548,0.1601204620125794
B,4,B4,7965,wc-ee2-40,6,FALSE,FALSE,NA,C,ee,eec6,69.978,eec6,599,13.297161936560935,eec6,189.375,1.0059760956175299,12.291185840943404,0.1756435714216383
B,5,B5,4214,wc-ee2-40,6,FALSE,FALSE,NA,C,ee,eec5,68.269,eec5,266,15.842105263157896,eec5,189.375,1.0059760956175299,14.836129167540365,0.2173186829679703
C,2,C2,7020,wc-ee2-40,6,FALSE,FALSE,NA,D,ee,eed11,71.178,eed11,323,21.73374613003096,eed11,189.375,1.0059760956175299,20.727770034413428,0.2912103463768781
C,3,C3,4145,wc-ee2-40,6,FALSE,FALSE,NA,D,ee,eed12,32.831,eed12,231,17.943722943722943,eed12,189.375,1.0059760956175299,16.937746848105412,0.5159071258294116
C,4,C4,2479,wc-ee2-40,6,FALSE,FALSE,NA,D,ee,eed10,60.264,eed10,317,7.82018927444795,eed10,189.375,1.0059760956175299,6.814213178830419,0.1130726997681936
C,5,C5,2017,wc-ee2-40,6,FALSE,FALSE,NA,D,ee,eed9,56.906,eed9,217,9.294930875576037,eed9,189.375,1.0059760956175299,8.288954779958507,0.14566047130282408
D,2,D2,7601,wc-ee2-40,6,FALSE,FALSE,NA,D,ee,eed13,66.65,eed13,616,12.339285714285714,eed13,189.375,1.0059760956175299,11.333309618668183,0.17004215481872742
D,3,D3,5171,wc-ee2-40,6,FALSE,FALSE,NA,D,ee,eed14,53.128,eed14,745,6.940939597315436,eed14,189.375,1.0059760956175299,5.934963501697906,0.11171065166574887
D,4,D4,5244,wc-ee2-40,6,FALSE,FALSE,NA,D,ee,eed16,45.843,eed16,227,23.101321585903083,eed16,189.375,1.0059760956175299,22.095345490285553,0.4819786115717896
D,5,D5,3019,wc-ee2-40,6,FALSE,FALSE,NA,D,ee,eed15,48.751,eed15,291,10.374570446735396,eed15,189.375,1.0059760956175299,9.368594351117865,0.19217235238493294
A,2,A2,406,wc-ep1-40,0,FALSE,FALSE,NA,A,ep,epa2,59.066,epa2,406,1,epa2,200.625,1.0657370517928286,-0.06573705179282863,-0.0011129423321848207
A,3,A3,869,wc-ep1-40,0,FALSE,FALSE,NA,A,ep,epa3,85.382,epa3,869,1,epa3,200.625,1.0657370517928286,-0.06573705179282863,-7.699169824181751e-4
A,4,A4,572,wc-ep1-40,0,FALSE,FALSE,NA,A,ep,epa4,58.984,epa4,572,1,epa4,200.625,1.0657370517928286,-0.06573705179282863,-0.0011144895529775639
A,5,A5,392,wc-ep1-40,0,FALSE,FALSE,NA,A,ep,epa1,74.11,epa1,392,1,epa1,200.625,1.0657370517928286,-0.06573705179282863,-8.870199945058511e-4
B,2,B2,426,wc-ep1-40,0,FALSE,FALSE,NA,A,ep,epa6,78.537,epa6,426,1,epa6,200.625,1.0657370517928286,-0.06573705179282863,-8.370201534668834e-4
B,3,B3,950,wc-ep1-40,0,FALSE,FALSE,NA,A,ep,epa7,66.814,epa7,950,1,epa7,200.625,1.0657370517928286,-0.06573705179282863,-9.838813990006381e-4
B,4,B4,358,wc-ep1-40,0,FALSE,FALSE,NA,A,ep,epa5,69.724,epa5,358,1,epa5,200.625,1.0657370517928286,-0.06573705179282863,-9.428181371239261e-4
B,5,B5,323,wc-ep1-40,0,FALSE,FALSE,NA,A,ep,epa8,60.132,epa8,323,1,epa8,200.625,1.0657370517928286,-0.06573705179282863,-0.0010932124624630584
C,2,C2,250,wc-ep1-40,0,FALSE,FALSE,NA,B,ep,epb10,53.082,epb10,250,1,epb10,200.625,1.0657370517928286,-0.06573705179282863,-0.0012384057080145553
C,3,C3,436,wc-ep1-40,0,FALSE,FALSE,NA,B,ep,epb11,73.741,epb11,436,1,epb11,200.625,1.0657370517928286,-0.06573705179282863,-8.914586429913972e-4
C,4,C4,577,wc-ep1-40,0,FALSE,FALSE,NA,B,ep,epb9,96.285,epb9,577,1,epb9,200.625,1.0657370517928286,-0.06573705179282863,-6.827340893475476e-4
C,5,C5,731,wc-ep1-40,0,FALSE,FALSE,NA,B,ep,epb12,71.568,epb12,731,1,epb12,200.625,1.0657370517928286,-0.06573705179282863,-9.185257628105945e-4
D,2,D2,373,wc-ep1-40,0,FALSE,FALSE,NA,B,ep,epb16,60.87,epb16,373,1,epb16,200.625,1.0657370517928286,-0.06573705179282863,-0.0010799581368954926
D,3,D3,634,wc-ep1-40,0,FALSE,FALSE,NA,B,ep,epb13,66.117,epb13,634,1,epb13,200.625,1.0657370517928286,-0.06573705179282863,-9.942533961436336e-4
D,4,D4,782,wc-ep1-40,0,FALSE,FALSE,NA,B,ep,epb15,75.38,epb15,782,1,epb15,200.625,1.0657370517928286,-0.06573705179282863,-8.72075507997196e-4
D,5,D5,391,wc-ep1-40,0,FALSE,FALSE,NA,B,ep,epb14,50.295,epb14,391,1,epb14,200.625,1.0657370517928286,-0.06573705179282863,-0.0013070295614440526
A,2,A2,2566,wc-ep1-40,1,FALSE,FALSE,NA,A,ep,epa2,59.066,epa2,406,6.320197044334975,epa2,205.125,1.0896414342629481,5.230555610072027,0.08855442403535074
A,3,A3,7441,wc-ep1-40,1,FALSE,FALSE,NA,A,ep,epa3,85.382,epa3,869,8.562715765247411,epa3,205.125,1.0896414342629481,7.473074330984463,0.0875251731159315
A,4,A4,4309,wc-ep1-40,1,FALSE,FALSE,NA,A,ep,epa4,58.984,epa4,572,7.533216783216783,epa4,205.125,1.0896414342629481,6.443575348953836,0.10924276666475376
A,5,A5,4791,wc-ep1-40,1,FALSE,FALSE,NA,A,ep,epa1,74.11,epa1,392,12.221938775510203,epa1,205.125,1.0896414342629481,11.132297341247256,0.15021316072388688
B,2,B2,5878,wc-ep1-40,1,FALSE,FALSE,NA,A,ep,epa6,78.537,epa6,426,13.7981220657277,epa6,205.125,1.0896414342629481,12.708480631464752,0.16181520342596167
B,3,B3,5314,wc-ep1-40,1,FALSE,FALSE,NA,A,ep,epa7,66.814,epa7,950,5.593684210526316,epa7,205.125,1.0896414342629481,4.504042776263368,0.06741166187121515
B,4,B4,3482,wc-ep1-40,1,FALSE,FALSE,NA,A,ep,epa5,69.724,epa5,358,9.726256983240223,epa5,205.125,1.0896414342629481,8.636615548977275,0.1238686183950616
B,5,B5,3328,wc-ep1-40,1,FALSE,FALSE,NA,A,ep,epa8,60.132,epa8,323,10.303405572755418,epa8,205.125,1.0896414342629481,9.21376413849247,0.15322563923522367
C,2,C2,3380,wc-ep1-40,1,FALSE,FALSE,NA,B,ep,epb10,53.082,epb10,250,13.52,epb10,205.125,1.0896414342629481,12.430358565737052,0.2341727622496713
C,3,C3,4231,wc-ep1-40,1,FALSE,FALSE,NA,B,ep,epb11,73.741,epb11,436,9.704128440366972,epb11,205.125,1.0896414342629481,8.614487006104024,0.11682085957749454
C,4,C4,7394,wc-ep1-40,1,FALSE,FALSE,NA,B,ep,epb9,96.285,epb9,577,12.814558058925476,epb9,205.125,1.0896414342629481,11.724916624662528,0.12177303447746304
C,5,C5,4394,wc-ep1-40,1,FALSE,FALSE,NA,B,ep,epb12,71.568,epb12,731,6.010943912448701,epb12,205.125,1.0896414342629481,4.921302478185753,0.06876400735224895
D,2,D2,3423,wc-ep1-40,1,FALSE,FALSE,NA,B,ep,epb16,60.87,epb16,373,9.176943699731904,epb16,205.125,1.0896414342629481,8.087302265468956,0.13286187391931914
D,3,D3,2952,wc-ep1-40,1,FALSE,FALSE,NA,B,ep,epb13,66.117,epb13,634,4.65615141955836,epb13,205.125,1.0896414342629481,3.566509985295412,0.053942404907896785
D,4,D4,4877,wc-ep1-40,1,FALSE,FALSE,NA,B,ep,epb15,75.38,epb15,782,6.236572890025576,epb15,205.125,1.0896414342629481,5.146931455762628,0.06827980174797862
D,5,D5,1999,wc-ep1-40,1,FALSE,FALSE,NA,B,ep,epb14,50.295,epb14,391,5.112531969309463,epb14,205.125,1.0896414342629481,4.022890535046514,0.07998589392676238
A,2,A2,2626,wc-ep1-40,2,FALSE,FALSE,NA,A,ep,epa2,59.066,epa2,406,6.467980295566503,epa2,207.125,1.100265604249668,5.367714691316834,0.09087655658613812
A,3,A3,10740,wc-ep1-40,2,FALSE,FALSE,NA,A,ep,epa3,85.382,epa3,869,12.3590333716916,epa3,207.125,1.100265604249668,11.258767767441933,0.1318634813829839
A,4,A4,5792,wc-ep1-40,2,FALSE,FALSE,NA,A,ep,epa4,58.984,epa4,572,10.125874125874127,epa4,207.125,1.100265604249668,9.02560852162446,0.1530179120036698
A,5,A5,6445,wc-ep1-40,2,FALSE,FALSE,NA,A,ep,epa1,74.11,epa1,392,16.441326530612244,epa1,207.125,1.100265604249668,15.341060926362577,0.20700392560197783
B,2,B2,7606,wc-ep1-40,2,FALSE,FALSE,NA,A,ep,epa6,78.537,epa6,426,17.854460093896712,epa6,207.125,1.100265604249668,16.754194489647045,0.21332867934409314
B,3,B3,7525,wc-ep1-40,2,FALSE,FALSE,NA,A,ep,epa7,66.814,epa7,950,7.921052631578948,epa7,207.125,1.100265604249668,6.820787027329279,0.10208619491916784
B,4,B4,5377,wc-ep1-40,2,FALSE,FALSE,NA,A,ep,epa5,69.724,epa5,358,15.019553072625698,epa5,207.125,1.100265604249668,13.91928746837603,0.19963409254167905
B,5,B5,4933,wc-ep1-40,2,FALSE,FALSE,NA,A,ep,epa8,60.132,epa8,323,15.272445820433436,epa8,207.125,1.100265604249668,14.172180216183769,0.23568449770810498
C,2,C2,5658,wc-ep1-40,2,FALSE,FALSE,NA,B,ep,epb10,53.082,epb10,250,22.632,epb10,207.125,1.100265604249668,21.531734395750334,0.40563155864041167
C,3,C3,6660,wc-ep1-40,2,FALSE,FALSE,NA,B,ep,epb11,73.741,epb11,436,15.275229357798166,epb11,207.125,1.100265604249668,14.174963753548498,0.1922263564848388
C,4,C4,9762,wc-ep1-40,2,FALSE,FALSE,NA,B,ep,epb9,96.285,epb9,577,16.91854419410745,epb9,207.125,1.100265604249668,15.818278589857783,0.16428601121522338
C,5,C5,5756,wc-ep1-40,2,FALSE,FALSE,NA,B,ep,epb12,71.568,epb12,731,7.874145006839945,epb12,207.125,1.100265604249668,6.773879402590277,0.09464955570353059
D,2,D2,5059,wc-ep1-40,2,FALSE,FALSE,NA,B,ep,epb16,60.87,epb16,373,13.563002680965148,epb16,207.125,1.100265604249668,12.46273707671548,0.20474350380672715
D,3,D3,3871,wc-ep1-40,2,FALSE,FALSE,NA,B,ep,epb13,66.117,epb13,634,6.105678233438486,epb13,207.125,1.100265604249668,5.005412629188818,0.07570538029839251
D,4,D4,6476,wc-ep1-40,2,FALSE,FALSE,NA,B,ep,epb15,75.38,epb15,782,8.281329923273658,epb15,207.125,1.100265604249668,7.1810643190239904,0.0952648490186255
D,5,D5,3374,wc-ep1-40,2,FALSE,FALSE,NA,B,ep,epb14,50.295,epb14,391,8.62915601023018,epb14,207.125,1.100265604249668,7.528890405980512,0.1496946099210759
A,2,A2,3319,wc-ep1-40,3,FALSE,FALSE,NA,A,ep,epa2,59.066,epa2,406,8.17487684729064,epa2,209,1.1102257636122177,7.064651083678423,0.1196060522750554
A,3,A3,11673,wc-ep1-40,3,FALSE,FALSE,NA,A,ep,epa3,85.382,epa3,869,13.432681242807826,epa3,209,1.1102257636122177,12.322455479195607,0.14432146681028327
A,4,A4,6934,wc-ep1-40,3,FALSE,FALSE,NA,A,ep,epa4,58.984,epa4,572,12.122377622377622,epa4,209,1.1102257636122177,11.012151858765403,0.18669727144251666
A,5,A5,7301,wc-ep1-40,3,FALSE,FALSE,NA,A,ep,epa1,74.11,epa1,392,18.625,epa1,209,1.1102257636122177,17.514774236387783,0.23633482979878268
B,2,B2,8461,wc-ep1-40,3,FALSE,FALSE,NA,A,ep,epa6,78.537,epa6,426,19.86150234741784,epa6,209,1.1102257636122177,18.751276583805623,0.2387572301438255
B,3,B3,8615,wc-ep1-40,3,FALSE,FALSE,NA,A,ep,epa7,66.814,epa7,950,9.06842105263158,epa7,209,1.1102257636122177,7.958195289019362,0.11910969690513011
B,4,B4,7113,wc-ep1-40,3,FALSE,FALSE,NA,A,ep,epa5,69.724,epa5,358,19.868715083798882,epa5,209,1.1102257636122177,18.758489320186666,0.2690392019991203
B,5,B5,6681,wc-ep1-40,3,FALSE,FALSE,NA,A,ep,epa8,60.132,epa8,323,20.68421052631579,epa8,209,1.1102257636122177,19.573984762703574,0.32551694210576027
C,2,C2,7863,wc-ep1-40,3,FALSE,FALSE,NA,B,ep,epb10,53.082,epb10,250,31.452,epb10,209,1.1102257636122177,30.341774236387785,0.5716019410796086
C,3,C3,8816,wc-ep1-40,3,FALSE,FALSE,NA,B,ep,epb11,73.741,epb11,436,20.220183486238533,epb11,209,1.1102257636122177,19.109957722626316,0.2591496958629028
C,4,C4,10397,wc-ep1-40,3,FALSE,FALSE,NA,B,ep,epb9,96.285,epb9,577,18.019064124783363,epb9,209,1.1102257636122177,16.908838361171146,0.17561238366486104
C,5,C5,6853,wc-ep1-40,3,FALSE,FALSE,NA,B,ep,epb12,71.568,epb12,731,9.374829001367988,epb12,209,1.1102257636122177,8.264603237755772,0.11547903026151034
D,2,D2,6264,wc-ep1-40,3,FALSE,FALSE,NA,B,ep,epb16,60.87,epb16,373,16.79356568364611,epb16,209,1.1102257636122177,15.683339920033895,0.25765302973605875
D,3,D3,5100,wc-ep1-40,3,FALSE,FALSE,NA,B,ep,epb13,66.117,epb13,634,8.04416403785489,epb13,209,1.1102257636122177,6.933938274242672,0.10487375825041474
D,4,D4,7065,wc-ep1-40,3,FALSE,FALSE,NA,B,ep,epb15,75.38,epb15,782,9.03452685421995,epb15,209,1.1102257636122177,7.924301090607732,0.10512471598046873
D,5,D5,4177,wc-ep1-40,3,FALSE,FALSE,NA,B,ep,epb14,50.295,epb14,391,10.682864450127877,epb14,209,1.1102257636122177,9.57263868651566,0.1903298277466082
A,2,A2,3469,wc-ep1-40,4,FALSE,FALSE,NA,A,ep,epa2,59.066,epa2,406,8.544334975369457,epa2,210.25,1.1168658698539176,7.42746910551554,0.12574863890420104
A,3,A3,11806,wc-ep1-40,4,FALSE,FALSE,NA,A,ep,epa3,85.382,epa3,869,13.585730724971231,epa3,210.25,1.1168658698539176,12.468864855117314,0.14603622373705596
A,4,A4,9094,wc-ep1-40,4,FALSE,FALSE,NA,A,ep,epa4,58.984,epa4,572,15.898601398601398,epa4,210.25,1.1168658698539176,14.78173552874748,0.2506058512265611
A,5,A5,7571,wc-ep1-40,4,FALSE,FALSE,NA,A,ep,epa1,74.11,epa1,392,19.31377551020408,epa1,210.25,1.1168658698539176,18.196909640350164,0.24553919363581383
B,2,B2,8695,wc-ep1-40,4,FALSE,FALSE,NA,A,ep,epa6,78.537,epa6,426,20.410798122065728,epa6,210.25,1.1168658698539176,19.29393225221181,0.2456667844737106
B,3,B3,9306,wc-ep1-40,4,FALSE,FALSE,NA,A,ep,epa7,66.814,epa7,950,9.795789473684211,epa7,210.25,1.1168658698539176,8.678923603830293,0.12989678216886122
B,4,B4,7705,wc-ep1-40,4,FALSE,FALSE,NA,A,ep,epa5,69.724,epa5,358,21.522346368715084,epa5,210.25,1.1168658698539176,20.405480498861166,0.2926607839318049
B,5,B5,7116,wc-ep1-40,4,FALSE,FALSE,NA,A,ep,epa8,60.132,epa8,323,22.03095975232198,epa8,210.25,1.1168658698539176,20.914093882468062,0.3478030646322767
C,2,C2,9255,wc-ep1-40,4,FALSE,FALSE,NA,B,ep,epb10,53.082,epb10,250,37.02,epb10,210.25,1.1168658698539176,35.903134130146086,0.6763711640508286
C,3,C3,9354,wc-ep1-40,4,FALSE,FALSE,NA,B,ep,epb11,73.741,epb11,436,21.454128440366972,epb11,210.25,1.1168658698539176,20.337262570513055,0.27579314859458176
C,4,C4,10616,wc-ep1-40,4,FALSE,FALSE,NA,B,ep,epb9,96.285,epb9,577,18.398613518197575,epb9,210.25,1.1168658698539176,17.281747648343657,0.1794853575151234
C,5,C5,7925,wc-ep1-40,4,FALSE,FALSE,NA,B,ep,epb12,71.568,epb12,731,10.841313269493844,epb12,210.25,1.1168658698539176,9.724447399639926,0.13587703162921874
D,2,D2,6795,wc-ep1-40,4,FALSE,FALSE,NA,B,ep,epb16,60.87,epb16,373,18.2171581769437,epb16,210.25,1.1168658698539176,17.10029230708978,0.2809313669638538
D,3,D3,6295,wc-ep1-40,4,FALSE,FALSE,NA,B,ep,epb13,66.117,epb13,634,9.929022082018928,epb13,210.25,1.1168658698539176,8.81215621216501,0.13328124706452213
D,4,D4,7672,wc-ep1-40,4,FALSE,FALSE,NA,B,ep,epb15,75.38,epb15,782,9.81074168797954,epb15,210.25,1.1168658698539176,8.693875818125623,0.11533398538240412
D,5,D5,5879,wc-ep1-40,4,FALSE,FALSE,NA,B,ep,epb14,50.295,epb14,391,15.035805626598465,epb14,210.25,1.1168658698539176,13.918939756744548,0.2767459937716383
A,2,A2,4095,wc-ep1-40,5,FALSE,FALSE,NA,A,ep,epa2,59.066,epa2,406,10.086206896551724,epa2,211.75,1.1248339973439574,8.961372899207767,0.15171795786421574
A,3,A3,11797,wc-ep1-40,5,FALSE,FALSE,NA,A,ep,epa3,85.382,epa3,869,13.575373993095512,epa3,211.75,1.1248339973439574,12.450539995751555,0.145821601692998
A,4,A4,9990,wc-ep1-40,5,FALSE,FALSE,NA,A,ep,epa4,58.984,epa4,572,17.465034965034967,epa4,211.75,1.1248339973439574,16.34020096769101,0.27702768492626834
A,5,A5,7981,wc-ep1-40,5,FALSE,FALSE,NA,A,ep,epa1,74.11,epa1,392,20.35969387755102,epa1,211.75,1.1248339973439574,19.23485988020706,0.2595447291891386
B,2,B2,8828,wc-ep1-40,5,FALSE,FALSE,NA,A,ep,epa6,78.537,epa6,426,20.72300469483568,epa6,211.75,1.1248339973439574,19.598170697491724,0.24954060757976143
B,3,B3,9566,wc-ep1-40,5,FALSE,FALSE,NA,A,ep,epa7,66.814,epa7,950,10.069473684210527,epa7,211.75,1.1248339973439574,8.94463968686657,0.13387373435008487
B,4,B4,8259,wc-ep1-40,5,FALSE,FALSE,NA,A,ep,epa5,69.724,epa5,358,23.06983240223464,epa5,211.75,1.1248339973439574,21.944998404890683,0.31474095583860195
B,5,B5,7728,wc-ep1-40,5,FALSE,FALSE,NA,A,ep,epa8,60.132,epa8,323,23.925696594427244,epa8,211.75,1.1248339973439574,22.800862597083288,0.37918018022156735
C,2,C2,10012,wc-ep1-40,5,FALSE,FALSE,NA,B,ep,epb10,53.082,epb10,250,40.048,epb10,211.75,1.1248339973439574,38.923166002656046,0.7332648732650625
C,3,C3,9501,wc-ep1-40,5,FALSE,FALSE,NA,B,ep,epb11,73.741,epb11,436,21.791284403669724,epb11,211.75,1.1248339973439574,20.666450406325765,0.28025725724258915
C,4,C4,10573,wc-ep1-40,5,FALSE,FALSE,NA,B,ep,epb9,96.285,epb9,577,18.32409012131716,epb9,211.75,1.1248339973439574,17.1992561239732,0.17862861425947135
C,5,C5,8654,wc-ep1-40,5,FALSE,FALSE,NA,B,ep,epb12,71.568,epb12,731,11.83857729138167,epb12,211.75,1.1248339973439574,10.713743294037712,0.1497001913430264
D,2,D2,7860,wc-ep1-40,5,FALSE,FALSE,NA,B,ep,epb16,60.87,epb16,373,21.072386058981234,epb16,211.75,1.1248339973439574,19.947552061637275,0.3277074431023045
D,3,D3,7423,wc-ep1-40,5,FALSE,FALSE,NA,B,ep,epb13,66.117,epb13,634,11.70820189274448,epb13,211.75,1.1248339973439574,10.583367895400523,0.1600702980383339
D,4,D4,8491,wc-ep1-40,5,FALSE,FALSE,NA,B,ep,epb15,75.38,epb15,782,10.858056265984654,epb15,211.75,1.1248339973439574,9.733222268640697,0.1291220783847267
D,5,D5,8047,wc-ep1-40,5,FALSE,FALSE,NA,B,ep,epb14,50.295,epb14,391,20.580562659846546,epb14,211.75,1.1248339973439574,19.455728662502587,0.38683226289894795
A,2,A2,4185,wc-ep1-40,6,FALSE,FALSE,NA,A,ep,epa2,59.066,epa2,406,10.307881773399014,epa2,213.125,1.1321381142098275,9.175743659189187,0.15534730063300692
A,3,A3,11748,wc-ep1-40,6,FALSE,FALSE,NA,A,ep,epa3,85.382,epa3,869,13.518987341772151,epa3,213.125,1.1321381142098275,12.386849227562324,0.14507565092832592
A,4,A4,10132,wc-ep1-40,6,FALSE,FALSE,NA,A,ep,epa4,58.984,epa4,572,17.713286713286713,epa4,213.125,1.1321381142098275,16.581148599076887,0.28111265087272624
A,5,A5,8142,wc-ep1-40,6,FALSE,FALSE,NA,A,ep,epa1,74.11,epa1,392,20.770408163265305,epa1,213.125,1.1321381142098275,19.63827004905548,0.2649881264209348
B,2,B2,8977,wc-ep1-40,6,FALSE,FALSE,NA,A,ep,epa6,78.537,epa6,426,21.072769953051644,epa6,213.125,1.1321381142098275,19.940631838841817,0.25390111461911985
B,3,B3,9655,wc-ep1-40,6,FALSE,FALSE,NA,A,ep,epa7,66.814,epa7,950,10.163157894736843,epa7,213.125,1.1321381142098275,9.031019780527016,0.13516657856926717
B,4,B4,8489,wc-ep1-40,6,FALSE,FALSE,NA,A,ep,epa5,69.724,epa5,358,23.712290502793294,epa5,213.125,1.1321381142098275,22.580152388583468,0.32385050181549346
B,5,B5,7916,wc-ep1-40,6,FALSE,FALSE,NA,A,ep,epa8,60.132,epa8,323,24.507739938080494,epa8,213.125,1.1321381142098275,23.375601823870667,0.388738139823566
C,2,C2,10084,wc-ep1-40,6,FALSE,FALSE,NA,B,ep,epb10,53.082,epb10,250,40.336,epb10,213.125,1.1321381142098275,39.20386188579017,0.7385528406199874
C,3,C3,9520,wc-ep1-40,6,FALSE,FALSE,NA,B,ep,epb11,73.741,epb11,436,21.834862385321102,epb11,213.125,1.1321381142098275,20.702724271111276,0.28074916628620816
C,4,C4,10448,wc-ep1-40,6,FALSE,FALSE,NA,B,ep,epb9,96.285,epb9,577,18.10745233968804,epb9,213.125,1.1321381142098275,16.975314225478215,0.17630279093813384
C,5,C5,8743,wc-ep1-40,6,FALSE,FALSE,NA,B,ep,epb12,71.568,epb12,731,11.960328317373461,epb12,213.125,1.1321381142098275,10.828190203163635,0.151299326558848
D,2,D2,8174,wc-ep1-40,6,FALSE,FALSE,NA,B,ep,epb16,60.87,epb16,373,21.9142091152815,epb16,213.125,1.1321381142098275,20.782071001071674,0.34141729917975483
D,3,D3,7669,wc-ep1-40,6,FALSE,FALSE,NA,B,ep,epb13,66.117,epb13,634,12.09621451104101,epb13,213.125,1.1321381142098275,10.964076396831183,0.16582840111969965
D,4,D4,8801,wc-ep1-40,6,FALSE,FALSE,NA,B,ep,epb15,75.38,epb15,782,11.254475703324808,epb15,213.125,1.1321381142098275,10.12233758911498,0.13428412827162353
D,5,D5,8885,wc-ep1-40,6,FALSE,FALSE,NA,B,ep,epb14,50.295,epb14,391,22.723785166240408,epb14,213.125,1.1321381142098275,21.59164705203058,0.4293000706239304
A,2,A2,228,wc-ep2-40,0,FALSE,FALSE,NA,C,ep,epc2,28.484,epc2,228,1,epc2,210.625,1.1188579017264275,-0.11885790172642752,-0.004172795314086066
A,3,A3,663,wc-ep2-40,0,FALSE,FALSE,NA,C,ep,epc3,48.484,epc3,663,1,epc3,210.625,1.1188579017264275,-0.11885790172642752,-0.0024514871241322397
A,4,A4,364,wc-ep2-40,0,FALSE,FALSE,NA,C,ep,epc1,67.382,epc1,364,1,epc1,210.625,1.1188579017264275,-0.11885790172642752,-0.001763941434306306
A,5,A5,297,wc-ep2-40,0,FALSE,FALSE,NA,C,ep,epc4,59.062,epc4,297,1,epc4,210.625,1.1188579017264275,-0.11885790172642752,-0.0020124259545296046
B,2,B2,294,wc-ep2-40,0,FALSE,FALSE,NA,C,ep,epc5,77.988,epc5,294,1,epc5,210.625,1.1188579017264275,-0.11885790172642752,-0.0015240537227064102
B,3,B3,364,wc-ep2-40,0,FALSE,FALSE,NA,C,ep,epc7,53.939,epc7,364,1,epc7,210.625,1.1188579017264275,-0.11885790172642752,-0.0022035614625118658
B,4,B4,449,wc-ep2-40,0,FALSE,FALSE,NA,C,ep,epc8,57.272,epc8,449,1,epc8,210.625,1.1188579017264275,-0.11885790172642752,-0.002075323050119212
B,5,B5,279,wc-ep2-40,0,FALSE,FALSE,NA,C,ep,epc6,76.032,epc6,279,1,epc6,210.625,1.1188579017264275,-0.11885790172642752,-0.0015632615441712374
C,2,C2,752,wc-ep2-40,0,FALSE,FALSE,NA,D,ep,epd9,64.847,epd9,752,1,epd9,210.625,1.1188579017264275,-0.11885790172642752,-0.0018328974621251181
C,3,C3,375,wc-ep2-40,0,FALSE,FALSE,NA,D,ep,epd10,63.856,epd10,375,1,epd10,210.625,1.1188579017264275,-0.11885790172642752,-0.0018613427356305987
C,4,C4,298,wc-ep2-40,0,FALSE,FALSE,NA,D,ep,epd11,60.522,epd11,298,1,epd11,210.625,1.1188579017264275,-0.11885790172642752,-0.001963879279046091
C,5,C5,416,wc-ep2-40,0,FALSE,FALSE,NA,D,ep,epd12,82.423,epd12,416,1,epd12,210.625,1.1188579017264275,-0.11885790172642752,-0.0014420477503418647
D,2,D2,501,wc-ep2-40,0,FALSE,FALSE,NA,D,ep,epd13,75.095,epd13,501,1,epd13,210.625,1.1188579017264275,-0.11885790172642752,-0.0015827671845852257
D,3,D3,293,wc-ep2-40,0,FALSE,FALSE,NA,D,ep,epd14,57.713,epd14,293,1,epd14,210.625,1.1188579017264275,-0.11885790172642752,-0.0020594649684893785
D,4,D4,265,wc-ep2-40,0,FALSE,FALSE,NA,D,ep,epd15,58.567,epd15,265,1,epd15,210.625,1.1188579017264275,-0.11885790172642752,-0.00202943469405002
D,5,D5,279,wc-ep2-40,0,FALSE,FALSE,NA,D,ep,epd16,77.602,epd16,279,1,epd16,210.625,1.1188579017264275,-0.11885790172642752,-0.0015316345162035452
A,2,A2,1125,wc-ep2-40,1,FALSE,FALSE,NA,C,ep,epc2,28.484,epc2,228,4.934210526315789,epc2,215.625,1.1454183266932272,3.788792199622562,0.13301475212830227
A,3,A3,3370,wc-ep2-40,1,FALSE,FALSE,NA,C,ep,epc3,48.484,epc3,663,5.082956259426847,epc3,215.625,1.1454183266932272,3.93753793273362,0.08121314109260003
A,4,A4,2822,wc-ep2-40,1,FALSE,FALSE,NA,C,ep,epc1,67.382,epc1,364,7.752747252747253,epc1,215.625,1.1454183266932272,6.607328926054025,0.09805777397604738
A,5,A5,3345,wc-ep2-40,1,FALSE,FALSE,NA,C,ep,epc4,59.062,epc4,297,11.262626262626263,epc4,215.625,1.1454183266932272,10.117207935933036,0.17129809244409328
B,2,B2,4450,wc-ep2-40,1,FALSE,FALSE,NA,C,ep,epc5,77.988,epc5,294,15.136054421768707,epc5,215.625,1.1454183266932272,13.99063609507548,0.17939472861306202
B,3,B3,3797,wc-ep2-40,1,FALSE,FALSE,NA,C,ep,epc7,53.939,epc7,364,10.43131868131868,epc7,215.625,1.1454183266932272,9.285900354625454,0.17215558973331826
B,4,B4,3572,wc-ep2-40,1,FALSE,FALSE,NA,C,ep,epc8,57.272,epc8,449,7.955456570155902,epc8,215.625,1.1454183266932272,6.8100382434626745,0.11890693957715244
B,5,B5,1664,wc-ep2-40,1,FALSE,FALSE,NA,C,ep,epc6,76.032,epc6,279,5.96415770609319,epc6,215.625,1.1454183266932272,4.818739379399963,0.06337778013731012
C,2,C2,4097,wc-ep2-40,1,FALSE,FALSE,NA,D,ep,epd9,64.847,epd9,752,5.44813829787234,epd9,215.625,1.1454183266932272,4.302719971179113,0.06635187396763324
C,3,C3,4312,wc-ep2-40,1,FALSE,FALSE,NA,D,ep,epd10,63.856,epd10,375,11.498666666666667,epd10,215.625,1.1454183266932272,10.35324833997344,0.16213430750396893
C,4,C4,2693,wc-ep2-40,1,FALSE,FALSE,NA,D,ep,epd11,60.522,epd11,298,9.036912751677852,epd11,215.625,1.1454183266932272,7.891494424984624,0.13039050964912965
C,5,C5,4940,wc-ep2-40,1,FALSE,FALSE,NA,D,ep,epd12,82.423,epd12,416,11.875,epd12,215.625,1.1454183266932272,10.729581673306773,0.1301770339990873
D,2,D2,2296,wc-ep2-40,1,FALSE,FALSE,NA,D,ep,epd13,75.095,epd13,501,4.582834331337326,epd13,215.625,1.1454183266932272,3.4374160046440982,0.045774232700500676
D,3,D3,2662,wc-ep2-40,1,FALSE,FALSE,NA,D,ep,epd14,57.713,epd14,293,9.085324232081911,epd14,215.625,1.1454183266932272,7.939905905388684,0.1375756918785834
D,4,D4,2407,wc-ep2-40,1,FALSE,FALSE,NA,D,ep,epd15,58.567,epd15,265,9.083018867924528,epd15,215.625,1.1454183266932272,7.9376005412313,0.13553025665018356
D,5,D5,514,wc-ep2-40,1,FALSE,FALSE,NA,D,ep,epd16,77.602,epd16,279,1.842293906810036,epd16,215.625,1.1454183266932272,0.6968755801168087,0.008980123967382396
A,2,A2,2086,wc-ep2-40,2,FALSE,FALSE,NA,C,ep,epc2,28.484,epc2,228,9.149122807017545,epc2,218.375,1.1600265604249669,7.9890962465925774,0.28047662710969584
A,3,A3,6388,wc-ep2-40,2,FALSE,FALSE,NA,C,ep,epc3,48.484,epc3,663,9.63499245852187,epc3,218.375,1.1600265604249669,8.474965898096903,0.17479923063478472
A,4,A4,3663,wc-ep2-40,2,FALSE,FALSE,NA,C,ep,epc1,67.382,epc1,364,10.063186813186814,epc1,218.375,1.1600265604249669,8.903160252761847,0.13212965261882767
A,5,A5,5547,wc-ep2-40,2,FALSE,FALSE,NA,C,ep,epc4,59.062,epc4,297,18.67676767676768,epc4,218.375,1.1600265604249669,17.51674111634271,0.29658225451801007
B,2,B2,6537,wc-ep2-40,2,FALSE,FALSE,NA,C,ep,epc5,77.988,epc5,294,22.23469387755102,epc5,218.375,1.1600265604249669,21.074667317126053,0.27022961631438236
B,3,B3,5878,wc-ep2-40,2,FALSE,FALSE,NA,C,ep,epc7,53.939,epc7,364,16.14835164835165,epc7,218.375,1.1600265604249669,14.988325087926682,0.27787547206894236
B,4,B4,5064,wc-ep2-40,2,FALSE,FALSE,NA,C,ep,epc8,57.272,epc8,449,11.278396436525613,epc8,218.375,1.1600265604249669,10.118369876100646,0.17667219367405793
B,5,B5,2275,wc-ep2-40,2,FALSE,FALSE,NA,C,ep,epc6,76.032,epc6,279,8.154121863799283,epc6,218.375,1.1600265604249669,6.994095303374316,0.09198883763907718
C,2,C2,5403,wc-ep2-40,2,FALSE,FALSE,NA,D,ep,epd9,64.847,epd9,752,7.184840425531915,epd9,218.375,1.1600265604249669,6.024813865106948,0.092908135536061
C,3,C3,7967,wc-ep2-40,2,FALSE,FALSE,NA,D,ep,epd10,63.856,epd10,375,21.245333333333335,epd10,218.375,1.1600265604249669,20.085306772908368,0.31454063475489175
C,4,C4,3981,wc-ep2-40,2,FALSE,FALSE,NA,D,ep,epd11,60.522,epd11,298,13.359060402684564,epd11,218.375,1.1600265604249669,12.199033842259597,0.20156362714813783
C,5,C5,6814,wc-ep2-40,2,FALSE,FALSE,NA,D,ep,epd12,82.423,epd12,416,16.379807692307693,epd12,218.375,1.1600265604249669,15.219781131882726,0.18465453977509586
D,2,D2,3961,wc-ep2-40,2,FALSE,FALSE,NA,D,ep,epd13,75.095,epd13,501,7.906187624750499,epd13,218.375,1.1600265604249669,6.746161064325532,0.08983502316166898
D,3,D3,4019,wc-ep2-40,2,FALSE,FALSE,NA,D,ep,epd14,57.713,epd14,293,13.716723549488055,epd14,218.375,1.1600265604249669,12.556696989063088,0.21757137887587005
D,4,D4,4053,wc-ep2-40,2,FALSE,FALSE,NA,D,ep,epd15,58.567,epd15,265,15.294339622641509,epd15,218.375,1.1600265604249669,14.134313062216542,0.24133578742664882
D,5,D5,713,wc-ep2-40,2,FALSE,FALSE,NA,D,ep,epd16,77.602,epd16,279,2.5555555555555554,epd16,218.375,1.1600265604249669,1.3955289951305885,0.017983157587827484
A,2,A2,2669,wc-ep2-40,3,FALSE,FALSE,NA,C,ep,epc2,28.484,epc2,228,11.706140350877194,epc2,219.875,1.1679946879150067,10.538145662962187,0.36996719782903337
A,3,A3,7473,wc-ep2-40,3,FALSE,FALSE,NA,C,ep,epc3,48.484,epc3,663,11.271493212669684,epc3,219.875,1.1679946879150067,10.103498524754677,0.20838830386838292
A,4,A4,4576,wc-ep2-40,3,FALSE,FALSE,NA,C,ep,epc1,67.382,epc1,364,12.571428571428571,epc1,219.875,1.1679946879150067,11.403433883513564,0.16923561015573244
A,5,A5,6544,wc-ep2-40,3,FALSE,FALSE,NA,C,ep,epc4,59.062,epc4,297,22.033670033670035,epc4,219.875,1.1679946879150067,20.86567534575503,0.35328426646160016
B,2,B2,8719,wc-ep2-40,3,FALSE,FALSE,NA,C,ep,epc5,77.988,epc5,294,29.656462585034014,epc5,219.875,1.1679946879150067,28.48846789711901,0.365292966829756
B,3,B3,7537,wc-ep2-40,3,FALSE,FALSE,NA,C,ep,epc7,53.939,epc7,364,20.706043956043956,epc7,219.875,1.1679946879150067,19.53804926812895,0.36222490717530825
B,4,B4,7211,wc-ep2-40,3,FALSE,FALSE,NA,C,ep,epc8,57.272,epc8,449,16.06013363028953,epc8,219.875,1.1679946879150067,14.892138942374524,0.2600247754989266
B,5,B5,2908,wc-ep2-40,3,FALSE,FALSE,NA,C,ep,epc6,76.032,epc6,279,10.422939068100359,epc6,219.875,1.1679946879150067,9.254944380185352,0.12172433159966004
C,2,C2,7115,wc-ep2-40,3,FALSE,FALSE,NA,D,ep,epd9,64.847,epd9,752,9.461436170212766,epd9,219.875,1.1679946879150067,8.293441482297759,0.1278924465634148
C,3,C3,10035,wc-ep2-40,3,FALSE,FALSE,NA,D,ep,epd10,63.856,epd10,375,26.76,epd10,219.875,1.1679946879150067,25.592005312084996,0.4007768308707873
C,4,C4,4150,wc-ep2-40,3,FALSE,FALSE,NA,D,ep,epd11,60.522,epd11,298,13.926174496644295,epd11,219.875,1.1679946879150067,12.758179808729288,0.2108023497030714
C,5,C5,8742,wc-ep2-40,3,FALSE,FALSE,NA,D,ep,epd12,82.423,epd12,416,21.014423076923077,epd12,219.875,1.1679946879150067,19.84642838900807,0.24078750335474408
D,2,D2,5076,wc-ep2-40,3,FALSE,FALSE,NA,D,ep,epd13,75.095,epd13,501,10.131736526946108,epd13,219.875,1.1679946879150067,8.963741839031101,0.11936536172889142
D,3,D3,4238,wc-ep2-40,3,FALSE,FALSE,NA,D,ep,epd14,57.713,epd14,293,14.464163822525597,epd14,219.875,1.1679946879150067,13.29616913461059,0.2303843004974718
D,4,D4,5870,wc-ep2-40,3,FALSE,FALSE,NA,D,ep,epd15,58.567,epd15,265,22.150943396226417,epd15,219.875,1.1679946879150067,20.98294870831141,0.3582725546521319
D,5,D5,748,wc-ep2-40,3,FALSE,FALSE,NA,D,ep,epd16,77.602,epd16,279,2.6810035842293907,epd16,219.875,1.1679946879150067,1.513008896314384,0.019497034822741476
A,2,A2,2629,wc-ep2-40,4,FALSE,FALSE,NA,C,ep,epc2,28.484,epc2,228,11.530701754385966,epc2,221.25,1.1752988047808766,10.35540294960509,0.36355157104357144
A,3,A3,7680,wc-ep2-40,4,FALSE,FALSE,NA,C,ep,epc3,48.484,epc3,663,11.583710407239819,epc3,221.25,1.1752988047808766,10.408411602458942,0.21467724615252334
A,4,A4,4776,wc-ep2-40,4,FALSE,FALSE,NA,C,ep,epc1,67.382,epc1,364,13.12087912087912,epc1,221.25,1.1752988047808766,11.945580316098244,0.1772814745198754
A,5,A5,7513,wc-ep2-40,4,FALSE,FALSE,NA,C,ep,epc4,59.062,epc4,297,25.296296296296298,epc4,221.25,1.1752988047808766,24.12099749151542,0.40840129849167695
B,2,B2,9741,wc-ep2-40,4,FALSE,FALSE,NA,C,ep,epc5,77.988,epc5,294,33.13265306122449,epc5,221.25,1.1752988047808766,31.95735425644361,0.40977271191008374
B,3,B3,8693,wc-ep2-40,4,FALSE,FALSE,NA,C,ep,epc7,53.939,epc7,364,23.88186813186813,epc7,221.25,1.1752988047808766,22.706569327087255,0.42096756200684576
B,4,B4,8702,wc-ep2-40,4,FALSE,FALSE,NA,C,ep,epc8,57.272,epc8,449,19.380846325167038,epc8,221.25,1.1752988047808766,18.205547520386162,0.31787867579945106
B,5,B5,3786,wc-ep2-40,4,FALSE,FALSE,NA,C,ep,epc6,76.032,epc6,279,13.56989247311828,epc6,221.25,1.1752988047808766,12.394593668337404,0.16301811958566662
C,2,C2,7899,wc-ep2-40,4,FALSE,FALSE,NA,D,ep,epd9,64.847,epd9,752,10.503989361702128,epd9,221.25,1.1752988047808766,9.328690556921252,0.143856933349596
C,3,C3,10594,wc-ep2-40,4,FALSE,FALSE,NA,D,ep,epd10,63.856,epd10,375,28.250666666666667,epd10,221.25,1.1752988047808766,27.07536786188579,0.4240066377769636
C,4,C4,5047,wc-ep2-40,4,FALSE,FALSE,NA,D,ep,epd11,60.522,epd11,298,16.936241610738254,epd11,221.25,1.1752988047808766,15.760942805957377,0.26041675433656153
C,5,C5,10398,wc-ep2-40,4,FALSE,FALSE,NA,D,ep,epd12,82.423,epd12,416,24.995192307692307,epd12,221.25,1.1752988047808766,23.81989350291143,0.2889957111839102
D,2,D2,5680,wc-ep2-40,4,FALSE,FALSE,NA,D,ep,epd13,75.095,epd13,501,11.337325349301397,epd13,221.25,1.1752988047808766,10.16202654452052,0.13532227904015606
D,3,D3,4597,wc-ep2-40,4,FALSE,FALSE,NA,D,ep,epd14,57.713,epd14,293,15.689419795221843,epd14,221.25,1.1752988047808766,14.514120990440967,0.2514878968419761
D,4,D4,7308,wc-ep2-40,4,FALSE,FALSE,NA,D,ep,epd15,58.567,epd15,265,27.577358490566038,epd15,221.25,1.1752988047808766,26.40205968578516,0.4508009576345922
D,5,D5,895,wc-ep2-40,4,FALSE,FALSE,NA,D,ep,epd16,77.602,epd16,279,3.207885304659498,epd16,221.25,1.1752988047808766,2.0325864998786214,0.02619244993529318
A,2,A2,3448,wc-ep2-40,5,FALSE,FALSE,NA,C,ep,epc2,28.484,epc2,228,15.12280701754386,epc2,222.375,1.1812749003984064,13.941532117145453,0.48945134521645317
A,3,A3,8241,wc-ep2-40,5,FALSE,FALSE,NA,C,ep,epc3,48.484,epc3,663,12.429864253393665,epc3,222.375,1.1812749003984064,11.248589352995259,0.2320062155142987
A,4,A4,5472,wc-ep2-40,5,FALSE,FALSE,NA,C,ep,epc1,67.382,epc1,364,15.032967032967033,epc1,222.375,1.1812749003984064,13.851692132568626,0.20556961996629108
A,5,A5,8934,wc-ep2-40,5,FALSE,FALSE,NA,C,ep,epc4,59.062,epc4,297,30.08080808080808,epc4,222.375,1.1812749003984064,28.899533180409673,0.489308407781817
B,2,B2,10484,wc-ep2-40,5,FALSE,FALSE,NA,C,ep,epc5,77.988,epc5,294,35.65986394557823,epc5,222.375,1.1812749003984064,34.478589045179824,0.4421012084574527
B,3,B3,8933,wc-ep2-40,5,FALSE,FALSE,NA,C,ep,epc7,53.939,epc7,364,24.541208791208792,epc7,222.375,1.1812749003984064,23.359933890810385,0.43308058901370783
B,4,B4,9863,wc-ep2-40,5,FALSE,FALSE,NA,C,ep,epc8,57.272,epc8,449,21.966592427616927,epc8,222.375,1.1812749003984064,20.78531752721852,0.3629228510828768
B,5,B5,5507,wc-ep2-40,5,FALSE,FALSE,NA,C,ep,epc6,76.032,epc6,279,19.738351254480285,epc6,222.375,1.1812749003984064,18.55707635408188,0.24406929127317287
C,2,C2,9025,wc-ep2-40,5,FALSE,FALSE,NA,D,ep,epd9,64.847,epd9,752,12.001329787234043,epd9,222.375,1.1812749003984064,10.820054886835637,0.16685513419025766
C,3,C3,10844,wc-ep2-40,5,FALSE,FALSE,NA,D,ep,epd10,63.856,epd10,375,28.917333333333332,epd10,222.375,1.1812749003984064,27.736058432934925,0.4343532077320052
C,4,C4,6107,wc-ep2-40,5,FALSE,FALSE,NA,D,ep,epd11,60.522,epd11,298,20.493288590604028,epd11,222.375,1.1812749003984064,19.31201369020562,0.3190908048346985
C,5,C5,11912,wc-ep2-40,5,FALSE,FALSE,NA,D,ep,epd12,82.423,epd12,416,28.634615384615383,epd12,222.375,1.1812749003984064,27.453340484216977,0.3330786368394377
D,2,D2,6871,wc-ep2-40,5,FALSE,FALSE,NA,D,ep,epd13,75.095,epd13,501,13.714570858283434,epd13,222.375,1.1812749003984064,12.533295957885027,0.1668992071094617
D,3,D3,6211,wc-ep2-40,5,FALSE,FALSE,NA,D,ep,epd14,57.713,epd14,293,21.197952218430036,epd14,222.375,1.1812749003984064,20.01667731803163,0.34683134333740456
D,4,D4,8970,wc-ep2-40,5,FALSE,FALSE,NA,D,ep,epd15,58.567,epd15,265,33.84905660377358,epd15,222.375,1.1812749003984064,32.66778170337518,0.5577847884196762
D,5,D5,2147,wc-ep2-40,5,FALSE,FALSE,NA,D,ep,epd16,77.602,epd16,279,7.695340501792114,epd16,222.375,1.1812749003984064,6.514065601393708,0.08394198089474121
A,2,A2,3591,wc-ep2-40,6,FALSE,FALSE,NA,C,ep,epc2,28.484,epc2,228,15.75,epc2,224.75,1.1938911022576362,14.556108897742364,0.5110275557415519
A,3,A3,8472,wc-ep2-40,6,FALSE,FALSE,NA,C,ep,epc3,48.484,epc3,663,12.778280542986426,epc3,224.75,1.1938911022576362,11.58438944072879,0.23893221352876803
A,4,A4,6157,wc-ep2-40,6,FALSE,FALSE,NA,C,ep,epc1,67.382,epc1,364,16.914835164835164,epc1,224.75,1.1938911022576362,15.720944062577528,0.23331073673351233
A,5,A5,9315,wc-ep2-40,6,FALSE,FALSE,NA,C,ep,epc4,59.062,epc4,297,31.363636363636363,epc4,224.75,1.1938911022576362,30.169745261378726,0.5108148261382738
B,2,B2,10557,wc-ep2-40,6,FALSE,FALSE,NA,C,ep,epc5,77.988,epc5,294,35.90816326530612,epc5,224.75,1.1938911022576362,34.714272163048484,0.44512325182141466
B,3,B3,9197,wc-ep2-40,6,FALSE,FALSE,NA,C,ep,epc7,53.939,epc7,364,25.266483516483518,epc7,224.75,1.1938911022576362,24.07259241422588,0.44629289408824563
B,4,B4,10009,wc-ep2-40,6,FALSE,FALSE,NA,C,ep,epc8,57.272,epc8,449,22.29175946547884,epc8,224.75,1.1938911022576362,21.097868363221203,0.36838015720109657
B,5,B5,6409,wc-ep2-40,6,FALSE,FALSE,NA,C,ep,epc6,76.032,epc6,279,22.97132616487455,epc6,224.75,1.1938911022576362,21.777435062616913,0.2864245983614388
C,2,C2,9291,wc-ep2-40,6,FALSE,FALSE,NA,D,ep,epd9,64.847,epd9,752,12.355053191489361,epd9,224.75,1.1938911022576362,11.161162089231725,0.17211531896975538
C,3,C3,10852,wc-ep2-40,6,FALSE,FALSE,NA,D,ep,epd10,63.856,epd10,375,28.938666666666666,epd10,224.75,1.1938911022576362,27.74477556440903,0.43448972006403513
C,4,C4,6663,wc-ep2-40,6,FALSE,FALSE,NA,D,ep,epd11,60.522,epd11,298,22.359060402684563,epd11,224.75,1.1938911022576362,21.165169300426925,0.34971034170098353
C,5,C5,12317,wc-ep2-40,6,FALSE,FALSE,NA,D,ep,epd12,82.423,epd12,416,29.608173076923077,epd12,224.75,1.1938911022576362,28.41428197466544,0.34473729389448865
D,2,D2,7399,wc-ep2-40,6,FALSE,FALSE,NA,D,ep,epd13,75.095,epd13,501,14.768463073852296,epd13,224.75,1.1938911022576362,13.57457197159466,0.1807653235447721
D,3,D3,6547,wc-ep2-40,6,FALSE,FALSE,NA,D,ep,epd14,57.713,epd14,293,22.344709897610922,epd14,224.75,1.1938911022576362,21.150818795353285,0.36648274730742264
D,4,D4,9076,wc-ep2-40,6,FALSE,FALSE,NA,D,ep,epd15,58.567,epd15,265,34.24905660377358,epd15,224.75,1.1938911022576362,33.055165501515944,0.5643991582549207
D,5,D5,3177,wc-ep2-40,6,FALSE,FALSE,NA,D,ep,epd16,77.602,epd16,279,11.387096774193548,epd16,224.75,1.1938911022576362,10.193205671935912,0.13135235782500337
