row_id,col_id,well_id,value,plate_id,base_plate_id,temp_c,t_index,wall_sec,t0_wall_sec,time_hr,is_blank,treatment,rep_group,imagej_label,area_mm2,sample_id,value_t0,fold_change,mean_blank_fc,corrected_fc,metabolism
A,2,A2,1391,APC-CC1-26,APC-CC1,26,0,1787227520,1787227520,0,FALSE,CC,A,4,26.815,APC-CC1_A2,1391,1,1,0,0
A,3,A3,642,APC-CC1-26,APC-CC1,26,0,1787227520,1787227520,0,FALSE,CC,A,3,57.513,APC-CC1_A3,642,1,1,0,0
A,4,A4,1416,APC-CC1-26,APC-CC1,26,0,1787227520,1787227520,0,FALSE,CC,A,2,30.943,APC-CC1_A4,1416,1,1,0,0
A,5,A5,1104,APC-CC1-26,APC-CC1,26,0,1787227520,1787227520,0,FALSE,CC,A,1,51.399,APC-CC1_A5,1104,1,1,0,0
B,2,B2,1311,APC-CC1-26,APC-CC1,26,0,1787227520,1787227520,0,FALSE,CC,A,8,40.552,APC-CC1_B2,1311,1,1,0,0
B,3,B3,697,APC-CC1-26,APC-CC1,26,0,1787227520,1787227520,0,FALSE,CC,A,6,102.812,APC-CC1_B3,697,1,1,0,0
B,4,B4,595,APC-CC1-26,APC-CC1,26,0,1787227520,1787227520,0,FALSE,CC,A,7,61.176,APC-CC1_B4,595,1,1,0,0
B,5,B5,1391,APC-CC1-26,APC-CC1,26,0,1787227520,1787227520,0,FALSE,CC,A,5,107.249,APC-CC1_B5,1391,1,1,0,0
C,2,C2,723,APC-CC1-26,APC-CC1,26,0,1787227520,1787227520,0,FALSE,CC,B,12,69.315,APC-CC1_C2,723,1,1,0,0
C,3,C3,520,APC-CC1-26,APC-CC1,26,0,1787227520,1787227520,0,FALSE,CC,B,11,37.353,APC-CC1_C3,520,1,1,0,0
C,4,C4,389,APC-CC1-26,APC-CC1,26,0,1787227520,1787227520,0,FALSE,CC,A,9,20.508,APC-CC1_C4,389,1,1,0,0
C,5,C5,314,APC-CC1-26,APC-CC1,26,0,1787227520,1787227520,0,FALSE,CC,A,10,67.355,APC-CC1_C5,314,1,1,0,0
D,2,D2,355,APC-CC1-26,APC-CC1,26,0,1787227520,1787227520,0,FALSE,CC,B,16,28.66,APC-CC1_D2,355,1,1,0,0
D,3,D3,734,APC-CC1-26,APC-CC1,26,0,1787227520,1787227520,0,FALSE,CC,B,15,66.839,APC-CC1_D3,734,1,1,0,0
D,4,D4,619,APC-CC1-26,APC-CC1,26,0,1787227520,1787227520,0,FALSE,CC,B,14,67.6,APC-CC1_D4,619,1,1,0,0
D,5,D5,275,APC-CC1-26,APC-CC1,26,0,1787227520,1787227520,0,FALSE,CC,B,13,54.482,APC-CC1_D5,275,1,1,0,0
A,2,A2,1530,APC-CC1-26,APC-CC1,26,1,1787229299,1787227520,0.49416666666666664,FALSE,CC,A,4,26.815,APC-CC1_A2,1391,1.0999281092739037,1.0077577197887095,0.09217038948519418,0.003437269792474144
A,3,A3,762,APC-CC1-26,APC-CC1,26,1,1787229299,1787227520,0.49416666666666664,FALSE,CC,A,3,57.513,APC-CC1_A3,642,1.1869158878504673,1.0077577197887095,0.17915816806175777,0.003115089945955832
A,4,A4,1639,APC-CC1-26,APC-CC1,26,1,1787229299,1787227520,0.49416666666666664,FALSE,CC,A,2,30.943,APC-CC1_A4,1416,1.1574858757062148,1.0077577197887095,0.1497281559175052,0.004838837731231787
A,5,A5,1229,APC-CC1-26,APC-CC1,26,1,1787229299,1787227520,0.49416666666666664,FALSE,CC,A,1,51.399,APC-CC1_A5,1104,1.1132246376811594,1.0077577197887095,0.10546691789244989,0.002051925482839158
B,2,B2,1438,APC-CC1-26,APC-CC1,26,1,1787229299,1787227520,0.49416666666666664,FALSE,CC,A,8,40.552,APC-CC1_B2,1311,1.0968726163234173,1.0077577197887095,0.08911489653470772,0.002197546274775787
B,3,B3,777,APC-CC1-26,APC-CC1,26,1,1787229299,1787227520,0.49416666666666664,FALSE,CC,A,6,102.812,APC-CC1_B3,697,1.114777618364419,1.0077577197887095,0.10701989857570937,0.0010409280879246526
B,4,B4,651,APC-CC1-26,APC-CC1,26,1,1787229299,1787227520,0.49416666666666664,FALSE,CC,A,7,61.176,APC-CC1_B4,595,1.0941176470588236,1.0077577197887095,0.0863599272701141,0.001411663516250067
B,5,B5,1514,APC-CC1-26,APC-CC1,26,1,1787229299,1787227520,0.49416666666666664,FALSE,CC,A,5,107.249,APC-CC1_B5,1391,1.0884255930984903,1.0077577197887095,0.08066787330978076,7.521550159887808e-4
C,2,C2,779,APC-CC1-26,APC-CC1,26,1,1787229299,1787227520,0.49416666666666664,FALSE,CC,B,12,69.315,APC-CC1_C2,723,1.0774550484094052,1.0077577197887095,0.06969732862069566,0.0010055158136145952
C,3,C3,550,APC-CC1-26,APC-CC1,26,1,1787229299,1787227520,0.49416666666666664,FALSE,CC,B,11,37.353,APC-CC1_C3,520,1.0576923076923077,1.0077577197887095,0.04993458790359817,0.0013368293819398219
C,4,C4,428,APC-CC1-26,APC-CC1,26,1,1787229299,1787227520,0.49416666666666664,FALSE,CC,A,9,20.508,APC-CC1_C4,389,1.1002570694087404,1.0077577197887095,0.09249934962003081,0.004510403238737606
C,5,C5,336,APC-CC1-26,APC-CC1,26,1,1787229299,1787227520,0.49416666666666664,FALSE,CC,A,10,67.355,APC-CC1_C5,314,1.070063694267516,1.0077577197887095,0.06230597447880637,9.250385937021211e-4
D,2,D2,381,APC-CC1-26,APC-CC1,26,1,1787229299,1787227520,0.49416666666666664,FALSE,CC,B,16,28.66,APC-CC1_D2,355,1.0732394366197182,1.0077577197887095,0.06548171683100867,0.0022847772795187953
D,3,D3,860,APC-CC1-26,APC-CC1,26,1,1787229299,1787227520,0.49416666666666664,FALSE,CC,B,15,66.839,APC-CC1_D3,734,1.1716621253405994,1.0077577197887095,0.1639044055518899,0.002452227076286149
D,4,D4,677,APC-CC1-26,APC-CC1,26,1,1787229299,1787227520,0.49416666666666664,FALSE,CC,B,14,67.6,APC-CC1_D4,619,1.0936995153473343,1.0077577197887095,0.0859417955586248,0.0012713283366660474
D,5,D5,298,APC-CC1-26,APC-CC1,26,1,1787229299,1787227520,0.49416666666666664,FALSE,CC,B,13,54.482,APC-CC1_D5,275,1.0836363636363637,1.0077577197887095,0.07587864384765419,0.0013927286782360081
A,2,A2,1741,APC-CC1-26,APC-CC1,26,2,1787231145,1787227520,1.0069444444444444,FALSE,CC,A,4,26.815,APC-CC1_A2,1391,1.2516175413371675,1.0259195516457602,0.2256979896914073,0.008416855852746869
A,3,A3,898,APC-CC1-26,APC-CC1,26,2,1787231145,1787227520,1.0069444444444444,FALSE,CC,A,3,57.513,APC-CC1_A3,642,1.398753894080997,1.0259195516457602,0.3728343424352367,0.006482609887073127
A,4,A4,1767,APC-CC1-26,APC-CC1,26,2,1787231145,1787227520,1.0069444444444444,FALSE,CC,A,2,30.943,APC-CC1_A4,1416,1.2478813559322033,1.0259195516457602,0.22196180428644308,0.007173247722794916
A,5,A5,1315,APC-CC1-26,APC-CC1,26,2,1787231145,1787227520,1.0069444444444444,FALSE,CC,A,1,51.399,APC-CC1_A5,1104,1.1911231884057971,1.0259195516457602,0.1652036367600369,0.0032141410681148837
B,2,B2,1671,APC-CC1-26,APC-CC1,26,2,1787231145,1787227520,1.0069444444444444,FALSE,CC,A,8,40.552,APC-CC1_B2,1311,1.2745995423340961,1.0259195516457602,0.2486799906883359,0.006132373019538763
B,3,B3,916,APC-CC1-26,APC-CC1,26,2,1787231145,1787227520,1.0069444444444444,FALSE,CC,A,6,102.812,APC-CC1_B3,697,1.3142037302725968,1.0259195516457602,0.28828417862683664,0.0028039934893479036
B,4,B4,747,APC-CC1-26,APC-CC1,26,2,1787231145,1787227520,1.0069444444444444,FALSE,CC,A,7,61.176,APC-CC1_B4,595,1.2554621848739496,1.0259195516457602,0.22954263322818935,0.0037521680598304784
B,5,B5,1724,APC-CC1-26,APC-CC1,26,2,1787231145,1787227520,1.0069444444444444,FALSE,CC,A,5,107.249,APC-CC1_B5,1391,1.2393961179007909,1.0259195516457602,0.21347656625503064,0.0019904760534366814
C,2,C2,914,APC-CC1-26,APC-CC1,26,2,1787231145,1787227520,1.0069444444444444,FALSE,CC,B,12,69.315,APC-CC1_C2,723,1.26417704011065,1.0259195516457602,0.2382574884648898,0.0034373149890339727
C,3,C3,673,APC-CC1-26,APC-CC1,26,2,1787231145,1787227520,1.0069444444444444,FALSE,CC,B,11,37.353,APC-CC1_C3,520,1.2942307692307693,1.0259195516457602,0.2683112175850091,0.007183123646963004
C,4,C4,490,APC-CC1-26,APC-CC1,26,2,1787231145,1787227520,1.0069444444444444,FALSE,CC,A,9,20.508,APC-CC1_C4,389,1.2596401028277635,1.0259195516457602,0.2337205511820033,0.011396555060561893
C,5,C5,402,APC-CC1-26,APC-CC1,26,2,1787231145,1787227520,1.0069444444444444,FALSE,CC,A,10,67.355,APC-CC1_C5,314,1.2802547770700636,1.0259195516457602,0.2543352254243034,0.003776040760512262
D,2,D2,427,APC-CC1-26,APC-CC1,26,2,1787231145,1787227520,1.0069444444444444,FALSE,CC,B,16,28.66,APC-CC1_D2,355,1.2028169014084507,1.0259195516457602,0.17689734976269045,0.006172273194790316
D,3,D3,1012,APC-CC1-26,APC-CC1,26,2,1787231145,1787227520,1.0069444444444444,FALSE,CC,B,15,66.839,APC-CC1_D3,734,1.3787465940054495,1.0259195516457602,0.3528270423596893,0.005278760040690156
D,4,D4,833,APC-CC1-26,APC-CC1,26,2,1787231145,1787227520,1.0069444444444444,FALSE,CC,B,14,67.6,APC-CC1_D4,619,1.345718901453958,1.0259195516457602,0.3197993498081977,0.004730759612547304
D,5,D5,342,APC-CC1-26,APC-CC1,26,2,1787231145,1787227520,1.0069444444444444,FALSE,CC,B,13,54.482,APC-CC1_D5,275,1.2436363636363637,1.0259195516457602,0.21771681199060344,0.003996123710410841
A,2,A2,2022,APC-CC1-26,APC-CC1,26,3,1787233164,1787227520,1.5677777777777777,FALSE,CC,A,4,26.815,APC-CC1_A2,1391,1.453630481667865,1.0401869142178466,0.4134435674500183,0.015418369101249984
A,3,A3,1071,APC-CC1-26,APC-CC1,26,3,1787233164,1787227520,1.5677777777777777,FALSE,CC,A,3,57.513,APC-CC1_A3,642,1.6682242990654206,1.0401869142178466,0.628037384847574,0.010919920450116912
A,4,A4,1985,APC-CC1-26,APC-CC1,26,3,1787233164,1787227520,1.5677777777777777,FALSE,CC,A,2,30.943,APC-CC1_A4,1416,1.4018361581920904,1.0401869142178466,0.3616492439742438,0.011687594737880742
A,5,A5,1482,APC-CC1-26,APC-CC1,26,3,1787233164,1787227520,1.5677777777777777,FALSE,CC,A,1,51.399,APC-CC1_A5,1104,1.3423913043478262,1.0401869142178466,0.30220439012997957,0.005879577231657806
B,2,B2,2106,APC-CC1-26,APC-CC1,26,3,1787233164,1787227520,1.5677777777777777,FALSE,CC,A,8,40.552,APC-CC1_B2,1311,1.6064073226544622,1.0401869142178466,0.5662204084366156,0.0139628232500645
B,3,B3,1039,APC-CC1-26,APC-CC1,26,3,1787233164,1787227520,1.5677777777777777,FALSE,CC,A,6,102.812,APC-CC1_B3,697,1.490674318507891,1.0401869142178466,0.4504874042900444,0.004381661715461662
B,4,B4,881,APC-CC1-26,APC-CC1,26,3,1787233164,1787227520,1.5677777777777777,FALSE,CC,A,7,61.176,APC-CC1_B4,595,1.480672268907563,1.0401869142178466,0.4404853546897165,0.007200296761633917
B,5,B5,1904,APC-CC1-26,APC-CC1,26,3,1787233164,1787227520,1.5677777777777777,FALSE,CC,A,5,107.249,APC-CC1_B5,1391,1.3687994248741913,1.0401869142178466,0.32861251065634467,0.0030640146822473375
C,2,C2,1105,APC-CC1-26,APC-CC1,26,3,1787233164,1787227520,1.5677777777777777,FALSE,CC,B,12,69.315,APC-CC1_C2,723,1.5283540802213,1.0401869142178466,0.48816716600345345,0.007042734848206787
C,3,C3,764,APC-CC1-26,APC-CC1,26,3,1787233164,1787227520,1.5677777777777777,FALSE,CC,B,11,37.353,APC-CC1_C3,520,1.4692307692307693,1.0401869142178466,0.42904385501292275,0.011486195352794226
C,4,C4,558,APC-CC1-26,APC-CC1,26,3,1787233164,1787227520,1.5677777777777777,FALSE,CC,A,9,20.508,APC-CC1_C4,389,1.4344473007712082,1.0401869142178466,0.3942603865533616,0.01922471165171453
C,5,C5,450,APC-CC1-26,APC-CC1,26,3,1787233164,1787227520,1.5677777777777777,FALSE,CC,A,10,67.355,APC-CC1_C5,314,1.4331210191082802,1.0401869142178466,0.39293410489043357,0.005833777817391931
D,2,D2,490,APC-CC1-26,APC-CC1,26,3,1787233164,1787227520,1.5677777777777777,FALSE,CC,B,16,28.66,APC-CC1_D2,355,1.380281690140845,1.0401869142178466,0.3400947759229984,0.01186653091147936
D,3,D3,1128,APC-CC1-26,APC-CC1,26,3,1787233164,1787227520,1.5677777777777777,FALSE,CC,B,15,66.839,APC-CC1_D3,734,1.5367847411444142,1.0401869142178466,0.4965978269265676,0.007429761470497279
D,4,D4,962,APC-CC1-26,APC-CC1,26,3,1787233164,1787227520,1.5677777777777777,FALSE,CC,B,14,67.6,APC-CC1_D4,619,1.554119547657512,1.0401869142178466,0.5139326334396654,0.007602553749107477
D,5,D5,394,APC-CC1-26,APC-CC1,26,3,1787233164,1787227520,1.5677777777777777,FALSE,CC,B,13,54.482,APC-CC1_D5,275,1.4327272727272726,1.0401869142178466,0.39254035850942604,0.007204955003660403
A,2,A2,2212,APC-CC1-26,APC-CC1,26,4,1787234928,1787227520,2.057777777777778,FALSE,CC,A,4,26.815,APC-CC1_A2,1391,1.5902228612508986,1.0448234301280968,0.5453994311228019,0.020339341082334584
A,3,A3,1171,APC-CC1-26,APC-CC1,26,4,1787234928,1787227520,2.057777777777778,FALSE,CC,A,3,57.513,APC-CC1_A3,642,1.82398753894081,1.0448234301280968,0.7791641088127133,0.013547617213720607
A,4,A4,2202,APC-CC1-26,APC-CC1,26,4,1787234928,1787227520,2.057777777777778,FALSE,CC,A,2,30.943,APC-CC1_A4,1416,1.555084745762712,1.0448234301280968,0.5102613156346152,0.016490363430650395
A,5,A5,1641,APC-CC1-26,APC-CC1,26,4,1787234928,1787227520,2.057777777777778,FALSE,CC,A,1,51.399,APC-CC1_A5,1104,1.486413043478261,1.0448234301280968,0.4415896133501642,0.008591404761768989
B,2,B2,2238,APC-CC1-26,APC-CC1,26,4,1787234928,1787227520,2.057777777777778,FALSE,CC,A,8,40.552,APC-CC1_B2,1311,1.7070938215102975,1.0448234301280968,0.6622703913822008,0.016331386648801557
B,3,B3,1173,APC-CC1-26,APC-CC1,26,4,1787234928,1787227520,2.057777777777778,FALSE,CC,A,6,102.812,APC-CC1_B3,697,1.6829268292682926,1.0448234301280968,0.6381033991401959,0.006206507014163676
B,4,B4,956,APC-CC1-26,APC-CC1,26,4,1787234928,1787227520,2.057777777777778,FALSE,CC,A,7,61.176,APC-CC1_B4,595,1.6067226890756303,1.0448234301280968,0.5618992589475336,0.00918496238635304
B,5,B5,2103,APC-CC1-26,APC-CC1,26,4,1787234928,1787227520,2.057777777777778,FALSE,CC,A,5,107.249,APC-CC1_B5,1391,1.511861969805895,1.0448234301280968,0.4670385396777983,0.004354712302005598
C,2,C2,1123,APC-CC1-26,APC-CC1,26,4,1787234928,1787227520,2.057777777777778,FALSE,CC,B,12,69.315,APC-CC1_C2,723,1.5532503457814661,1.0448234301280968,0.5084269156533694,0.007335020062805589
C,3,C3,822,APC-CC1-26,APC-CC1,26,4,1787234928,1787227520,2.057777777777778,FALSE,CC,B,11,37.353,APC-CC1_C3,520,1.5807692307692307,1.0448234301280968,0.535945800641134,0.014348132697270205
C,4,C4,613,APC-CC1-26,APC-CC1,26,4,1787234928,1787227520,2.057777777777778,FALSE,CC,A,9,20.508,APC-CC1_C4,389,1.575835475578406,1.0448234301280968,0.5310120454503093,0.02589292205238489
C,5,C5,490,APC-CC1-26,APC-CC1,26,4,1787234928,1787227520,2.057777777777778,FALSE,CC,A,10,67.355,APC-CC1_C5,314,1.5605095541401275,1.0448234301280968,0.5156861240120307,0.007656241170099187
D,2,D2,528,APC-CC1-26,APC-CC1,26,4,1787234928,1787227520,2.057777777777778,FALSE,CC,B,16,28.66,APC-CC1_D2,355,1.4873239436619718,1.0448234301280968,0.4425005135338751,0.015439655043052166
D,3,D3,1284,APC-CC1-26,APC-CC1,26,4,1787234928,1787227520,2.057777777777778,FALSE,CC,B,15,66.839,APC-CC1_D3,734,1.7493188010899183,1.0448234301280968,0.7044953709618216,0.010540184188300567
D,4,D4,1061,APC-CC1-26,APC-CC1,26,4,1787234928,1787227520,2.057777777777778,FALSE,CC,B,14,67.6,APC-CC1_D4,619,1.7140549273021002,1.0448234301280968,0.6692314971740034,0.009899874218550347
D,5,D5,434,APC-CC1-26,APC-CC1,26,4,1787234928,1787227520,2.057777777777778,FALSE,CC,B,13,54.482,APC-CC1_D5,275,1.5781818181818181,1.0448234301280968,0.5333583880537214,0.00978962571223012
A,2,A2,2414,APC-CC1-26,APC-CC1,26,5,1787236633,1787227520,2.531388888888889,FALSE,CC,A,4,26.815,APC-CC1_A2,1391,1.7354421279654924,1.05825828183566,0.6771838461298323,0.025253919303741646
A,3,A3,1271,APC-CC1-26,APC-CC1,26,5,1787236633,1787227520,2.531388888888889,FALSE,CC,A,3,57.513,APC-CC1_A3,642,1.9797507788161994,1.05825828183566,0.9214924969805394,0.016022334028489897
A,4,A4,2414,APC-CC1-26,APC-CC1,26,5,1787236633,1787227520,2.531388888888889,FALSE,CC,A,2,30.943,APC-CC1_A4,1416,1.7048022598870056,1.05825828183566,0.6465439780513456,0.020894676600567028
A,5,A5,1787,APC-CC1-26,APC-CC1,26,5,1787236633,1787227520,2.531388888888889,FALSE,CC,A,1,51.399,APC-CC1_A5,1104,1.618659420289855,1.05825828183566,0.5604011384541949,0.010902958004128386
B,2,B2,2455,APC-CC1-26,APC-CC1,26,5,1787236633,1787227520,2.531388888888889,FALSE,CC,A,8,40.552,APC-CC1_B2,1311,1.8726163234172388,1.05825828183566,0.8143580415815788,0.020081821897355957
B,3,B3,1302,APC-CC1-26,APC-CC1,26,5,1787236633,1787227520,2.531388888888889,FALSE,CC,A,6,102.812,APC-CC1_B3,697,1.8680057388809181,1.05825828183566,0.8097474570452581,0.007876001410781408
B,4,B4,1048,APC-CC1-26,APC-CC1,26,5,1787236633,1787227520,2.531388888888889,FALSE,CC,A,7,61.176,APC-CC1_B4,595,1.761344537815126,1.05825828183566,0.703086255979466,0.011492844513852915
B,5,B5,2288,APC-CC1-26,APC-CC1,26,5,1787236633,1787227520,2.531388888888889,FALSE,CC,A,5,107.249,APC-CC1_B5,1391,1.644859813084112,1.05825828183566,0.586601531248452,0.005469529144779457
C,2,C2,1246,APC-CC1-26,APC-CC1,26,5,1787236633,1787227520,2.531388888888889,FALSE,CC,B,12,69.315,APC-CC1_C2,723,1.723374827109267,1.05825828183566,0.665116545273607,0.009595564383951627
C,3,C3,906,APC-CC1-26,APC-CC1,26,5,1787236633,1787227520,2.531388888888889,FALSE,CC,B,11,37.353,APC-CC1_C3,520,1.7423076923076923,1.05825828183566,0.6840494104720323,0.0183131049841253
C,4,C4,681,APC-CC1-26,APC-CC1,26,5,1787236633,1787227520,2.531388888888889,FALSE,CC,A,9,20.508,APC-CC1_C4,389,1.750642673521851,1.05825828183566,0.6923843916861909,0.03376167308787746
C,5,C5,559,APC-CC1-26,APC-CC1,26,5,1787236633,1787227520,2.531388888888889,FALSE,CC,A,10,67.355,APC-CC1_C5,314,1.7802547770700636,1.05825828183566,0.7219964952344036,0.010719270955896422
D,2,D2,587,APC-CC1-26,APC-CC1,26,5,1787236633,1787227520,2.531388888888889,FALSE,CC,B,16,28.66,APC-CC1_D2,355,1.6535211267605634,1.05825828183566,0.5952628449249033,0.020769813151601653
D,3,D3,1404,APC-CC1-26,APC-CC1,26,5,1787236633,1787227520,2.531388888888889,FALSE,CC,B,15,66.839,APC-CC1_D3,734,1.9128065395095368,1.05825828183566,0.8545482576738768,0.012785174189827447
D,4,D4,1195,APC-CC1-26,APC-CC1,26,5,1787236633,1787227520,2.531388888888889,FALSE,CC,B,14,67.6,APC-CC1_D4,619,1.9305331179321485,1.05825828183566,0.8722748360964885,0.01290347390675279
D,5,D5,493,APC-CC1-26,APC-CC1,26,5,1787236633,1787227520,2.531388888888889,FALSE,CC,B,13,54.482,APC-CC1_D5,275,1.7927272727272727,1.05825828183566,0.7344689908916127,0.013480947668800937
A,2,A2,3119,APC-CC1-26,APC-CC1,26,6,1787238514,1787227520,3.053888888888889,FALSE,CC,A,4,26.815,APC-CC1_A2,1391,2.242271746944644,1.0699932141573674,1.1722785327872767,0.043717267678063644
A,3,A3,1415,APC-CC1-26,APC-CC1,26,6,1787238514,1787227520,3.053888888888889,FALSE,CC,A,3,57.513,APC-CC1_A3,642,2.20404984423676,1.0699932141573674,1.1340566300793926,0.019718265958642265
A,4,A4,2754,APC-CC1-26,APC-CC1,26,6,1787238514,1787227520,3.053888888888889,FALSE,CC,A,2,30.943,APC-CC1_A4,1416,1.944915254237288,1.0699932141573674,0.8749220400799207,0.02827528164948197
A,5,A5,2005,APC-CC1-26,APC-CC1,26,6,1787238514,1787227520,3.053888888888889,FALSE,CC,A,1,51.399,APC-CC1_A5,1104,1.8161231884057971,1.0699932141573674,0.7461299742484298,0.014516429779731702
B,2,B2,3222,APC-CC1-26,APC-CC1,26,6,1787238514,1787227520,3.053888888888889,FALSE,CC,A,8,40.552,APC-CC1_B2,1311,2.45766590389016,1.0699932141573674,1.3876726897327927,0.034219586943499525
B,3,B3,1459,APC-CC1-26,APC-CC1,26,6,1787238514,1787227520,3.053888888888889,FALSE,CC,A,6,102.812,APC-CC1_B3,697,2.0932568149210904,1.0699932141573674,1.023263600763723,0.009952764276190747
B,4,B4,1188,APC-CC1-26,APC-CC1,26,6,1787238514,1787227520,3.053888888888889,FALSE,CC,A,7,61.176,APC-CC1_B4,595,1.9966386554621849,1.0699932141573674,0.9266454413048175,0.015147205461370758
B,5,B5,2529,APC-CC1-26,APC-CC1,26,6,1787238514,1787227520,3.053888888888889,FALSE,CC,A,5,107.249,APC-CC1_B5,1391,1.818116462976276,1.0699932141573674,0.7481232488189087,0.006975573187805096
C,2,C2,1507,APC-CC1-26,APC-CC1,26,6,1787238514,1787227520,3.053888888888889,FALSE,CC,B,12,69.315,APC-CC1_C2,723,2.0843706777316737,1.0699932141573674,1.0143774635743064,0.014634313836461176
C,3,C3,1045,APC-CC1-26,APC-CC1,26,6,1787238514,1787227520,3.053888888888889,FALSE,CC,B,11,37.353,APC-CC1_C3,520,2.0096153846153846,1.0699932141573674,0.9396221704580172,0.02515519959462472
C,4,C4,860,APC-CC1-26,APC-CC1,26,6,1787238514,1787227520,3.053888888888889,FALSE,CC,A,9,20.508,APC-CC1_C4,389,2.210796915167095,1.0699932141573674,1.1408037010097278,0.055627252828638965
C,5,C5,634,APC-CC1-26,APC-CC1,26,6,1787238514,1787227520,3.053888888888889,FALSE,CC,A,10,67.355,APC-CC1_C5,314,2.0191082802547773,1.0699932141573674,0.9491150660974099,0.014091234000406946
D,2,D2,669,APC-CC1-26,APC-CC1,26,6,1787238514,1787227520,3.053888888888889,FALSE,CC,B,16,28.66,APC-CC1_D2,355,1.884507042253521,1.0699932141573674,0.8145138280961537,0.02841988234808631
D,3,D3,1593,APC-CC1-26,APC-CC1,26,6,1787238514,1787227520,3.053888888888889,FALSE,CC,B,15,66.839,APC-CC1_D3,734,2.170299727520436,1.0699932141573674,1.1003065133630685,0.01646204331846779
D,4,D4,2356,APC-CC1-26,APC-CC1,26,6,1787238514,1787227520,3.053888888888889,FALSE,CC,B,14,67.6,APC-CC1_D4,619,3.8061389337641356,1.0699932141573674,2.7361457196067684,0.04047552839654983
D,5,D5,524,APC-CC1-26,APC-CC1,26,6,1787238514,1787227520,3.053888888888889,FALSE,CC,B,13,54.482,APC-CC1_D5,275,1.9054545454545455,1.0699932141573674,0.8354613312971781,0.015334630360434238
A,2,A2,2990,APC-CC1-26,APC-CC1,26,7,1787240203,1787227520,3.5230555555555556,FALSE,CC,A,4,26.815,APC-CC1_A2,1391,2.149532710280374,1.0769681999722152,1.0725645103081587,0.03999867649853286
A,3,A3,1547,APC-CC1-26,APC-CC1,26,7,1787240203,1787227520,3.5230555555555556,FALSE,CC,A,3,57.513,APC-CC1_A3,642,2.4096573208722742,1.0769681999722152,1.332689120900059,0.023171963223967782
A,4,A4,2946,APC-CC1-26,APC-CC1,26,7,1787240203,1787227520,3.5230555555555556,FALSE,CC,A,2,30.943,APC-CC1_A4,1416,2.080508474576271,1.0769681999722152,1.003540274604056,0.032431899770676925
A,5,A5,2146,APC-CC1-26,APC-CC1,26,7,1787240203,1787227520,3.5230555555555556,FALSE,CC,A,1,51.399,APC-CC1_A5,1104,1.943840579710145,1.0769681999722152,0.8668723797379299,0.01686554951921107
B,2,B2,3270,APC-CC1-26,APC-CC1,26,7,1787240203,1787227520,3.5230555555555556,FALSE,CC,A,8,40.552,APC-CC1_B2,1311,2.494279176201373,1.0769681999722152,1.417310976229158,0.03495045808416744
B,3,B3,1565,APC-CC1-26,APC-CC1,26,7,1787240203,1787227520,3.5230555555555556,FALSE,CC,A,6,102.812,APC-CC1_B3,697,2.2453371592539453,1.0769681999722152,1.1683689592817301,0.011364130250182179
B,4,B4,1284,APC-CC1-26,APC-CC1,26,7,1787240203,1787227520,3.5230555555555556,FALSE,CC,A,7,61.176,APC-CC1_B4,595,2.157983193277311,1.0769681999722152,1.0810149933050957,0.017670573318051126
B,5,B5,2776,APC-CC1-26,APC-CC1,26,7,1787240203,1787227520,3.5230555555555556,FALSE,CC,A,5,107.249,APC-CC1_B5,1391,1.9956865564342199,1.0769681999722152,0.9187183564620047,0.008566218393290425
C,2,C2,1621,APC-CC1-26,APC-CC1,26,7,1787240203,1787227520,3.5230555555555556,FALSE,CC,B,12,69.315,APC-CC1_C2,723,2.2420470262793915,1.0769681999722152,1.1650788263071763,0.016808466079595706
C,3,C3,1074,APC-CC1-26,APC-CC1,26,7,1787240203,1787227520,3.5230555555555556,FALSE,CC,B,11,37.353,APC-CC1_C3,520,2.0653846153846156,1.0769681999722152,0.9884164154124004,0.026461500158284485
C,4,C4,919,APC-CC1-26,APC-CC1,26,7,1787240203,1787227520,3.5230555555555556,FALSE,CC,A,9,20.508,APC-CC1_C4,389,2.3624678663239074,1.0769681999722152,1.2854996663516922,0.06268283920185744
C,5,C5,684,APC-CC1-26,APC-CC1,26,7,1787240203,1787227520,3.5230555555555556,FALSE,CC,A,10,67.355,APC-CC1_C5,314,2.178343949044586,1.0769681999722152,1.1013757490723708,0.01635180386121848
D,2,D2,689,APC-CC1-26,APC-CC1,26,7,1787240203,1787227520,3.5230555555555556,FALSE,CC,B,16,28.66,APC-CC1_D2,355,1.9408450704225353,1.0769681999722152,0.8638768704503201,0.030142249492334967
D,3,D3,1737,APC-CC1-26,APC-CC1,26,7,1787240203,1787227520,3.5230555555555556,FALSE,CC,B,15,66.839,APC-CC1_D3,734,2.3664850136239783,1.0769681999722152,1.2895168136517632,0.019292880109692892
D,4,D4,2545,APC-CC1-26,APC-CC1,26,7,1787240203,1787227520,3.5230555555555556,FALSE,CC,B,14,67.6,APC-CC1_D4,619,4.111470113085622,1.0769681999722152,3.0345019131134072,0.04488908155493206
D,5,D5,583,APC-CC1-26,APC-CC1,26,7,1787240203,1787227520,3.5230555555555556,FALSE,CC,B,13,54.482,APC-CC1_D5,275,2.12,1.0769681999722152,1.043031800027785,0.019144521126753515
A,2,A2,3201,APC-CC1-26,APC-CC1,26,8,1787241898,1787227520,3.993888888888889,FALSE,CC,A,4,26.815,APC-CC1_A2,1391,2.301222142343638,1.0841207463933433,1.2171013959502945,0.04538882699795989
A,3,A3,1675,APC-CC1-26,APC-CC1,26,8,1787241898,1787227520,3.993888888888889,FALSE,CC,A,3,57.513,APC-CC1_A3,642,2.6090342679127727,1.0841207463933433,1.5249135215194294,0.026514240632890467
A,4,A4,3191,APC-CC1-26,APC-CC1,26,8,1787241898,1787227520,3.993888888888889,FALSE,CC,A,2,30.943,APC-CC1_A4,1416,2.253531073446328,1.0841207463933433,1.1694103270529845,0.03779240303309261
A,5,A5,2302,APC-CC1-26,APC-CC1,26,8,1787241898,1787227520,3.993888888888889,FALSE,CC,A,1,51.399,APC-CC1_A5,1104,2.085144927536232,1.0841207463933433,1.0010241811428886,0.01947555752335432
B,2,B2,3581,APC-CC1-26,APC-CC1,26,8,1787241898,1787227520,3.993888888888889,FALSE,CC,A,8,40.552,APC-CC1_B2,1311,2.7315026697177727,1.0841207463933433,1.6473819233244293,0.04062393774226744
B,3,B3,1699,APC-CC1-26,APC-CC1,26,8,1787241898,1787227520,3.993888888888889,FALSE,CC,A,6,102.812,APC-CC1_B3,697,2.437589670014347,1.0841207463933433,1.3534689236210038,0.013164503400585573
B,4,B4,1384,APC-CC1-26,APC-CC1,26,8,1787241898,1787227520,3.993888888888889,FALSE,CC,A,7,61.176,APC-CC1_B4,595,2.3260504201680674,1.0841207463933433,1.241929673774724,0.020300929674622794
B,5,B5,3022,APC-CC1-26,APC-CC1,26,8,1787241898,1787227520,3.993888888888889,FALSE,CC,A,5,107.249,APC-CC1_B5,1391,2.1725377426312007,1.0841207463933433,1.0884169962378574,0.010148504846085813
C,2,C2,1766,APC-CC1-26,APC-CC1,26,8,1787241898,1787227520,3.993888888888889,FALSE,CC,B,12,69.315,APC-CC1_C2,723,2.442600276625173,1.0841207463933433,1.3584795302318298,0.01959863709488321
C,3,C3,1155,APC-CC1-26,APC-CC1,26,8,1787241898,1787227520,3.993888888888889,FALSE,CC,B,11,37.353,APC-CC1_C3,520,2.2211538461538463,1.0841207463933433,1.137033099760503,0.030440208276724837
C,4,C4,1048,APC-CC1-26,APC-CC1,26,8,1787241898,1787227520,3.993888888888889,FALSE,CC,A,9,20.508,APC-CC1_C4,389,2.6940874035989717,1.0841207463933433,1.6099666572056284,0.07850432305469224
C,5,C5,747,APC-CC1-26,APC-CC1,26,8,1787241898,1787227520,3.993888888888889,FALSE,CC,A,10,67.355,APC-CC1_C5,314,2.378980891719745,1.0841207463933433,1.2948601453264017,0.019224410145147378
D,2,D2,734,APC-CC1-26,APC-CC1,26,8,1787241898,1787227520,3.993888888888889,FALSE,CC,B,16,28.66,APC-CC1_D2,355,2.067605633802817,1.0841207463933433,0.9834848874094735,0.034315592721893703
D,3,D3,1900,APC-CC1-26,APC-CC1,26,8,1787241898,1787227520,3.993888888888889,FALSE,CC,B,15,66.839,APC-CC1_D3,734,2.5885558583106265,1.0841207463933433,1.5044351119172832,0.022508342613104373
D,4,D4,2833,APC-CC1-26,APC-CC1,26,8,1787241898,1787227520,3.993888888888889,FALSE,CC,B,14,67.6,APC-CC1_D4,619,4.576736672051696,1.0841207463933433,3.4926159256583533,0.05166591606003482
D,5,D5,633,APC-CC1-26,APC-CC1,26,8,1787241898,1787227520,3.993888888888889,FALSE,CC,B,13,54.482,APC-CC1_D5,275,2.3018181818181818,1.0841207463933433,1.2176974354248384,0.02235045401095478
A,2,A2,181,APC-CC2-26,APC-CC2,26,0,1787227665,1787227665,0,FALSE,CC,C,4,76.91,APC-CC2_A2,181,1,1,0,0
A,3,A3,206,APC-CC2-26,APC-CC2,26,0,1787227665,1787227665,0,FALSE,CC,C,3,99.158,APC-CC2_A3,206,1,1,0,0
A,4,A4,173,APC-CC2-26,APC-CC2,26,0,1787227665,1787227665,0,FALSE,CC,C,2,59.553,APC-CC2_A4,173,1,1,0,0
A,5,A5,181,APC-CC2-26,APC-CC2,26,0,1787227665,1787227665,0,FALSE,CC,C,1,76.594,APC-CC2_A5,181,1,1,0,0
B,2,B2,184,APC-CC2-26,APC-CC2,26,0,1787227665,1787227665,0,FALSE,CC,C,8,59.04,APC-CC2_B2,184,1,1,0,0
B,3,B3,182,APC-CC2-26,APC-CC2,26,0,1787227665,1787227665,0,FALSE,CC,C,6,70.664,APC-CC2_B3,182,1,1,0,0
B,4,B4,163,APC-CC2-26,APC-CC2,26,0,1787227665,1787227665,0,FALSE,CC,C,7,35.884,APC-CC2_B4,163,1,1,0,0
B,5,B5,169,APC-CC2-26,APC-CC2,26,0,1787227665,1787227665,0,FALSE,CC,C,5,37.304,APC-CC2_B5,169,1,1,0,0
C,2,C2,188,APC-CC2-26,APC-CC2,26,0,1787227665,1787227665,0,FALSE,CC,D,11,62.63,APC-CC2_C2,188,1,1,0,0
C,3,C3,177,APC-CC2-26,APC-CC2,26,0,1787227665,1787227665,0,FALSE,CC,D,12,37.751,APC-CC2_C3,177,1,1,0,0
C,4,C4,278,APC-CC2-26,APC-CC2,26,0,1787227665,1787227665,0,FALSE,CC,D,10,64.089,APC-CC2_C4,278,1,1,0,0
C,5,C5,166,APC-CC2-26,APC-CC2,26,0,1787227665,1787227665,0,FALSE,CC,D,9,34.057,APC-CC2_C5,166,1,1,0,0
D,2,D2,167,APC-CC2-26,APC-CC2,26,0,1787227665,1787227665,0,FALSE,CC,D,16,31.716,APC-CC2_D2,167,1,1,0,0
D,3,D3,170,APC-CC2-26,APC-CC2,26,0,1787227665,1787227665,0,FALSE,CC,D,15,43.327,APC-CC2_D3,170,1,1,0,0
D,4,D4,188,APC-CC2-26,APC-CC2,26,0,1787227665,1787227665,0,FALSE,CC,D,13,63.945,APC-CC2_D4,188,1,1,0,0
D,5,D5,165,APC-CC2-26,APC-CC2,26,0,1787227665,1787227665,0,FALSE,CC,D,14,26.89,APC-CC2_D5,165,1,1,0,0
A,2,A2,206,APC-CC2-26,APC-CC2,26,1,1787229379,1787227665,0.4761111111111111,FALSE,CC,C,4,76.91,APC-CC2_A2,181,1.138121546961326,1.005637979512052,0.13248356744927392,0.0017225792153071633
A,3,A3,213,APC-CC2-26,APC-CC2,26,1,1787229379,1787227665,0.4761111111111111,FALSE,CC,C,3,99.158,APC-CC2_A3,206,1.0339805825242718,1.005637979512052,0.028342603012219802,2.8583274180822327e-4
A,4,A4,194,APC-CC2-26,APC-CC2,26,1,1787229379,1787227665,0.4761111111111111,FALSE,CC,C,2,59.553,APC-CC2_A4,173,1.1213872832369942,1.005637979512052,0.11574930372494219,0.001943635143904458
A,5,A5,213,APC-CC2-26,APC-CC2,26,1,1787229379,1787227665,0.4761111111111111,FALSE,CC,C,1,76.594,APC-CC2_A5,181,1.1767955801104972,1.005637979512052,0.1711576005984452,0.002234608462783576
B,2,B2,187,APC-CC2-26,APC-CC2,26,1,1787229379,1787227665,0.4761111111111111,FALSE,CC,C,8,59.04,APC-CC2_B2,184,1.016304347826087,1.005637979512052,0.01066636831403489,1.806634199531655e-4
B,3,B3,195,APC-CC2-26,APC-CC2,26,1,1787229379,1787227665,0.4761111111111111,FALSE,CC,C,6,70.664,APC-CC2_B3,182,1.0714285714285714,1.005637979512052,0.06579059191651937,9.310340755762392e-4
B,4,B4,164,APC-CC2-26,APC-CC2,26,1,1787229379,1787227665,0.4761111111111111,FALSE,CC,C,7,35.884,APC-CC2_B4,163,1.0061349693251533,1.005637979512052,4.969898131013117e-4,1.3849900041837914e-5
B,5,B5,172,APC-CC2-26,APC-CC2,26,1,1787229379,1787227665,0.4761111111111111,FALSE,CC,C,5,37.304,APC-CC2_B5,169,1.017751479289941,1.005637979512052,0.012113499777888892,3.247238842453595e-4
C,2,C2,198,APC-CC2-26,APC-CC2,26,1,1787229379,1787227665,0.4761111111111111,FALSE,CC,D,11,62.63,APC-CC2_C2,188,1.053191489361702,1.005637979512052,0.04755350984965001,7.592768617220183e-4
C,3,C3,184,APC-CC2-26,APC-CC2,26,1,1787229379,1787227665,0.4761111111111111,FALSE,CC,D,12,37.751,APC-CC2_C3,177,1.03954802259887,1.005637979512052,0.033910043086818,8.982554922205505e-4
C,4,C4,337,APC-CC2-26,APC-CC2,26,1,1787229379,1787227665,0.4761111111111111,FALSE,CC,D,10,64.089,APC-CC2_C4,278,1.2122302158273381,1.005637979512052,0.20659223631528612,0.0032235209835585845
C,5,C5,166,APC-CC2-26,APC-CC2,26,1,1787229379,1787227665,0.4761111111111111,FALSE,CC,D,9,34.057,APC-CC2_C5,166,1,1.005637979512052,-0.005637979512052027,-1.6554539483959322e-4
D,2,D2,169,APC-CC2-26,APC-CC2,26,1,1787229379,1787227665,0.4761111111111111,FALSE,CC,D,16,31.716,APC-CC2_D2,167,1.0119760479041917,1.005637979512052,0.006338068392139684,1.9983820129082115e-4
D,3,D3,770,APC-CC2-26,APC-CC2,26,1,1787229379,1787227665,0.4761111111111111,FALSE,CC,D,15,43.327,APC-CC2_D3,170,4.529411764705882,1.005637979512052,3.5237737851938302,0.08132974323617675
D,4,D4,192,APC-CC2-26,APC-CC2,26,1,1787229379,1787227665,0.4761111111111111,FALSE,CC,D,13,63.945,APC-CC2_D4,188,1.0212765957446808,1.005637979512052,0.015638616232628744,2.4456355043598005e-4
D,5,D5,175,APC-CC2-26,APC-CC2,26,1,1787229379,1787227665,0.4761111111111111,FALSE,CC,D,14,26.89,APC-CC2_D5,165,1.0606060606060606,1.005637979512052,0.054968081094008525,0.0020441830083305513
A,2,A2,223,APC-CC2-26,APC-CC2,26,2,1787231212,1787227665,0.9852777777777778,FALSE,CC,C,4,76.91,APC-CC2_A2,181,1.2320441988950277,1.0143834126642841,0.21766078623074359,0.0028300713331262982
A,3,A3,222,APC-CC2-26,APC-CC2,26,2,1787231212,1787227665,0.9852777777777778,FALSE,CC,C,3,99.158,APC-CC2_A3,206,1.0776699029126213,1.0143834126642841,0.06328649024833721,6.382388738007746e-4
A,4,A4,212,APC-CC2-26,APC-CC2,26,2,1787231212,1787227665,0.9852777777777778,FALSE,CC,C,2,59.553,APC-CC2_A4,173,1.2254335260115607,1.0143834126642841,0.21105011334727664,0.0035439039737255327
A,5,A5,233,APC-CC2-26,APC-CC2,26,2,1787231212,1787227665,0.9852777777777778,FALSE,CC,C,1,76.594,APC-CC2_A5,181,1.287292817679558,1.0143834126642841,0.27290940501527383,0.0035630650575146075
B,2,B2,196,APC-CC2-26,APC-CC2,26,2,1787231212,1787227665,0.9852777777777778,FALSE,CC,C,8,59.04,APC-CC2_B2,184,1.065217391304348,1.0143834126642841,0.05083397864006378,8.610091233073134e-4
B,3,B3,199,APC-CC2-26,APC-CC2,26,2,1787231212,1787227665,0.9852777777777778,FALSE,CC,C,6,70.664,APC-CC2_B3,182,1.0934065934065933,1.0143834126642841,0.07902318074230918,0.0011182947574763554
B,4,B4,172,APC-CC2-26,APC-CC2,26,2,1787231212,1787227665,0.9852777777777778,FALSE,CC,C,7,35.884,APC-CC2_B4,163,1.0552147239263803,1.0143834126642841,0.04083131126209616,0.0011378695591934055
B,5,B5,178,APC-CC2-26,APC-CC2,26,2,1787231212,1787227665,0.9852777777777778,FALSE,CC,C,5,37.304,APC-CC2_B5,169,1.0532544378698225,1.0143834126642841,0.03887102520553842,0.0010420068948514482
C,2,C2,214,APC-CC2-26,APC-CC2,26,2,1787231212,1787227665,0.9852777777777778,FALSE,CC,D,11,62.63,APC-CC2_C2,188,1.1382978723404256,1.0143834126642841,0.12391445967614145,0.001978516041452043
C,3,C3,195,APC-CC2-26,APC-CC2,26,2,1787231212,1787227665,0.9852777777777778,FALSE,CC,D,12,37.751,APC-CC2_C3,177,1.1016949152542372,1.0143834126642841,0.08731150258995313,0.002312826218906867
C,4,C4,531,APC-CC2-26,APC-CC2,26,2,1787231212,1787227665,0.9852777777777778,FALSE,CC,D,10,64.089,APC-CC2_C4,278,1.910071942446043,1.0143834126642841,0.895688529781759,0.01397569832236045
C,5,C5,173,APC-CC2-26,APC-CC2,26,2,1787231212,1787227665,0.9852777777777778,FALSE,CC,D,9,34.057,APC-CC2_C5,166,1.0421686746987953,1.0143834126642841,0.02778526203451115,8.158458476821549e-4
D,2,D2,178,APC-CC2-26,APC-CC2,26,2,1787231212,1787227665,0.9852777777777778,FALSE,CC,D,16,31.716,APC-CC2_D2,167,1.0658682634730539,1.0143834126642841,0.051484850808769744,0.0016233084502702026
D,3,D3,1476,APC-CC2-26,APC-CC2,26,2,1787231212,1787227665,0.9852777777777778,FALSE,CC,D,15,43.327,APC-CC2_D3,170,8.68235294117647,1.0143834126642841,7.667969528512186,0.17697900912853848
D,4,D4,204,APC-CC2-26,APC-CC2,26,2,1787231212,1787227665,0.9852777777777778,FALSE,CC,D,13,63.945,APC-CC2_D4,188,1.0851063829787233,1.0143834126642841,0.07072297031443919,0.0011059968772294815
D,5,D5,188,APC-CC2-26,APC-CC2,26,2,1787231212,1787227665,0.9852777777777778,FALSE,CC,D,14,26.89,APC-CC2_D5,165,1.1393939393939394,1.0143834126642841,0.1250105267296553,0.004648959714751034
A,2,A2,232,APC-CC2-26,APC-CC2,26,3,1787233289,1787227665,1.5622222222222222,FALSE,CC,C,4,76.91,APC-CC2_A2,181,1.281767955801105,1.0193086289263522,0.2624593268747528,0.003412551383106915
A,3,A3,254,APC-CC2-26,APC-CC2,26,3,1787233289,1787227665,1.5622222222222222,FALSE,CC,C,3,99.158,APC-CC2_A3,206,1.233009708737864,1.0193086289263522,0.21370107981151176,0.002155157221923715
A,4,A4,251,APC-CC2-26,APC-CC2,26,3,1787233289,1787227665,1.5622222222222222,FALSE,CC,C,2,59.553,APC-CC2_A4,173,1.4508670520231215,1.0193086289263522,0.4315584230967693,0.007246627761771352
A,5,A5,250,APC-CC2-26,APC-CC2,26,3,1787233289,1787227665,1.5622222222222222,FALSE,CC,C,1,76.594,APC-CC2_A5,181,1.3812154696132597,1.0193086289263522,0.3619068406869075,0.004725002489580222
B,2,B2,222,APC-CC2-26,APC-CC2,26,3,1787233289,1787227665,1.5622222222222222,FALSE,CC,C,8,59.04,APC-CC2_B2,184,1.2065217391304348,1.0193086289263522,0.1872131102040826,0.0031709537636192852
B,3,B3,211,APC-CC2-26,APC-CC2,26,3,1787233289,1787227665,1.5622222222222222,FALSE,CC,C,6,70.664,APC-CC2_B3,182,1.1593406593406594,1.0193086289263522,0.14003203041430723,0.001981660115678524
B,4,B4,176,APC-CC2-26,APC-CC2,26,3,1787233289,1787227665,1.5622222222222222,FALSE,CC,C,7,35.884,APC-CC2_B4,163,1.0797546012269938,1.0193086289263522,0.06044597230064164,0.0016844825632772722
B,5,B5,188,APC-CC2-26,APC-CC2,26,3,1787233289,1787227665,1.5622222222222222,FALSE,CC,C,5,37.304,APC-CC2_B5,169,1.1124260355029585,1.0193086289263522,0.09311740657660628,0.002496177529932615
C,2,C2,239,APC-CC2-26,APC-CC2,26,3,1787233289,1787227665,1.5622222222222222,FALSE,CC,D,11,62.63,APC-CC2_C2,188,1.2712765957446808,1.0193086289263522,0.25196796681832856,0.0040231193807812315
C,3,C3,200,APC-CC2-26,APC-CC2,26,3,1787233289,1787227665,1.5622222222222222,FALSE,CC,D,12,37.751,APC-CC2_C3,177,1.1299435028248588,1.0193086289263522,0.11063487389850657,0.0029306475033378343
C,4,C4,772,APC-CC2-26,APC-CC2,26,3,1787233289,1787227665,1.5622222222222222,FALSE,CC,D,10,64.089,APC-CC2_C4,278,2.776978417266187,1.0193086289263522,1.757669788339835,0.027425451923728486
C,5,C5,184,APC-CC2-26,APC-CC2,26,3,1787233289,1787227665,1.5622222222222222,FALSE,CC,D,9,34.057,APC-CC2_C5,166,1.108433734939759,1.0193086289263522,0.08912510601340684,0.00261693942547514
D,2,D2,189,APC-CC2-26,APC-CC2,26,3,1787233289,1787227665,1.5622222222222222,FALSE,CC,D,16,31.716,APC-CC2_D2,167,1.1317365269461077,1.0193086289263522,0.1124278980197555,0.003544832198882441
D,3,D3,2542,APC-CC2-26,APC-CC2,26,3,1787233289,1787227665,1.5622222222222222,FALSE,CC,D,15,43.327,APC-CC2_D3,170,14.952941176470588,1.0193086289263522,13.933632547544237,0.32159236844333183
D,4,D4,224,APC-CC2-26,APC-CC2,26,3,1787233289,1787227665,1.5622222222222222,FALSE,CC,D,13,63.945,APC-CC2_D4,188,1.1914893617021276,1.0193086289263522,0.1721807327757754,0.0026926379353471794
D,5,D5,195,APC-CC2-26,APC-CC2,26,3,1787233289,1787227665,1.5622222222222222,FALSE,CC,D,14,26.89,APC-CC2_D5,165,1.1818181818181819,1.0193086289263522,0.16250955289182967,0.006043493971432863
A,2,A2,239,APC-CC2-26,APC-CC2,26,4,1787234998,1787227665,2.0369444444444444,FALSE,CC,C,4,76.91,APC-CC2_A2,181,1.3204419889502763,1.0297322083625686,0.2907097805877077,0.003779869725493534
A,3,A3,275,APC-CC2-26,APC-CC2,26,4,1787234998,1787227665,2.0369444444444444,FALSE,CC,C,3,99.158,APC-CC2_A3,206,1.3349514563106797,1.0297322083625686,0.30521924794811106,0.0030781101670879917
A,4,A4,246,APC-CC2-26,APC-CC2,26,4,1787234998,1787227665,2.0369444444444444,FALSE,CC,C,2,59.553,APC-CC2_A4,173,1.4219653179190752,1.0297322083625686,0.3922331095565066,0.006586286325735171
A,5,A5,280,APC-CC2-26,APC-CC2,26,4,1787234998,1787227665,2.0369444444444444,FALSE,CC,C,1,76.594,APC-CC2_A5,181,1.5469613259668509,1.0297322083625686,0.5172291176042823,0.006752867295144297
B,2,B2,242,APC-CC2-26,APC-CC2,26,4,1787234998,1787227665,2.0369444444444444,FALSE,CC,C,8,59.04,APC-CC2_B2,184,1.315217391304348,1.0297322083625686,0.28548518294177927,0.004835453640612793
B,3,B3,239,APC-CC2-26,APC-CC2,26,4,1787234998,1787227665,2.0369444444444444,FALSE,CC,C,6,70.664,APC-CC2_B3,182,1.3131868131868132,1.0297322083625686,0.28345460482424456,0.004011301438133202
B,4,B4,183,APC-CC2-26,APC-CC2,26,4,1787234998,1787227665,2.0369444444444444,FALSE,CC,C,7,35.884,APC-CC2_B4,163,1.1226993865030674,1.0297322083625686,0.09296717814049882,0.002590769650554532
B,5,B5,195,APC-CC2-26,APC-CC2,26,4,1787234998,1787227665,2.0369444444444444,FALSE,CC,C,5,37.304,APC-CC2_B5,169,1.1538461538461537,1.0297322083625686,0.12411394548358512,0.0033270948285327342
C,2,C2,259,APC-CC2-26,APC-CC2,26,4,1787234998,1787227665,2.0369444444444444,FALSE,CC,D,11,62.63,APC-CC2_C2,188,1.377659574468085,1.0297322083625686,0.34792736610551644,0.005555282869320077
C,3,C3,216,APC-CC2-26,APC-CC2,26,4,1787234998,1787227665,2.0369444444444444,FALSE,CC,D,12,37.751,APC-CC2_C3,177,1.2203389830508475,1.0297322083625686,0.1906067746882789,0.005049052334726999
C,4,C4,799,APC-CC2-26,APC-CC2,26,4,1787234998,1787227665,2.0369444444444444,FALSE,CC,D,10,64.089,APC-CC2_C4,278,2.8741007194244603,1.0297322083625686,1.8443685110618917,0.02877823824777874
C,5,C5,226,APC-CC2-26,APC-CC2,26,4,1787234998,1787227665,2.0369444444444444,FALSE,CC,D,9,34.057,APC-CC2_C5,166,1.3614457831325302,1.0297322083625686,0.33171357476996155,0.009739952866369955
D,2,D2,198,APC-CC2-26,APC-CC2,26,4,1787234998,1787227665,2.0369444444444444,FALSE,CC,D,16,31.716,APC-CC2_D2,167,1.18562874251497,1.0297322083625686,0.15589653415240146,0.004915390785483713
D,3,D3,3111,APC-CC2-26,APC-CC2,26,4,1787234998,1787227665,2.0369444444444444,FALSE,CC,D,15,43.327,APC-CC2_D3,170,18.3,1.0297322083625686,17.270267791637433,0.39860289869221116
D,4,D4,248,APC-CC2-26,APC-CC2,26,4,1787234998,1787227665,2.0369444444444444,FALSE,CC,D,13,63.945,APC-CC2_D4,188,1.3191489361702127,1.0297322083625686,0.28941672780764405,0.004526025925524185
D,5,D5,295,APC-CC2-26,APC-CC2,26,4,1787234998,1787227665,2.0369444444444444,FALSE,CC,D,14,26.89,APC-CC2_D5,165,1.7878787878787878,1.0297322083625686,0.7581465795162192,0.0281943688923845
A,2,A2,264,APC-CC2-26,APC-CC2,26,5,1787236728,1787227665,2.5175,FALSE,CC,C,4,76.91,APC-CC2_A2,181,1.4585635359116023,1.0351716890138571,0.4233918468977451,0.005505029864747694
A,3,A3,318,APC-CC2-26,APC-CC2,26,5,1787236728,1787227665,2.5175,FALSE,CC,C,3,99.158,APC-CC2_A3,206,1.5436893203883495,1.0351716890138571,0.5085176313744924,0.005128357080361568
A,4,A4,272,APC-CC2-26,APC-CC2,26,5,1787236728,1787227665,2.5175,FALSE,CC,C,2,59.553,APC-CC2_A4,173,1.5722543352601157,1.0351716890138571,0.5370826462462586,0.00901856575229222
A,5,A5,328,APC-CC2-26,APC-CC2,26,5,1787236728,1787227665,2.5175,FALSE,CC,C,1,76.594,APC-CC2_A5,181,1.8121546961325967,1.0351716890138571,0.7769830071187396,0.010144175876945187
B,2,B2,264,APC-CC2-26,APC-CC2,26,5,1787236728,1787227665,2.5175,FALSE,CC,C,8,59.04,APC-CC2_B2,184,1.434782608695652,1.0351716890138571,0.39961091968179496,0.006768477636886771
B,3,B3,248,APC-CC2-26,APC-CC2,26,5,1787236728,1787227665,2.5175,FALSE,CC,C,6,70.664,APC-CC2_B3,182,1.3626373626373627,1.0351716890138571,0.32746567362350554,0.004634123084222596
B,4,B4,193,APC-CC2-26,APC-CC2,26,5,1787236728,1787227665,2.5175,FALSE,CC,C,7,35.884,APC-CC2_B4,163,1.1840490797546013,1.0351716890138571,0.14887739074074413,0.00414885159794739
B,5,B5,209,APC-CC2-26,APC-CC2,26,5,1787236728,1787227665,2.5175,FALSE,CC,C,5,37.304,APC-CC2_B5,169,1.2366863905325445,1.0351716890138571,0.20151470151868733,0.005401959616091768
C,2,C2,283,APC-CC2-26,APC-CC2,26,5,1787236728,1787227665,2.5175,FALSE,CC,D,11,62.63,APC-CC2_C2,188,1.5053191489361701,1.0351716890138571,0.470147459922313,0.0075067453284737825
C,3,C3,228,APC-CC2-26,APC-CC2,26,5,1787236728,1787227665,2.5175,FALSE,CC,D,12,37.751,APC-CC2_C3,177,1.2881355932203389,1.0351716890138571,0.25296390420648174,0.006700853068964577
C,4,C4,1075,APC-CC2-26,APC-CC2,26,5,1787236728,1787227665,2.5175,FALSE,CC,D,10,64.089,APC-CC2_C4,278,3.866906474820144,1.0351716890138571,2.8317347858062867,0.044184412080174235
C,5,C5,271,APC-CC2-26,APC-CC2,26,5,1787236728,1787227665,2.5175,FALSE,CC,D,9,34.057,APC-CC2_C5,166,1.6325301204819278,1.0351716890138571,0.5973584314680707,0.017539960403678265
D,2,D2,214,APC-CC2-26,APC-CC2,26,5,1787236728,1787227665,2.5175,FALSE,CC,D,16,31.716,APC-CC2_D2,167,1.281437125748503,1.0351716890138571,0.24626543673464596,0.007764706669650837
D,3,D3,3395,APC-CC2-26,APC-CC2,26,5,1787236728,1787227665,2.5175,FALSE,CC,D,15,43.327,APC-CC2_D3,170,19.970588235294116,1.0351716890138571,18.93541654628026,0.43703502541787476
D,4,D4,278,APC-CC2-26,APC-CC2,26,5,1787236728,1787227665,2.5175,FALSE,CC,D,13,63.945,APC-CC2_D4,188,1.4787234042553192,1.0351716890138571,0.4435517152414621,0.006936456568010979
D,5,D5,358,APC-CC2-26,APC-CC2,26,5,1787236728,1787227665,2.5175,FALSE,CC,D,14,26.89,APC-CC2_D5,165,2.16969696969697,1.0351716890138571,1.1345252806831128,0.04219134550699564
A,2,A2,383,APC-CC2-26,APC-CC2,26,6,1787238596,1787227665,3.036388888888889,FALSE,CC,C,4,76.91,APC-CC2_A2,181,2.116022099447514,1.040230787143098,1.0757913123044158,0.013987664963001117
A,3,A3,340,APC-CC2-26,APC-CC2,26,6,1787238596,1787227665,3.036388888888889,FALSE,CC,C,3,99.158,APC-CC2_A3,206,1.6504854368932038,1.040230787143098,0.6102546497501058,0.006154366261422233
A,4,A4,297,APC-CC2-26,APC-CC2,26,6,1787238596,1787227665,3.036388888888889,FALSE,CC,C,2,59.553,APC-CC2_A4,173,1.716763005780347,1.040230787143098,0.6765322186372489,0.011360170245617331
A,5,A5,363,APC-CC2-26,APC-CC2,26,6,1787238596,1787227665,3.036388888888889,FALSE,CC,C,1,76.594,APC-CC2_A5,181,2.005524861878453,1.040230787143098,0.9652940747353549,0.012602737482509792
B,2,B2,318,APC-CC2-26,APC-CC2,26,6,1787238596,1787227665,3.036388888888889,FALSE,CC,C,8,59.04,APC-CC2_B2,184,1.7282608695652173,1.040230787143098,0.6880300824221193,0.011653626057285218
B,3,B3,268,APC-CC2-26,APC-CC2,26,6,1787238596,1787227665,3.036388888888889,FALSE,CC,C,6,70.664,APC-CC2_B3,182,1.4725274725274726,1.040230787143098,0.4322966853843746,0.006117636779468677
B,4,B4,207,APC-CC2-26,APC-CC2,26,6,1787238596,1787227665,3.036388888888889,FALSE,CC,C,7,35.884,APC-CC2_B4,163,1.2699386503067485,1.040230787143098,0.22970786316365044,0.0064014007123969026
B,5,B5,222,APC-CC2-26,APC-CC2,26,6,1787238596,1787227665,3.036388888888889,FALSE,CC,C,5,37.304,APC-CC2_B5,169,1.3136094674556213,1.040230787143098,0.2733786803125233,0.007328401252212184
C,2,C2,389,APC-CC2-26,APC-CC2,26,6,1787238596,1787227665,3.036388888888889,FALSE,CC,D,11,62.63,APC-CC2_C2,188,2.0691489361702127,1.040230787143098,1.0289181490271146,0.016428519064779094
C,3,C3,255,APC-CC2-26,APC-CC2,26,6,1787238596,1787227665,3.036388888888889,FALSE,CC,D,12,37.751,APC-CC2_C3,177,1.4406779661016949,1.040230787143098,0.40044717895859683,0.010607591294498075
C,4,C4,1319,APC-CC2-26,APC-CC2,26,6,1787238596,1787227665,3.036388888888889,FALSE,CC,D,10,64.089,APC-CC2_C4,278,4.744604316546763,1.040230787143098,3.704373529403665,0.05780045763553285
C,5,C5,386,APC-CC2-26,APC-CC2,26,6,1787238596,1787227665,3.036388888888889,FALSE,CC,D,9,34.057,APC-CC2_C5,166,2.325301204819277,1.040230787143098,1.2850704176761791,0.037732930606811495
D,2,D2,289,APC-CC2-26,APC-CC2,26,6,1787238596,1787227665,3.036388888888889,FALSE,CC,D,16,31.716,APC-CC2_D2,167,1.7305389221556886,1.040230787143098,0.6903081350125906,0.02176529622312368
D,3,D3,3747,APC-CC2-26,APC-CC2,26,6,1787238596,1787227665,3.036388888888889,FALSE,CC,D,15,43.327,APC-CC2_D3,170,22.041176470588237,1.040230787143098,21.00094568344514,0.4847080500252761
D,4,D4,321,APC-CC2-26,APC-CC2,26,6,1787238596,1787227665,3.036388888888889,FALSE,CC,D,13,63.945,APC-CC2_D4,188,1.7074468085106382,1.040230787143098,0.6672160213675402,0.010434217239307845
D,5,D5,561,APC-CC2-26,APC-CC2,26,6,1787238596,1787227665,3.036388888888889,FALSE,CC,D,14,26.89,APC-CC2_D5,165,3.4,1.040230787143098,2.359769212856902,0.0877563857514653
A,2,A2,427,APC-CC2-26,APC-CC2,26,7,1787240261,1787227665,3.4988888888888887,FALSE,CC,C,4,76.91,APC-CC2_A2,181,2.3591160220994474,1.0472768634606893,1.311839158638758,0.01705680871978622
A,3,A3,374,APC-CC2-26,APC-CC2,26,7,1787240261,1787227665,3.4988888888888887,FALSE,CC,C,3,99.158,APC-CC2_A3,206,1.8155339805825244,1.0472768634606893,0.7682571171218351,0.0077478077121546935
A,4,A4,313,APC-CC2-26,APC-CC2,26,7,1787240261,1787227665,3.4988888888888887,FALSE,CC,C,2,59.553,APC-CC2_A4,173,1.8092485549132948,1.0472768634606893,0.7619716914526056,0.01279484982205104
A,5,A5,388,APC-CC2-26,APC-CC2,26,7,1787240261,1787227665,3.4988888888888887,FALSE,CC,C,1,76.594,APC-CC2_A5,181,2.143646408839779,1.0472768634606893,1.0963695453790896,0.01431403955112789
B,2,B2,305,APC-CC2-26,APC-CC2,26,7,1787240261,1787227665,3.4988888888888887,FALSE,CC,C,8,59.04,APC-CC2_B2,184,1.6576086956521738,1.0472768634606893,0.6103318321914846,0.010337598783731108
B,3,B3,293,APC-CC2-26,APC-CC2,26,7,1787240261,1787227665,3.4988888888888887,FALSE,CC,C,6,70.664,APC-CC2_B3,182,1.60989010989011,1.0472768634606893,0.5626132464294207,0.007961808649799342
B,4,B4,219,APC-CC2-26,APC-CC2,26,7,1787240261,1787227665,3.4988888888888887,FALSE,CC,C,7,35.884,APC-CC2_B4,163,1.343558282208589,1.0472768634606893,0.2962814187478997,0.008256644151931215
B,5,B5,236,APC-CC2-26,APC-CC2,26,7,1787240261,1787227665,3.4988888888888887,FALSE,CC,C,5,37.304,APC-CC2_B5,169,1.3964497041420119,1.0472768634606893,0.3491728406813226,0.009360198388412035
C,2,C2,422,APC-CC2-26,APC-CC2,26,7,1787240261,1787227665,3.4988888888888887,FALSE,CC,D,11,62.63,APC-CC2_C2,188,2.24468085106383,1.0472768634606893,1.1974039876031406,0.019118696912073137
C,3,C3,274,APC-CC2-26,APC-CC2,26,7,1787240261,1787227665,3.4988888888888887,FALSE,CC,D,12,37.751,APC-CC2_C3,177,1.5480225988700564,1.0472768634606893,0.5007457354093672,0.01326443631716689
C,4,C4,1517,APC-CC2-26,APC-CC2,26,7,1787240261,1787227665,3.4988888888888887,FALSE,CC,D,10,64.089,APC-CC2_C4,278,5.456834532374101,1.0472768634606893,4.409557668913411,0.06880365848918553
C,5,C5,535,APC-CC2-26,APC-CC2,26,7,1787240261,1787227665,3.4988888888888887,FALSE,CC,D,9,34.057,APC-CC2_C5,166,3.2228915662650603,1.0472768634606893,2.175614702804371,0.06388157215269609
D,2,D2,298,APC-CC2-26,APC-CC2,26,7,1787240261,1787227665,3.4988888888888887,FALSE,CC,D,16,31.716,APC-CC2_D2,167,1.784431137724551,1.0472768634606893,0.7371542742638617,0.02324234689947855
D,3,D3,4084,APC-CC2-26,APC-CC2,26,7,1787240261,1787227665,3.4988888888888887,FALSE,CC,D,15,43.327,APC-CC2_D3,170,24.023529411764706,1.0472768634606893,22.976252548304018,0.530298717850394
D,4,D4,332,APC-CC2-26,APC-CC2,26,7,1787240261,1787227665,3.4988888888888887,FALSE,CC,D,13,63.945,APC-CC2_D4,188,1.7659574468085106,1.0472768634606893,0.7186805833478214,0.01123904266710175
D,5,D5,698,APC-CC2-26,APC-CC2,26,7,1787240261,1787227665,3.4988888888888887,FALSE,CC,D,14,26.89,APC-CC2_D5,165,4.2303030303030305,1.0472768634606893,3.183026166842341,0.11837211479517817
A,2,A2,476,APC-CC2-26,APC-CC2,26,8,1787241954,1787227665,3.9691666666666667,FALSE,CC,C,4,76.91,APC-CC2_A2,181,2.6298342541436464,1.0505562281761938,1.5792780259674526,0.020534105135449912
A,3,A3,415,APC-CC2-26,APC-CC2,26,8,1787241954,1787227665,3.9691666666666667,FALSE,CC,C,3,99.158,APC-CC2_A3,206,2.0145631067961167,1.0505562281761938,0.964006878619923,0.009721927415033815
A,4,A4,340,APC-CC2-26,APC-CC2,26,8,1787241954,1787227665,3.9691666666666667,FALSE,CC,C,2,59.553,APC-CC2_A4,173,1.9653179190751444,1.0505562281761938,0.9147616908989507,0.015360463635735407
A,5,A5,416,APC-CC2-26,APC-CC2,26,8,1787241954,1787227665,3.9691666666666667,FALSE,CC,C,1,76.594,APC-CC2_A5,181,2.298342541436464,1.0505562281761938,1.2477863132602702,0.016290914605063978
B,2,B2,322,APC-CC2-26,APC-CC2,26,8,1787241954,1787227665,3.9691666666666667,FALSE,CC,C,8,59.04,APC-CC2_B2,184,1.75,1.0505562281761938,0.6994437718238062,0.011846947354739266
B,3,B3,329,APC-CC2-26,APC-CC2,26,8,1787241954,1787227665,3.9691666666666667,FALSE,CC,C,6,70.664,APC-CC2_B3,182,1.8076923076923077,1.0505562281761938,0.757136079516114,0.010714594128780057
B,4,B4,243,APC-CC2-26,APC-CC2,26,8,1787241954,1787227665,3.9691666666666667,FALSE,CC,C,7,35.884,APC-CC2_B4,163,1.49079754601227,1.0505562281761938,0.44024131783607623,0.012268457190839266
B,5,B5,250,APC-CC2-26,APC-CC2,26,8,1787241954,1787227665,3.9691666666666667,FALSE,CC,C,5,37.304,APC-CC2_B5,169,1.4792899408284024,1.0505562281761938,0.4287337126522086,0.011492968921622576
C,2,C2,488,APC-CC2-26,APC-CC2,26,8,1787241954,1787227665,3.9691666666666667,FALSE,CC,D,11,62.63,APC-CC2_C2,188,2.595744680851064,1.0505562281761938,1.54518845267487,0.024671698110727606
C,3,C3,305,APC-CC2-26,APC-CC2,26,8,1787241954,1787227665,3.9691666666666667,FALSE,CC,D,12,37.751,APC-CC2_C3,177,1.7231638418079096,1.0505562281761938,0.6726076136317158,0.01781694825651548
C,4,C4,1729,APC-CC2-26,APC-CC2,26,8,1787241954,1787227665,3.9691666666666667,FALSE,CC,D,10,64.089,APC-CC2_C4,278,6.219424460431655,1.0505562281761938,5.168868232255461,0.08065141026159654
C,5,C5,687,APC-CC2-26,APC-CC2,26,8,1787241954,1787227665,3.9691666666666667,FALSE,CC,D,9,34.057,APC-CC2_C5,166,4.13855421686747,1.0505562281761938,3.087997988691276,0.0906714622160283
D,2,D2,350,APC-CC2-26,APC-CC2,26,8,1787241954,1787227665,3.9691666666666667,FALSE,CC,D,16,31.716,APC-CC2_D2,167,2.095808383233533,1.0505562281761938,1.045252155057339,0.03295661984668114
D,3,D3,4387,APC-CC2-26,APC-CC2,26,8,1787241954,1787227665,3.9691666666666667,FALSE,CC,D,15,43.327,APC-CC2_D3,170,25.805882352941175,1.0505562281761938,24.75532612476498,0.5713602632253556
D,4,D4,363,APC-CC2-26,APC-CC2,26,8,1787241954,1787227665,3.9691666666666667,FALSE,CC,D,13,63.945,APC-CC2_D4,188,1.9308510638297873,1.0505562281761938,0.8802948356535936,0.013766437339175753
D,5,D5,858,APC-CC2-26,APC-CC2,26,8,1787241954,1787227665,3.9691666666666667,FALSE,CC,D,14,26.89,APC-CC2_D5,165,5.2,1.0505562281761938,4.149443771823806,0.15431178028351827
A,2,A2,220,APC-CP1-26,APC-CP1,26,0,1787227898,1787227898,0,FALSE,CP,A,4,17.059,APC-CP1_A2,220,1,1,0,0
A,3,A3,226,APC-CP1-26,APC-CP1,26,0,1787227898,1787227898,0,FALSE,CP,A,1,69.095,APC-CP1_A3,226,1,1,0,0
A,4,A4,219,APC-CP1-26,APC-CP1,26,0,1787227898,1787227898,0,FALSE,CP,A,2,17.418,APC-CP1_A4,219,1,1,0,0
A,5,A5,254,APC-CP1-26,APC-CP1,26,0,1787227898,1787227898,0,FALSE,CP,A,3,55.278,APC-CP1_A5,254,1,1,0,0
B,2,B2,214,APC-CP1-26,APC-CP1,26,0,1787227898,1787227898,0,FALSE,CP,A,9,14.863,APC-CP1_B2,214,1,1,0,0
B,3,B3,293,APC-CP1-26,APC-CP1,26,0,1787227898,1787227898,0,FALSE,CP,A,7,88.322,APC-CP1_B3,293,1,1,0,0
B,4,B4,236,APC-CP1-26,APC-CP1,26,0,1787227898,1787227898,0,FALSE,CP,A,6,38.605,APC-CP1_B4,236,1,1,0,0
B,5,B5,236,APC-CP1-26,APC-CP1,26,0,1787227898,1787227898,0,FALSE,CP,D,8,33.214,APC-CP1_B5,236,1,1,0,0
C,2,C2,248,APC-CP1-26,APC-CP1,26,0,1787227898,1787227898,0,FALSE,CP,B,12,51.631,APC-CP1_C2,248,1,1,0,0
C,3,C3,257,APC-CP1-26,APC-CP1,26,0,1787227898,1787227898,0,FALSE,CP,B,13,44.694,APC-CP1_C3,257,1,1,0,0
C,4,C4,267,APC-CP1-26,APC-CP1,26,0,1787227898,1787227898,0,FALSE,CP,B,11,55.627,APC-CP1_C4,267,1,1,0,0
C,5,C5,220,APC-CP1-26,APC-CP1,26,0,1787227898,1787227898,0,FALSE,CP,D,14,9.01,APC-CP1_C5,220,1,1,0,0
D,2,D2,260,APC-CP1-26,APC-CP1,26,0,1787227898,1787227898,0,FALSE,CP,D,16,68.407,APC-CP1_D2,260,1,1,0,0
D,3,D3,224,APC-CP1-26,APC-CP1,26,0,1787227898,1787227898,0,FALSE,CP,D,18,24.477,APC-CP1_D3,224,1,1,0,0
D,4,D4,226,APC-CP1-26,APC-CP1,26,0,1787227898,1787227898,0,FALSE,CP,D,17,21.414,APC-CP1_D4,226,1,1,0,0
D,5,D5,245,APC-CP1-26,APC-CP1,26,0,1787227898,1787227898,0,FALSE,CP,D,19,34.92,APC-CP1_D5,245,1,1,0,0
A,2,A2,219,APC-CP1-26,APC-CP1,26,1,1787229532,1787227898,0.4538888888888889,FALSE,CP,A,4,17.059,APC-CP1_A2,220,0.9954545454545455,0.9854493370381023,0.010005208416443145,5.865061502106305e-4
A,3,A3,233,APC-CP1-26,APC-CP1,26,1,1787229532,1787227898,0.4538888888888889,FALSE,CP,A,1,69.095,APC-CP1_A3,226,1.0309734513274336,0.9854493370381023,0.04552411428933123,6.588626425838517e-4
A,4,A4,218,APC-CP1-26,APC-CP1,26,1,1787229532,1787227898,0.4538888888888889,FALSE,CP,A,2,17.418,APC-CP1_A4,219,0.9954337899543378,0.9854493370381023,0.009984452916235509,5.732261405577856e-4
A,5,A5,244,APC-CP1-26,APC-CP1,26,1,1787229532,1787227898,0.4538888888888889,FALSE,CP,A,3,55.278,APC-CP1_A5,254,0.9606299212598425,0.9854493370381023,-0.024819415778259857,-4.48992651294545e-4
B,2,B2,217,APC-CP1-26,APC-CP1,26,1,1787229532,1787227898,0.4538888888888889,FALSE,CP,A,9,14.863,APC-CP1_B2,214,1.014018691588785,0.9854493370381023,0.028569354550682657,0.0019221795432067994
B,3,B3,289,APC-CP1-26,APC-CP1,26,1,1787229532,1787227898,0.4538888888888889,FALSE,CP,A,7,88.322,APC-CP1_B3,293,0.9863481228668942,0.9854493370381023,8.987858287918815e-4,1.0176239541585126e-5
B,4,B4,236,APC-CP1-26,APC-CP1,26,1,1787229532,1787227898,0.4538888888888889,FALSE,CP,A,6,38.605,APC-CP1_B4,236,1,0.9854493370381023,0.014550662961897665,3.769113576453223e-4
B,5,B5,225,APC-CP1-26,APC-CP1,26,1,1787229532,1787227898,0.4538888888888889,FALSE,CP,D,8,33.214,APC-CP1_B5,236,0.9533898305084746,0.9854493370381023,-0.032059506529627746,-9.652407578017628e-4
C,2,C2,249,APC-CP1-26,APC-CP1,26,1,1787229532,1787227898,0.4538888888888889,FALSE,CP,B,12,51.631,APC-CP1_C2,248,1.0040322580645162,0.9854493370381023,0.0185829210264139,3.5991789867354695e-4
C,3,C3,252,APC-CP1-26,APC-CP1,26,1,1787229532,1787227898,0.4538888888888889,FALSE,CP,B,13,44.694,APC-CP1_C3,257,0.980544747081712,0.9854493370381023,-0.004904589956390315,-1.0973710020115262e-4
C,4,C4,272,APC-CP1-26,APC-CP1,26,1,1787229532,1787227898,0.4538888888888889,FALSE,CP,B,11,55.627,APC-CP1_C4,267,1.0187265917602997,0.9854493370381023,0.033277254722197336,5.982212724431901e-4
C,5,C5,211,APC-CP1-26,APC-CP1,26,1,1787229532,1787227898,0.4538888888888889,FALSE,CP,D,14,9.01,APC-CP1_C5,220,0.9590909090909091,0.9854493370381023,-0.02635842794719323,-0.002925463701131324
D,2,D2,267,APC-CP1-26,APC-CP1,26,1,1787229532,1787227898,0.4538888888888889,FALSE,CP,D,16,68.407,APC-CP1_D2,260,1.0269230769230768,0.9854493370381023,0.04147373988497449,6.062791802735757e-4
D,3,D3,223,APC-CP1-26,APC-CP1,26,1,1787229532,1787227898,0.4538888888888889,FALSE,CP,D,18,24.477,APC-CP1_D3,224,0.9955357142857143,0.9854493370381023,0.010086377247611966,4.1207571383796896e-4
D,4,D4,226,APC-CP1-26,APC-CP1,26,1,1787229532,1787227898,0.4538888888888889,FALSE,CP,D,17,21.414,APC-CP1_D4,226,1,0.9854493370381023,0.014550662961897665,6.79492993457442e-4
D,5,D5,237,APC-CP1-26,APC-CP1,26,1,1787229532,1787227898,0.4538888888888889,FALSE,CP,D,19,34.92,APC-CP1_D5,245,0.9673469387755103,0.9854493370381023,-0.01810239826259208,-5.18396284724859e-4
A,2,A2,228,APC-CP1-26,APC-CP1,26,2,1787231401,1787227898,0.9730555555555556,FALSE,CP,A,4,17.059,APC-CP1_A2,220,1.0363636363636364,0.9918697470452283,0.04449388931840803,0.0026082354955394823
A,3,A3,262,APC-CP1-26,APC-CP1,26,2,1787231401,1787227898,0.9730555555555556,FALSE,CP,A,1,69.095,APC-CP1_A3,226,1.1592920353982301,0.9918697470452283,0.16742228835300177,0.002423073859946476
A,4,A4,230,APC-CP1-26,APC-CP1,26,2,1787231401,1787227898,0.9730555555555556,FALSE,CP,A,2,17.418,APC-CP1_A4,219,1.0502283105022832,0.9918697470452283,0.05835856345705481,0.003350474420545115
A,5,A5,258,APC-CP1-26,APC-CP1,26,2,1787231401,1787227898,0.9730555555555556,FALSE,CP,A,3,55.278,APC-CP1_A5,254,1.015748031496063,0.9918697470452283,0.02387828445083462,4.3196722838804985e-4
B,2,B2,224,APC-CP1-26,APC-CP1,26,2,1787231401,1787227898,0.9730555555555556,FALSE,CP,A,9,14.863,APC-CP1_B2,214,1.0467289719626167,0.9918697470452283,0.05485922491738837,0.003690992728075649
B,3,B3,296,APC-CP1-26,APC-CP1,26,2,1787231401,1787227898,0.9730555555555556,FALSE,CP,A,7,88.322,APC-CP1_B3,293,1.0102389078498293,0.9918697470452283,0.018369160804600937,2.0797944798126104e-4
B,4,B4,246,APC-CP1-26,APC-CP1,26,2,1787231401,1787227898,0.9730555555555556,FALSE,CP,A,6,38.605,APC-CP1_B4,236,1.0423728813559323,0.9918697470452283,0.05050313431070397,0.0013082018989950517
B,5,B5,231,APC-CP1-26,APC-CP1,26,2,1787231401,1787227898,0.9730555555555556,FALSE,CP,D,8,33.214,APC-CP1_B5,236,0.9788135593220338,0.9918697470452283,-0.013056187723194501,-3.930929042932047e-4
C,2,C2,265,APC-CP1-26,APC-CP1,26,2,1787231401,1787227898,0.9730555555555556,FALSE,CP,B,12,51.631,APC-CP1_C2,248,1.0685483870967742,0.9918697470452283,0.0766786400515459,0.00148512792801894
C,3,C3,263,APC-CP1-26,APC-CP1,26,2,1787231401,1787227898,0.9730555555555556,FALSE,CP,B,13,44.694,APC-CP1_C3,257,1.0233463035019454,0.9918697470452283,0.0314765564567171,7.042680551464872e-4
C,4,C4,272,APC-CP1-26,APC-CP1,26,2,1787231401,1787227898,0.9730555555555556,FALSE,CP,B,11,55.627,APC-CP1_C4,267,1.0187265917602997,0.9918697470452283,0.026856844715071326,4.828023210863668e-4
C,5,C5,218,APC-CP1-26,APC-CP1,26,2,1787231401,1787227898,0.9730555555555556,FALSE,CP,D,14,9.01,APC-CP1_C5,220,0.990909090909091,0.9918697470452283,-9.606561361373833e-4,-1.0662110278994266e-4
D,2,D2,273,APC-CP1-26,APC-CP1,26,2,1787231401,1787227898,0.9730555555555556,FALSE,CP,D,16,68.407,APC-CP1_D2,260,1.05,0.9918697470452283,0.0581302529547717,8.497705345179836e-4
D,3,D3,240,APC-CP1-26,APC-CP1,26,2,1787231401,1787227898,0.9730555555555556,FALSE,CP,D,18,24.477,APC-CP1_D3,224,1.0714285714285714,0.9918697470452283,0.07955882438334305,0.0032503503036868508
D,4,D4,230,APC-CP1-26,APC-CP1,26,2,1787231401,1787227898,0.9730555555555556,FALSE,CP,D,17,21.414,APC-CP1_D4,226,1.0176991150442478,0.9918697470452283,0.02582936799901947,0.001206190716307998
D,5,D5,250,APC-CP1-26,APC-CP1,26,2,1787231401,1787227898,0.9730555555555556,FALSE,CP,D,19,34.92,APC-CP1_D5,245,1.0204081632653061,0.9918697470452283,0.0285384162200778,8.172513235990206e-4
A,2,A2,244,APC-CP1-26,APC-CP1,26,3,1787233452,1787227898,1.5427777777777778,FALSE,CP,A,4,17.059,APC-CP1_A2,220,1.1090909090909091,0.999989254643649,0.10910165444726017,0.006395548065376643
A,3,A3,288,APC-CP1-26,APC-CP1,26,3,1787233452,1787227898,1.5427777777777778,FALSE,CP,A,1,69.095,APC-CP1_A3,226,1.2743362831858407,0.999989254643649,0.27434702854219173,0.003970577155252793
A,4,A4,247,APC-CP1-26,APC-CP1,26,3,1787233452,1787227898,1.5427777777777778,FALSE,CP,A,2,17.418,APC-CP1_A4,219,1.1278538812785388,0.999989254643649,0.12786462663488984,0.0073409476768222445
A,5,A5,282,APC-CP1-26,APC-CP1,26,3,1787233452,1787227898,1.5427777777777778,FALSE,CP,A,3,55.278,APC-CP1_A5,254,1.110236220472441,0.999989254643649,0.11024696582879201,0.001994409454553204
B,2,B2,226,APC-CP1-26,APC-CP1,26,3,1787233452,1787227898,1.5427777777777778,FALSE,CP,A,9,14.863,APC-CP1_B2,214,1.0560747663551402,0.999989254643649,0.05608551171149123,0.003773498735887185
B,3,B3,312,APC-CP1-26,APC-CP1,26,3,1787233452,1787227898,1.5427777777777778,FALSE,CP,A,7,88.322,APC-CP1_B3,293,1.0648464163822526,0.999989254643649,0.06485716173860367,7.343262351237934e-4
B,4,B4,261,APC-CP1-26,APC-CP1,26,3,1787233452,1787227898,1.5427777777777778,FALSE,CP,A,6,38.605,APC-CP1_B4,236,1.1059322033898304,0.999989254643649,0.10594294874618149,0.0027442805011314983
B,5,B5,245,APC-CP1-26,APC-CP1,26,3,1787233452,1787227898,1.5427777777777778,FALSE,CP,D,8,33.214,APC-CP1_B5,236,1.0381355932203389,0.999989254643649,0.03814633857668992,0.0011485017937222233
C,2,C2,276,APC-CP1-26,APC-CP1,26,3,1787233452,1787227898,1.5427777777777778,FALSE,CP,B,12,51.631,APC-CP1_C2,248,1.1129032258064515,0.999989254643649,0.11291397116280255,0.0021869413949526942
C,3,C3,282,APC-CP1-26,APC-CP1,26,3,1787233452,1787227898,1.5427777777777778,FALSE,CP,B,13,44.694,APC-CP1_C3,257,1.0972762645914398,0.999989254643649,0.09728700994779083,0.002176735354808046
C,4,C4,289,APC-CP1-26,APC-CP1,26,3,1787233452,1787227898,1.5427777777777778,FALSE,CP,B,11,55.627,APC-CP1_C4,267,1.0823970037453183,0.999989254643649,0.08240774910166937,0.0014814343592440607
C,5,C5,228,APC-CP1-26,APC-CP1,26,3,1787233452,1787227898,1.5427777777777778,FALSE,CP,D,14,9.01,APC-CP1_C5,220,1.0363636363636364,0.999989254643649,0.036374381719987414,0.00403711228856686
D,2,D2,307,APC-CP1-26,APC-CP1,26,3,1787233452,1787227898,1.5427777777777778,FALSE,CP,D,16,68.407,APC-CP1_D2,260,1.1807692307692308,0.999989254643649,0.18077997612558183,0.0026427116541520874
D,3,D3,251,APC-CP1-26,APC-CP1,26,3,1787233452,1787227898,1.5427777777777778,FALSE,CP,D,18,24.477,APC-CP1_D3,224,1.1205357142857142,0.999989254643649,0.12054645964206523,0.004924887022186756
D,4,D4,243,APC-CP1-26,APC-CP1,26,3,1787233452,1787227898,1.5427777777777778,FALSE,CP,D,17,21.414,APC-CP1_D4,226,1.075221238938053,0.999989254643649,0.07523198429440414,0.003513214919884381
D,5,D5,267,APC-CP1-26,APC-CP1,26,3,1787233452,1787227898,1.5427777777777778,FALSE,CP,D,19,34.92,APC-CP1_D5,245,1.089795918367347,0.999989254643649,0.08980666372369794,0.00257178303905206
A,2,A2,250,APC-CP1-26,APC-CP1,26,4,1787235231,1787227898,2.0369444444444444,FALSE,CP,A,4,17.059,APC-CP1_A2,220,1.1363636363636365,1.0116274302088752,0.12473620615476122,0.007312046787898541
A,3,A3,329,APC-CP1-26,APC-CP1,26,4,1787235231,1787227898,2.0369444444444444,FALSE,CP,A,1,69.095,APC-CP1_A3,226,1.4557522123893805,1.0116274302088752,0.4441247821805052,0.006427741257406545
A,4,A4,261,APC-CP1-26,APC-CP1,26,4,1787235231,1787227898,2.0369444444444444,FALSE,CP,A,2,17.418,APC-CP1_A4,219,1.1917808219178083,1.0116274302088752,0.18015339170893307,0.010342943604830238
A,5,A5,318,APC-CP1-26,APC-CP1,26,4,1787235231,1787227898,2.0369444444444444,FALSE,CP,A,3,55.278,APC-CP1_A5,254,1.2519685039370079,1.0116274302088752,0.24034107372813263,0.004347861241870774
B,2,B2,231,APC-CP1-26,APC-CP1,26,4,1787235231,1787227898,2.0369444444444444,FALSE,CP,A,9,14.863,APC-CP1_B2,214,1.0794392523364487,1.0116274302088752,0.06781182212757342,0.004562458597024384
B,3,B3,322,APC-CP1-26,APC-CP1,26,4,1787235231,1787227898,2.0369444444444444,FALSE,CP,A,7,88.322,APC-CP1_B3,293,1.098976109215017,1.0116274302088752,0.08734867900614174,9.889798578626133e-4
B,4,B4,275,APC-CP1-26,APC-CP1,26,4,1787235231,1787227898,2.0369444444444444,FALSE,CP,A,6,38.605,APC-CP1_B4,236,1.1652542372881356,1.0116274302088752,0.15362680707926035,0.003979453622050521
B,5,B5,261,APC-CP1-26,APC-CP1,26,4,1787235231,1787227898,2.0369444444444444,FALSE,CP,D,8,33.214,APC-CP1_B5,236,1.1059322033898304,1.0116274302088752,0.0943047731809552,0.002839307917774288
C,2,C2,291,APC-CP1-26,APC-CP1,26,4,1787235231,1787227898,2.0369444444444444,FALSE,CP,B,12,51.631,APC-CP1_C2,248,1.1733870967741935,1.0116274302088752,0.16175966656531826,0.003132995033319484
C,3,C3,1957,APC-CP1-26,APC-CP1,26,4,1787235231,1787227898,2.0369444444444444,FALSE,CP,B,13,44.694,APC-CP1_C3,257,7.614785992217898,1.0116274302088752,6.603158562009023,0.14774149912760154
C,4,C4,309,APC-CP1-26,APC-CP1,26,4,1787235231,1787227898,2.0369444444444444,FALSE,CP,B,11,55.627,APC-CP1_C4,267,1.1573033707865168,1.0116274302088752,0.14567594057764155,0.0026187991546846234
C,5,C5,242,APC-CP1-26,APC-CP1,26,4,1787235231,1787227898,2.0369444444444444,FALSE,CP,D,14,9.01,APC-CP1_C5,220,1.1,1.0116274302088752,0.08837256979112484,0.009808276336417851
D,2,D2,340,APC-CP1-26,APC-CP1,26,4,1787235231,1787227898,2.0369444444444444,FALSE,CP,D,16,68.407,APC-CP1_D2,260,1.3076923076923077,1.0116274302088752,0.29606487748343246,0.004327990958285445
D,3,D3,262,APC-CP1-26,APC-CP1,26,4,1787235231,1787227898,2.0369444444444444,FALSE,CP,D,18,24.477,APC-CP1_D3,224,1.1696428571428572,1.0116274302088752,0.15801542693398196,0.0064556696872158335
D,4,D4,252,APC-CP1-26,APC-CP1,26,4,1787235231,1787227898,2.0369444444444444,FALSE,CP,D,17,21.414,APC-CP1_D4,226,1.1150442477876106,1.0116274302088752,0.10341681757873533,0.004829402147134366
D,5,D5,290,APC-CP1-26,APC-CP1,26,4,1787235231,1787227898,2.0369444444444444,FALSE,CP,D,19,34.92,APC-CP1_D5,245,1.183673469387755,1.0116274302088752,0.17204603917887984,0.004926862519441003
A,2,A2,262,APC-CP1-26,APC-CP1,26,5,1787236890,1787227898,2.497777777777778,FALSE,CP,A,4,17.059,APC-CP1_A2,220,1.190909090909091,1.0133689992678645,0.17754009164122642,0.010407414950537921
A,3,A3,345,APC-CP1-26,APC-CP1,26,5,1787236890,1787227898,2.497777777777778,FALSE,CP,A,1,69.095,APC-CP1_A3,226,1.5265486725663717,1.0133689992678645,0.5131796732985072,0.007427160768485523
A,4,A4,269,APC-CP1-26,APC-CP1,26,5,1787236890,1787227898,2.497777777777778,FALSE,CP,A,2,17.418,APC-CP1_A4,219,1.2283105022831051,1.0133689992678645,0.21494150301524062,0.012340194225240592
A,5,A5,331,APC-CP1-26,APC-CP1,26,5,1787236890,1787227898,2.497777777777778,FALSE,CP,A,3,55.278,APC-CP1_A5,254,1.3031496062992125,1.0133689992678645,0.289780607031348,0.005242241163416694
B,2,B2,236,APC-CP1-26,APC-CP1,26,5,1787236890,1787227898,2.497777777777778,FALSE,CP,A,9,14.863,APC-CP1_B2,214,1.102803738317757,1.0133689992678645,0.08943473904989241,0.006017273703148248
B,3,B3,334,APC-CP1-26,APC-CP1,26,5,1787236890,1787227898,2.497777777777778,FALSE,CP,A,7,88.322,APC-CP1_B3,293,1.1399317406143346,1.0133689992678645,0.12656274134647005,0.001432969603795997
B,4,B4,374,APC-CP1-26,APC-CP1,26,5,1787236890,1787227898,2.497777777777778,FALSE,CP,A,6,38.605,APC-CP1_B4,236,1.5847457627118644,1.0133689992678645,0.5713767634439999,0.014800589650148943
B,5,B5,276,APC-CP1-26,APC-CP1,26,5,1787236890,1787227898,2.497777777777778,FALSE,CP,D,8,33.214,APC-CP1_B5,236,1.1694915254237288,1.0133689992678645,0.1561225261558643,0.0047005035875192485
C,2,C2,308,APC-CP1-26,APC-CP1,26,5,1787236890,1787227898,2.497777777777778,FALSE,CP,B,12,51.631,APC-CP1_C2,248,1.2419354838709677,1.0133689992678645,0.22856648460310325,0.004426923449150767
C,3,C3,3405,APC-CP1-26,APC-CP1,26,5,1787236890,1787227898,2.497777777777778,FALSE,CP,B,13,44.694,APC-CP1_C3,257,13.249027237354085,1.0133689992678645,12.23565823808622,0.2737651192125614
C,4,C4,324,APC-CP1-26,APC-CP1,26,5,1787236890,1787227898,2.497777777777778,FALSE,CP,B,11,55.627,APC-CP1_C4,267,1.2134831460674158,1.0133689992678645,0.2001141467995513,0.003597428349534422
C,5,C5,259,APC-CP1-26,APC-CP1,26,5,1787236890,1787227898,2.497777777777778,FALSE,CP,D,14,9.01,APC-CP1_C5,220,1.1772727272727272,1.0133689992678645,0.16390372800486275,0.01819131276413571
D,2,D2,1456,APC-CP1-26,APC-CP1,26,5,1787236890,1787227898,2.497777777777778,FALSE,CP,D,16,68.407,APC-CP1_D2,260,5.6,1.0133689992678645,4.586631000732135,0.06704914702782076
D,3,D3,279,APC-CP1-26,APC-CP1,26,5,1787236890,1787227898,2.497777777777778,FALSE,CP,D,18,24.477,APC-CP1_D3,224,1.2455357142857142,1.0133689992678645,0.2321667150178497,0.009485096826320615
D,4,D4,274,APC-CP1-26,APC-CP1,26,5,1787236890,1787227898,2.497777777777778,FALSE,CP,D,17,21.414,APC-CP1_D4,226,1.2123893805309736,1.0133689992678645,0.19902038126310906,0.00929393766989395
D,5,D5,311,APC-CP1-26,APC-CP1,26,5,1787236890,1787227898,2.497777777777778,FALSE,CP,D,19,34.92,APC-CP1_D5,245,1.2693877551020407,1.0133689992678645,0.2560187558341762,0.007331579491242159
A,2,A2,275,APC-CP1-26,APC-CP1,26,6,1787238763,1787227898,3.0180555555555557,FALSE,CP,A,4,17.059,APC-CP1_A2,220,1.25,1.022746497511039,0.22725350248896103,0.013321619232602205
A,3,A3,362,APC-CP1-26,APC-CP1,26,6,1787238763,1787227898,3.0180555555555557,FALSE,CP,A,1,69.095,APC-CP1_A3,226,1.6017699115044248,1.022746497511039,0.5790234139933859,0.008380105854162904
A,4,A4,312,APC-CP1-26,APC-CP1,26,6,1787238763,1787227898,3.0180555555555557,FALSE,CP,A,2,17.418,APC-CP1_A4,219,1.4246575342465753,1.022746497511039,0.4019110367355363,0.023074465308045487
A,5,A5,365,APC-CP1-26,APC-CP1,26,6,1787238763,1787227898,3.0180555555555557,FALSE,CP,A,3,55.278,APC-CP1_A5,254,1.437007874015748,1.022746497511039,0.41426137650470896,0.007494145528143366
B,2,B2,247,APC-CP1-26,APC-CP1,26,6,1787238763,1787227898,3.0180555555555557,FALSE,CP,A,9,14.863,APC-CP1_B2,214,1.1542056074766356,1.022746497511039,0.13145910996559662,0.008844722462867296
B,3,B3,367,APC-CP1-26,APC-CP1,26,6,1787238763,1787227898,3.0180555555555557,FALSE,CP,A,7,88.322,APC-CP1_B3,293,1.2525597269624573,1.022746497511039,0.22981322945141835,0.002601993041953515
B,4,B4,1860,APC-CP1-26,APC-CP1,26,6,1787238763,1787227898,3.0180555555555557,FALSE,CP,A,6,38.605,APC-CP1_B4,236,7.88135593220339,1.022746497511039,6.858609434692351,0.17766116914110483
B,5,B5,323,APC-CP1-26,APC-CP1,26,6,1787238763,1787227898,3.0180555555555557,FALSE,CP,D,8,33.214,APC-CP1_B5,236,1.36864406779661,1.022746497511039,0.3458975702855711,0.010414209980296596
C,2,C2,327,APC-CP1-26,APC-CP1,26,6,1787238763,1787227898,3.0180555555555557,FALSE,CP,B,12,51.631,APC-CP1_C2,248,1.3185483870967742,1.022746497511039,0.2958018895857353,0.005729152826513825
C,3,C3,5253,APC-CP1-26,APC-CP1,26,6,1787238763,1787227898,3.0180555555555557,FALSE,CP,B,13,44.694,APC-CP1_C3,257,20.439688715953306,1.022746497511039,19.416942218442266,0.434441809156537
C,4,C4,355,APC-CP1-26,APC-CP1,26,6,1787238763,1787227898,3.0180555555555557,FALSE,CP,B,11,55.627,APC-CP1_C4,267,1.3295880149812733,1.022746497511039,0.30684151747023436,0.005516053669445312
C,5,C5,290,APC-CP1-26,APC-CP1,26,6,1787238763,1787227898,3.0180555555555557,FALSE,CP,D,14,9.01,APC-CP1_C5,220,1.3181818181818181,1.022746497511039,0.29543532067077916,0.032789713725946634
D,2,D2,1517,APC-CP1-26,APC-CP1,26,6,1787238763,1787227898,3.0180555555555557,FALSE,CP,D,16,68.407,APC-CP1_D2,260,5.834615384615384,1.022746497511039,4.811868887104345,0.07034176161948844
D,3,D3,288,APC-CP1-26,APC-CP1,26,6,1787238763,1787227898,3.0180555555555557,FALSE,CP,D,18,24.477,APC-CP1_D3,224,1.2857142857142858,1.022746497511039,0.26296778820324684,0.010743464811996848
D,4,D4,286,APC-CP1-26,APC-CP1,26,6,1787238763,1787227898,3.0180555555555557,FALSE,CP,D,17,21.414,APC-CP1_D4,226,1.2654867256637168,1.022746497511039,0.24274022815267782,0.01133558551193975
D,5,D5,336,APC-CP1-26,APC-CP1,26,6,1787238763,1787227898,3.0180555555555557,FALSE,CP,D,19,34.92,APC-CP1_D5,245,1.3714285714285714,1.022746497511039,0.3486820739175325,0.009985168210696806
A,2,A2,285,APC-CP1-26,APC-CP1,26,7,1787240416,1787227898,3.477222222222222,FALSE,CP,A,4,17.059,APC-CP1_A2,220,1.2954545454545454,1.0286162222984723,0.26683832315607314,0.015642084715169303
A,3,A3,389,APC-CP1-26,APC-CP1,26,7,1787240416,1787227898,3.477222222222222,FALSE,CP,A,1,69.095,APC-CP1_A3,226,1.7212389380530972,1.0286162222984723,0.692622715754625,0.010024208926183154
A,4,A4,316,APC-CP1-26,APC-CP1,26,7,1787240416,1787227898,3.477222222222222,FALSE,CP,A,2,17.418,APC-CP1_A4,219,1.4429223744292237,1.0286162222984723,0.4143061521307514,0.023786092096150614
A,5,A5,380,APC-CP1-26,APC-CP1,26,7,1787240416,1787227898,3.477222222222222,FALSE,CP,A,3,55.278,APC-CP1_A5,254,1.4960629921259843,1.0286162222984723,0.467446769827512,0.008456289479132965
B,2,B2,253,APC-CP1-26,APC-CP1,26,7,1787240416,1787227898,3.477222222222222,FALSE,CP,A,9,14.863,APC-CP1_B2,214,1.1822429906542056,1.0286162222984723,0.1536267683557333,0.010336188411204556
B,3,B3,378,APC-CP1-26,APC-CP1,26,7,1787240416,1787227898,3.477222222222222,FALSE,CP,A,7,88.322,APC-CP1_B3,293,1.2901023890784984,1.0286162222984723,0.2614861667800261,0.002960600606644167
B,4,B4,2770,APC-CP1-26,APC-CP1,26,7,1787240416,1787227898,3.477222222222222,FALSE,CP,A,6,38.605,APC-CP1_B4,236,11.73728813559322,1.0286162222984723,10.708671913294747,0.277390802054002
B,5,B5,306,APC-CP1-26,APC-CP1,26,7,1787240416,1787227898,3.477222222222222,FALSE,CP,D,8,33.214,APC-CP1_B5,236,1.2966101694915255,1.0286162222984723,0.26799394719305325,0.008068704377462915
C,2,C2,341,APC-CP1-26,APC-CP1,26,7,1787240416,1787227898,3.477222222222222,FALSE,CP,B,12,51.631,APC-CP1_C2,248,1.375,1.0286162222984723,0.34638377770152773,0.006708833408253331
C,3,C3,7254,APC-CP1-26,APC-CP1,26,7,1787240416,1787227898,3.477222222222222,FALSE,CP,B,13,44.694,APC-CP1_C3,257,28.22568093385214,1.0286162222984723,27.19706471155367,0.6085171323120255
C,4,C4,367,APC-CP1-26,APC-CP1,26,7,1787240416,1787227898,3.477222222222222,FALSE,CP,B,11,55.627,APC-CP1_C4,267,1.3745318352059925,1.0286162222984723,0.34591561290752026,0.0062184840618318485
C,5,C5,298,APC-CP1-26,APC-CP1,26,7,1787240416,1787227898,3.477222222222222,FALSE,CP,D,14,9.01,APC-CP1_C5,220,1.3545454545454545,1.0286162222984723,0.3259292322469822,0.0361741656211967
D,2,D2,1632,APC-CP1-26,APC-CP1,26,7,1787240416,1787227898,3.477222222222222,FALSE,CP,D,16,68.407,APC-CP1_D2,260,6.276923076923077,1.0286162222984723,5.248306854624604,0.0767217807333256
D,3,D3,312,APC-CP1-26,APC-CP1,26,7,1787240416,1787227898,3.477222222222222,FALSE,CP,D,18,24.477,APC-CP1_D3,224,1.3928571428571428,1.0286162222984723,0.3642409205586705,0.014880946217210872
D,4,D4,298,APC-CP1-26,APC-CP1,26,7,1787240416,1787227898,3.477222222222222,FALSE,CP,D,17,21.414,APC-CP1_D4,226,1.3185840707964602,1.0286162222984723,0.28996784849798796,0.013541040837675723
D,5,D5,350,APC-CP1-26,APC-CP1,26,7,1787240416,1787227898,3.477222222222222,FALSE,CP,D,19,34.92,APC-CP1_D5,245,1.4285714285714286,1.0286162222984723,0.39995520627295633,0.01145347097001593
A,2,A2,302,APC-CP1-26,APC-CP1,26,8,1787242101,1787227898,3.9452777777777777,FALSE,CP,A,4,17.059,APC-CP1_A2,220,1.3727272727272728,1.0326717349253536,0.3400555378019192,0.019934083932347687
A,3,A3,499,APC-CP1-26,APC-CP1,26,8,1787242101,1787227898,3.9452777777777777,FALSE,CP,A,1,69.095,APC-CP1_A3,226,2.2079646017699117,1.0326717349253536,1.1752928668445581,0.017009810649751187
A,4,A4,333,APC-CP1-26,APC-CP1,26,8,1787242101,1787227898,3.9452777777777777,FALSE,CP,A,2,17.418,APC-CP1_A4,219,1.5205479452054795,1.0326717349253536,0.48787621028012595,0.02800988691469319
A,5,A5,413,APC-CP1-26,APC-CP1,26,8,1787242101,1787227898,3.9452777777777777,FALSE,CP,A,3,55.278,APC-CP1_A5,254,1.625984251968504,1.0326717349253536,0.5933125170431504,0.010733248616866573
B,2,B2,268,APC-CP1-26,APC-CP1,26,8,1787242101,1787227898,3.9452777777777777,FALSE,CP,A,9,14.863,APC-CP1_B2,214,1.2523364485981308,1.0326717349253536,0.21966471367277718,0.014779298504526488
B,3,B3,418,APC-CP1-26,APC-CP1,26,8,1787242101,1787227898,3.9452777777777777,FALSE,CP,A,7,88.322,APC-CP1_B3,293,1.4266211604095562,1.0326717349253536,0.39394942548420264,0.004460377091598952
B,4,B4,3821,APC-CP1-26,APC-CP1,26,8,1787242101,1787227898,3.9452777777777777,FALSE,CP,A,6,38.605,APC-CP1_B4,236,16.190677966101696,1.0326717349253536,15.158006231176342,0.3926436013774471
B,5,B5,319,APC-CP1-26,APC-CP1,26,8,1787242101,1787227898,3.9452777777777777,FALSE,CP,D,8,33.214,APC-CP1_B5,236,1.3516949152542372,1.0326717349253536,0.31902318032888366,0.009605081602001676
C,2,C2,352,APC-CP1-26,APC-CP1,26,8,1787242101,1787227898,3.9452777777777777,FALSE,CP,B,12,51.631,APC-CP1_C2,248,1.4193548387096775,1.0326717349253536,0.3866831037843239,0.007489359179259048
C,3,C3,7851,APC-CP1-26,APC-CP1,26,8,1787242101,1787227898,3.9452777777777777,FALSE,CP,B,13,44.694,APC-CP1_C3,257,30.54863813229572,1.0326717349253536,29.515966397370367,0.6604010918103183
C,4,C4,380,APC-CP1-26,APC-CP1,26,8,1787242101,1787227898,3.9452777777777777,FALSE,CP,B,11,55.627,APC-CP1_C4,267,1.4232209737827715,1.0326717349253536,0.3905492388574179,0.007020857476718462
C,5,C5,323,APC-CP1-26,APC-CP1,26,8,1787242101,1787227898,3.9452777777777777,FALSE,CP,D,14,9.01,APC-CP1_C5,220,1.4681818181818183,1.0326717349253536,0.4355100832564647,0.048336302248220275
D,2,D2,1788,APC-CP1-26,APC-CP1,26,8,1787242101,1787227898,3.9452777777777777,FALSE,CP,D,16,68.407,APC-CP1_D2,260,6.876923076923077,1.0326717349253536,5.844251341997724,0.08543352788453995
D,3,D3,344,APC-CP1-26,APC-CP1,26,8,1787242101,1787227898,3.9452777777777777,FALSE,CP,D,18,24.477,APC-CP1_D3,224,1.5357142857142858,1.0326717349253536,0.5030425507889322,0.020551642390363698
D,4,D4,310,APC-CP1-26,APC-CP1,26,8,1787242101,1787227898,3.9452777777777777,FALSE,CP,D,17,21.414,APC-CP1_D4,226,1.3716814159292035,1.0326717349253536,0.33900968100384987,0.015831217007744928
D,5,D5,370,APC-CP1-26,APC-CP1,26,8,1787242101,1787227898,3.9452777777777777,FALSE,CP,D,19,34.92,APC-CP1_D5,245,1.510204081632653,1.0326717349253536,0.4775323467072994,0.013675038565501127
A,2,A2,160,APC-CP2-26,APC-CP2,26,0,1787227956,1787227956,0,FALSE,CP,C,4,11.399,APC-CP2_A2,160,1,1,0,0
A,3,A3,174,APC-CP2-26,APC-CP2,26,0,1787227956,1787227956,0,FALSE,CP,C,2,10.772,APC-CP2_A3,174,1,1,0,0
A,4,A4,195,APC-CP2-26,APC-CP2,26,0,1787227956,1787227956,0,FALSE,CP,C,1,57.58,APC-CP2_A4,195,1,1,0,0
A,5,A5,173,APC-CP2-26,APC-CP2,26,0,1787227956,1787227956,0,FALSE,CP,C,3,49.814,APC-CP2_A5,173,1,1,0,0
B,2,B2,188,APC-CP2-26,APC-CP2,26,0,1787227956,1787227956,0,FALSE,CP,C,8,43.907,APC-CP2_B2,188,1,1,0,0
B,3,B3,182,APC-CP2-26,APC-CP2,26,0,1787227956,1787227956,0,FALSE,CP,C,5,38.681,APC-CP2_B3,182,1,1,0,0
B,4,B4,181,APC-CP2-26,APC-CP2,26,0,1787227956,1787227956,0,FALSE,CP,C,7,27.866,APC-CP2_B4,181,1,1,0,0
B,5,B5,180,APC-CP2-26,APC-CP2,26,0,1787227956,1787227956,0,FALSE,CP,C,6,17.391,APC-CP2_B5,180,1,1,0,0
C,2,C2,203,APC-CP2-26,APC-CP2,26,0,1787227956,1787227956,0,FALSE,CP,D,12,65.186,APC-CP2_C2,203,1,1,0,0
C,3,C3,282,APC-CP2-26,APC-CP2,26,0,1787227956,1787227956,0,FALSE,CP,D,11,78.785,APC-CP2_C3,282,1,1,0,0
C,4,C4,293,APC-CP2-26,APC-CP2,26,0,1787227956,1787227956,0,FALSE,CP,D,10,59.131,APC-CP2_C4,293,1,1,0,0
C,5,C5,188,APC-CP2-26,APC-CP2,26,0,1787227956,1787227956,0,FALSE,CP,D,9,42.558,APC-CP2_C5,188,1,1,0,0
D,2,D2,187,APC-CP2-26,APC-CP2,26,0,1787227956,1787227956,0,FALSE,CP,D,16,44.906,APC-CP2_D2,187,1,1,0,0
D,3,D3,219,APC-CP2-26,APC-CP2,26,0,1787227956,1787227956,0,FALSE,CP,D,14,83.841,APC-CP2_D3,219,1,1,0,0
D,4,D4,235,APC-CP2-26,APC-CP2,26,0,1787227956,1787227956,0,FALSE,CP,D,13,105.832,APC-CP2_D4,235,1,1,0,0
D,5,D5,254,APC-CP2-26,APC-CP2,26,0,1787227956,1787227956,0,FALSE,CP,D,15,56.741,APC-CP2_D5,254,1,1,0,0
A,2,A2,159,APC-CP2-26,APC-CP2,26,1,1787229724,1787227956,0.4911111111111111,FALSE,CP,C,4,11.399,APC-CP2_A2,160,0.99375,0.9978819014133088,-0.0041319014133087695,-3.6247928882435037e-4
A,3,A3,175,APC-CP2-26,APC-CP2,26,1,1787229724,1787227956,0.4911111111111111,FALSE,CP,C,2,10.772,APC-CP2_A3,174,1.0057471264367817,0.9978819014133088,0.007865225023472866,7.30154569576018e-4
A,4,A4,193,APC-CP2-26,APC-CP2,26,1,1787229724,1787227956,0.4911111111111111,FALSE,CP,C,1,57.58,APC-CP2_A4,195,0.9897435897435898,0.9978819014133088,-0.008138311669719012,-1.4133920926917353e-4
A,5,A5,178,APC-CP2-26,APC-CP2,26,1,1787229724,1787227956,0.4911111111111111,FALSE,CP,C,3,49.814,APC-CP2_A5,173,1.0289017341040463,0.9978819014133088,0.031019832690737492,6.227131467205503e-4
B,2,B2,185,APC-CP2-26,APC-CP2,26,1,1787229724,1787227956,0.4911111111111111,FALSE,CP,C,8,43.907,APC-CP2_B2,188,0.9840425531914894,0.9978819014133088,-0.013839348221819425,-3.1519685293505425e-4
B,3,B3,181,APC-CP2-26,APC-CP2,26,1,1787229724,1787227956,0.4911111111111111,FALSE,CP,C,5,38.681,APC-CP2_B3,182,0.9945054945054945,0.9978819014133088,-0.0033764069078142667,-8.728851135736582e-5
B,4,B4,179,APC-CP2-26,APC-CP2,26,1,1787229724,1787227956,0.4911111111111111,FALSE,CP,C,7,27.866,APC-CP2_B4,181,0.988950276243094,0.9978819014133088,-0.00893162517021484,-3.205205329151956e-4
B,5,B5,180,APC-CP2-26,APC-CP2,26,1,1787229724,1787227956,0.4911111111111111,FALSE,CP,C,6,17.391,APC-CP2_B5,180,1,0.9978819014133088,0.0021180985866912083,1.2179280010874639e-4
C,2,C2,201,APC-CP2-26,APC-CP2,26,1,1787229724,1787227956,0.4911111111111111,FALSE,CP,D,12,65.186,APC-CP2_C2,203,0.9901477832512315,0.9978819014133088,-0.0077341181620772526,-1.1864692053626932e-4
C,3,C3,341,APC-CP2-26,APC-CP2,26,1,1787229724,1787227956,0.4911111111111111,FALSE,CP,D,11,78.785,APC-CP2_C3,282,1.2092198581560283,0.9978819014133088,0.2113379567427195,0.0026824643871640476
C,4,C4,303,APC-CP2-26,APC-CP2,26,1,1787229724,1787227956,0.4911111111111111,FALSE,CP,D,10,59.131,APC-CP2_C4,293,1.0341296928327646,0.9978819014133088,0.03624779141945578,6.130082599559584e-4
C,5,C5,192,APC-CP2-26,APC-CP2,26,1,1787229724,1787227956,0.4911111111111111,FALSE,CP,D,9,42.558,APC-CP2_C5,188,1.0212765957446808,0.9978819014133088,0.02339469433137198,5.497131991957324e-4
D,2,D2,188,APC-CP2-26,APC-CP2,26,1,1787229724,1787227956,0.4911111111111111,FALSE,CP,D,16,44.906,APC-CP2_D2,187,1.0053475935828877,0.9978819014133088,0.00746569216957893,1.6625155145367948e-4
D,3,D3,232,APC-CP2-26,APC-CP2,26,1,1787229724,1787227956,0.4911111111111111,FALSE,CP,D,14,83.841,APC-CP2_D3,219,1.0593607305936072,0.9978819014133088,0.061478829180298455,7.332788156188316e-4
D,4,D4,262,APC-CP2-26,APC-CP2,26,1,1787229724,1787227956,0.4911111111111111,FALSE,CP,D,13,105.832,APC-CP2_D4,235,1.1148936170212767,0.9978819014133088,0.11701171560796786,0.0011056364389595572
D,5,D5,413,APC-CP2-26,APC-CP2,26,1,1787229724,1787227956,0.4911111111111111,FALSE,CP,D,15,56.741,APC-CP2_D5,254,1.625984251968504,0.9978819014133088,0.6281023505551951,0.011069638366528528
A,2,A2,157,APC-CP2-26,APC-CP2,26,2,1787231498,1787227956,0.9838888888888889,FALSE,CP,C,4,11.399,APC-CP2_A2,160,0.98125,1.0013768832503072,-0.020126883250307204,-0.0017656709580057203
A,3,A3,180,APC-CP2-26,APC-CP2,26,2,1787231498,1787227956,0.9838888888888889,FALSE,CP,C,2,10.772,APC-CP2_A3,174,1.0344827586206897,1.0013768832503072,0.033105875370382565,0.003073326714666038
A,4,A4,201,APC-CP2-26,APC-CP2,26,2,1787231498,1787227956,0.9838888888888889,FALSE,CP,C,1,57.58,APC-CP2_A4,195,1.0307692307692307,1.0013768832503072,0.0293923475189235,5.104610545141282e-4
A,5,A5,189,APC-CP2-26,APC-CP2,26,2,1787231498,1787227956,0.9838888888888889,FALSE,CP,C,3,49.814,APC-CP2_A5,173,1.092485549132948,1.0013768832503072,0.09110866588264077,0.0018289771125113577
B,2,B2,190,APC-CP2-26,APC-CP2,26,2,1787231498,1787227956,0.9838888888888889,FALSE,CP,C,8,43.907,APC-CP2_B2,188,1.0106382978723405,1.0013768832503072,0.009261414622033337,2.1093253062230027e-4
B,3,B3,185,APC-CP2-26,APC-CP2,26,2,1787231498,1787227956,0.9838888888888889,FALSE,CP,C,5,38.681,APC-CP2_B3,182,1.0164835164835164,1.0013768832503072,0.015106633233209266,3.905440198859716e-4
B,4,B4,183,APC-CP2-26,APC-CP2,26,2,1787231498,1787227956,0.9838888888888889,FALSE,CP,C,7,27.866,APC-CP2_B4,181,1.011049723756906,1.0013768832503072,0.00967284050659889,3.471198057345471e-4
B,5,B5,184,APC-CP2-26,APC-CP2,26,2,1787231498,1787227956,0.9838888888888889,FALSE,CP,C,6,17.391,APC-CP2_B5,180,1.0222222222222221,1.0013768832503072,0.020845338971914984,0.001198627966874532
C,2,C2,207,APC-CP2-26,APC-CP2,26,2,1787231498,1787227956,0.9838888888888889,FALSE,CP,D,12,65.186,APC-CP2_C2,203,1.019704433497537,1.0013768832503072,0.018327550247229762,2.811577677297236e-4
C,3,C3,462,APC-CP2-26,APC-CP2,26,2,1787231498,1787227956,0.9838888888888889,FALSE,CP,D,11,78.785,APC-CP2_C3,282,1.6382978723404256,1.0013768832503072,0.6369209890901184,0.008084292556833388
C,4,C4,387,APC-CP2-26,APC-CP2,26,2,1787231498,1787227956,0.9838888888888889,FALSE,CP,D,10,59.131,APC-CP2_C4,293,1.3208191126279865,1.0013768832503072,0.3194422293776793,0.005402280180914906
C,5,C5,198,APC-CP2-26,APC-CP2,26,2,1787231498,1787227956,0.9838888888888889,FALSE,CP,D,9,42.558,APC-CP2_C5,188,1.053191489361702,1.0013768832503072,0.05181460611139488,0.0012175056654775806
D,2,D2,195,APC-CP2-26,APC-CP2,26,2,1787231498,1787227956,0.9838888888888889,FALSE,CP,D,16,44.906,APC-CP2_D2,187,1.0427807486631016,1.0013768832503072,0.041403865412794394,9.220118784303745e-4
D,3,D3,259,APC-CP2-26,APC-CP2,26,2,1787231498,1787227956,0.9838888888888889,FALSE,CP,D,14,83.841,APC-CP2_D3,219,1.182648401826484,1.0013768832503072,0.18127151857617685,0.002162086790188295
D,4,D4,304,APC-CP2-26,APC-CP2,26,2,1787231498,1787227956,0.9838888888888889,FALSE,CP,D,13,105.832,APC-CP2_D4,235,1.2936170212765958,1.0013768832503072,0.2922401380262887,0.0027613589276049653
D,5,D5,665,APC-CP2-26,APC-CP2,26,2,1787231498,1787227956,0.9838888888888889,FALSE,CP,D,15,56.741,APC-CP2_D5,254,2.6181102362204722,1.0013768832503072,1.616733352970165,0.028493212191716133
A,2,A2,161,APC-CP2-26,APC-CP2,26,3,1787233517,1787227956,1.5447222222222223,FALSE,CP,C,4,11.399,APC-CP2_A2,160,1.00625,1.0111797220240664,-0.004929722024066274,-4.3246969243497453e-4
A,3,A3,186,APC-CP2-26,APC-CP2,26,3,1787233517,1787227956,1.5447222222222223,FALSE,CP,C,2,10.772,APC-CP2_A3,174,1.0689655172413792,1.0111797220240664,0.05778579521731286,0.005364444413044268
A,4,A4,217,APC-CP2-26,APC-CP2,26,3,1787233517,1787227956,1.5447222222222223,FALSE,CP,C,1,57.58,APC-CP2_A4,195,1.1128205128205129,1.0111797220240664,0.1016407907964465,0.0017652099825711445
A,5,A5,213,APC-CP2-26,APC-CP2,26,3,1787233517,1787227956,1.5447222222222223,FALSE,CP,C,3,49.814,APC-CP2_A5,173,1.23121387283237,1.0111797220240664,0.22003415080830369,0.0044171146827860375
B,2,B2,204,APC-CP2-26,APC-CP2,26,3,1787233517,1787227956,1.5447222222222223,FALSE,CP,C,8,43.907,APC-CP2_B2,188,1.0851063829787233,1.0111797220240664,0.07392666095465694,0.0016837101363030257
B,3,B3,190,APC-CP2-26,APC-CP2,26,3,1787233517,1787227956,1.5447222222222223,FALSE,CP,C,5,38.681,APC-CP2_B3,182,1.043956043956044,1.0111797220240664,0.03277632193197766,8.47349394585912e-4
B,4,B4,191,APC-CP2-26,APC-CP2,26,3,1787233517,1787227956,1.5447222222222223,FALSE,CP,C,7,27.866,APC-CP2_B4,181,1.0552486187845305,1.0111797220240664,0.044068896760464105,0.0015814575741212986
B,5,B5,192,APC-CP2-26,APC-CP2,26,3,1787233517,1787227956,1.5447222222222223,FALSE,CP,C,6,17.391,APC-CP2_B5,180,1.0666666666666667,1.0111797220240664,0.05548694464260029,0.003190555151664671
C,2,C2,219,APC-CP2-26,APC-CP2,26,3,1787233517,1787227956,1.5447222222222223,FALSE,CP,D,12,65.186,APC-CP2_C2,203,1.0788177339901477,1.0111797220240664,0.06763801196608132,0.001037615622466194
C,3,C3,732,APC-CP2-26,APC-CP2,26,3,1787233517,1787227956,1.5447222222222223,FALSE,CP,D,11,78.785,APC-CP2_C3,282,2.595744680851064,1.0111797220240664,1.5845649588269974,0.020112520896452338
C,4,C4,495,APC-CP2-26,APC-CP2,26,3,1787233517,1787227956,1.5447222222222223,FALSE,CP,D,10,59.131,APC-CP2_C4,293,1.689419795221843,1.0111797220240664,0.6782400731977767,0.011470126891102411
C,5,C5,204,APC-CP2-26,APC-CP2,26,3,1787233517,1787227956,1.5447222222222223,FALSE,CP,D,9,42.558,APC-CP2_C5,188,1.0851063829787233,1.0111797220240664,0.07392666095465694,0.0017370802423670507
D,2,D2,217,APC-CP2-26,APC-CP2,26,3,1787233517,1787227956,1.5447222222222223,FALSE,CP,D,16,44.906,APC-CP2_D2,187,1.160427807486631,1.0111797220240664,0.14924808546256463,0.003323566682905728
D,3,D3,286,APC-CP2-26,APC-CP2,26,3,1787233517,1787227956,1.5447222222222223,FALSE,CP,D,14,83.841,APC-CP2_D3,219,1.3059360730593608,1.0111797220240664,0.2947563510352944,0.0035156588188988017
D,4,D4,321,APC-CP2-26,APC-CP2,26,3,1787233517,1787227956,1.5447222222222223,FALSE,CP,D,13,105.832,APC-CP2_D4,235,1.3659574468085107,1.0111797220240664,0.35477772478444436,0.0033522727037610966
D,5,D5,856,APC-CP2-26,APC-CP2,26,3,1787233517,1787227956,1.5447222222222223,FALSE,CP,D,15,56.741,APC-CP2_D5,254,3.37007874015748,1.0111797220240664,2.358899018133414,0.04157309561222774
A,2,A2,164,APC-CP2-26,APC-CP2,26,4,1787235307,1787227956,2.0419444444444443,FALSE,CP,C,4,11.399,APC-CP2_A2,160,1.025,1.0193674797841157,0.005632520215884229,4.941240649078191e-4
A,3,A3,191,APC-CP2-26,APC-CP2,26,4,1787235307,1787227956,2.0419444444444443,FALSE,CP,C,2,10.772,APC-CP2_A3,174,1.0977011494252873,1.0193674797841157,0.07833366964117161,0.007271970817041553
A,4,A4,253,APC-CP2-26,APC-CP2,26,4,1787235307,1787227956,2.0419444444444443,FALSE,CP,C,1,57.58,APC-CP2_A4,195,1.2974358974358975,1.0193674797841157,0.2780684176517818,0.004829253519482143
A,5,A5,232,APC-CP2-26,APC-CP2,26,4,1787235307,1787227956,2.0419444444444443,FALSE,CP,C,3,49.814,APC-CP2_A5,173,1.3410404624277457,1.0193674797841157,0.32167298264363,0.006457481483993054
B,2,B2,225,APC-CP2-26,APC-CP2,26,4,1787235307,1787227956,2.0419444444444443,FALSE,CP,C,8,43.907,APC-CP2_B2,188,1.196808510638298,1.0193674797841157,0.17744103085418228,0.004041292524066375
B,3,B3,208,APC-CP2-26,APC-CP2,26,4,1787235307,1787227956,2.0419444444444443,FALSE,CP,C,5,38.681,APC-CP2_B3,182,1.1428571428571428,1.0193674797841157,0.12348966307302711,0.003192514750731034
B,4,B4,196,APC-CP2-26,APC-CP2,26,4,1787235307,1787227956,2.0419444444444443,FALSE,CP,C,7,27.866,APC-CP2_B4,181,1.0828729281767955,1.0193674797841157,0.0635054483926798,0.002278958170985423
B,5,B5,198,APC-CP2-26,APC-CP2,26,4,1787235307,1787227956,2.0419444444444443,FALSE,CP,C,6,17.391,APC-CP2_B5,180,1.1,1.0193674797841157,0.0806325202158844,0.004636451050306734
C,2,C2,229,APC-CP2-26,APC-CP2,26,4,1787235307,1787227956,2.0419444444444443,FALSE,CP,D,12,65.186,APC-CP2_C2,203,1.1280788177339902,1.0193674797841157,0.10871133794987453,0.0016677099062662921
C,3,C3,944,APC-CP2-26,APC-CP2,26,4,1787235307,1787227956,2.0419444444444443,FALSE,CP,D,11,78.785,APC-CP2_C3,282,3.347517730496454,1.0193674797841157,2.328150250712338,0.02955067907231501
C,4,C4,608,APC-CP2-26,APC-CP2,26,4,1787235307,1787227956,2.0419444444444443,FALSE,CP,D,10,59.131,APC-CP2_C4,293,2.0750853242320817,1.0193674797841157,1.055717844447966,0.017853881119006376
C,5,C5,216,APC-CP2-26,APC-CP2,26,4,1787235307,1787227956,2.0419444444444443,FALSE,CP,D,9,42.558,APC-CP2_C5,188,1.148936170212766,1.0193674797841157,0.12956869042865038,0.003044520194291329
D,2,D2,241,APC-CP2-26,APC-CP2,26,4,1787235307,1787227956,2.0419444444444443,FALSE,CP,D,16,44.906,APC-CP2_D2,187,1.2887700534759359,1.0193674797841157,0.2694025736918202,0.0059992556382625975
D,3,D3,327,APC-CP2-26,APC-CP2,26,4,1787235307,1787227956,2.0419444444444443,FALSE,CP,D,14,83.841,APC-CP2_D3,219,1.4931506849315068,1.0193674797841157,0.47378320514739114,0.0056509727358618235
D,4,D4,344,APC-CP2-26,APC-CP2,26,4,1787235307,1787227956,2.0419444444444443,FALSE,CP,D,13,105.832,APC-CP2_D4,235,1.4638297872340424,1.0193674797841157,0.44446230744992676,0.004199696759486042
D,5,D5,1096,APC-CP2-26,APC-CP2,26,4,1787235307,1787227956,2.0419444444444443,FALSE,CP,D,15,56.741,APC-CP2_D5,254,4.31496062992126,1.0193674797841157,3.2955931501371447,0.05808133713077219
A,2,A2,168,APC-CP2-26,APC-CP2,26,5,1787236957,1787227956,2.500277777777778,FALSE,CP,C,4,11.399,APC-CP2_A2,160,1.05,1.0283155783191043,0.021684421680895793,0.0019023091219313795
A,3,A3,196,APC-CP2-26,APC-CP2,26,5,1787236957,1787227956,2.500277777777778,FALSE,CP,C,2,10.772,APC-CP2_A3,174,1.1264367816091954,1.0283155783191043,0.09812120329009111,0.009108912299488592
A,4,A4,277,APC-CP2-26,APC-CP2,26,5,1787236957,1787227956,2.500277777777778,FALSE,CP,C,1,57.58,APC-CP2_A4,195,1.4205128205128206,1.0283155783191043,0.3921972421937163,0.00681134494952616
A,5,A5,258,APC-CP2-26,APC-CP2,26,5,1787236957,1787227956,2.500277777777778,FALSE,CP,C,3,49.814,APC-CP2_A5,173,1.4913294797687862,1.0283155783191043,0.4630139014496819,0.009294854889181393
B,2,B2,249,APC-CP2-26,APC-CP2,26,5,1787236957,1787227956,2.500277777777778,FALSE,CP,C,8,43.907,APC-CP2_B2,188,1.324468085106383,1.0283155783191043,0.2961525067872788,0.006744995257869561
B,3,B3,233,APC-CP2-26,APC-CP2,26,5,1787236957,1787227956,2.500277777777778,FALSE,CP,C,5,38.681,APC-CP2_B3,182,1.2802197802197801,1.0283155783191043,0.25190420190067586,0.006512349781563969
B,4,B4,205,APC-CP2-26,APC-CP2,26,5,1787236957,1787227956,2.500277777777778,FALSE,CP,C,7,27.866,APC-CP2_B4,181,1.132596685082873,1.0283155783191043,0.10428110676376878,0.0037422345067023893
B,5,B5,206,APC-CP2-26,APC-CP2,26,5,1787236957,1787227956,2.500277777777778,FALSE,CP,C,6,17.391,APC-CP2_B5,180,1.1444444444444444,1.0283155783191043,0.11612886612534012,0.006677526658923589
C,2,C2,244,APC-CP2-26,APC-CP2,26,5,1787236957,1787227956,2.500277777777778,FALSE,CP,D,12,65.186,APC-CP2_C2,203,1.2019704433497538,1.0283155783191043,0.17365486503064953,0.0026639901977518103
C,3,C3,1136,APC-CP2-26,APC-CP2,26,5,1787236957,1787227956,2.500277777777778,FALSE,CP,D,11,78.785,APC-CP2_C3,282,4.028368794326241,1.0283155783191043,3.0000532160071365,0.038078989858566184
C,4,C4,705,APC-CP2-26,APC-CP2,26,5,1787236957,1787227956,2.500277777777778,FALSE,CP,D,10,59.131,APC-CP2_C4,293,2.4061433447098977,1.0283155783191043,1.3778277663907934,0.02330127625764478
C,5,C5,231,APC-CP2-26,APC-CP2,26,5,1787236957,1787227956,2.500277777777778,FALSE,CP,D,9,42.558,APC-CP2_C5,188,1.2287234042553192,1.0283155783191043,0.20040782593621498,0.00470905178664916
D,2,D2,258,APC-CP2-26,APC-CP2,26,5,1787236957,1787227956,2.500277777777778,FALSE,CP,D,16,44.906,APC-CP2_D2,187,1.3796791443850267,1.0283155783191043,0.35136356606592245,0.007824423597424007
D,3,D3,354,APC-CP2-26,APC-CP2,26,5,1787236957,1787227956,2.500277777777778,FALSE,CP,D,14,83.841,APC-CP2_D3,219,1.6164383561643836,1.0283155783191043,0.5881227778452793,0.007014739540860431
D,4,D4,368,APC-CP2-26,APC-CP2,26,5,1787236957,1787227956,2.500277777777778,FALSE,CP,D,13,105.832,APC-CP2_D4,235,1.5659574468085107,1.0283155783191043,0.5376418684894064,0.005080144648966348
D,5,D5,1206,APC-CP2-26,APC-CP2,26,5,1787236957,1787227956,2.500277777777778,FALSE,CP,D,15,56.741,APC-CP2_D5,254,4.748031496062992,1.0283155783191043,3.7197159177438874,0.06555605149264002
A,2,A2,169,APC-CP2-26,APC-CP2,26,6,1787238837,1787227956,3.0225,FALSE,CP,C,4,11.399,APC-CP2_A2,160,1.05625,1.0322512040235519,0.02399879597644805,0.002105342220935876
A,3,A3,201,APC-CP2-26,APC-CP2,26,6,1787238837,1787227956,3.0225,FALSE,CP,C,2,10.772,APC-CP2_A3,174,1.1551724137931034,1.0322512040235519,0.12292120976955156,0.011411178032821347
A,4,A4,570,APC-CP2-26,APC-CP2,26,6,1787238837,1787227956,3.0225,FALSE,CP,C,1,57.58,APC-CP2_A4,195,2.923076923076923,1.0322512040235519,1.890825719053371,0.03283823756605368
A,5,A5,272,APC-CP2-26,APC-CP2,26,6,1787238837,1787227956,3.0225,FALSE,CP,C,3,49.814,APC-CP2_A5,173,1.5722543352601157,1.0322512040235519,0.5400031312365638,0.010840388871332634
B,2,B2,629,APC-CP2-26,APC-CP2,26,6,1787238837,1787227956,3.0225,FALSE,CP,C,8,43.907,APC-CP2_B2,188,3.345744680851064,1.0322512040235519,2.313493476827512,0.05269076632034783
B,3,B3,243,APC-CP2-26,APC-CP2,26,6,1787238837,1787227956,3.0225,FALSE,CP,C,5,38.681,APC-CP2_B3,182,1.335164835164835,1.0322512040235519,0.3029136311412832,0.007831070322413671
B,4,B4,216,APC-CP2-26,APC-CP2,26,6,1787238837,1787227956,3.0225,FALSE,CP,C,7,27.866,APC-CP2_B4,181,1.1933701657458564,1.0322512040235519,0.16111896172230455,0.005781919246476155
B,5,B5,217,APC-CP2-26,APC-CP2,26,6,1787238837,1787227956,3.0225,FALSE,CP,C,6,17.391,APC-CP2_B5,180,1.2055555555555555,1.0322512040235519,0.17330435153200363,0.009965174603645774
C,2,C2,260,APC-CP2-26,APC-CP2,26,6,1787238837,1787227956,3.0225,FALSE,CP,D,12,65.186,APC-CP2_C2,203,1.2807881773399015,1.0322512040235519,0.2485369733163496,0.00381273545418264
C,3,C3,1329,APC-CP2-26,APC-CP2,26,6,1787238837,1787227956,3.0225,FALSE,CP,D,11,78.785,APC-CP2_C3,282,4.712765957446808,1.0322512040235519,3.6805147534232563,0.046715932644834125
C,4,C4,821,APC-CP2-26,APC-CP2,26,6,1787238837,1787227956,3.0225,FALSE,CP,D,10,59.131,APC-CP2_C4,293,2.802047781569966,1.0322512040235519,1.7697965775464142,0.029930097200223472
C,5,C5,243,APC-CP2-26,APC-CP2,26,6,1787238837,1787227956,3.0225,FALSE,CP,D,9,42.558,APC-CP2_C5,188,1.2925531914893618,1.0322512040235519,0.2603019874658099,0.0061164055516192
D,2,D2,283,APC-CP2-26,APC-CP2,26,6,1787238837,1787227956,3.0225,FALSE,CP,D,16,44.906,APC-CP2_D2,187,1.5133689839572193,1.0322512040235519,0.48111777993366744,0.010713886338878266
D,3,D3,390,APC-CP2-26,APC-CP2,26,6,1787238837,1787227956,3.0225,FALSE,CP,D,14,83.841,APC-CP2_D3,219,1.7808219178082192,1.0322512040235519,0.7485707137846673,0.008928456408972548
D,4,D4,388,APC-CP2-26,APC-CP2,26,6,1787238837,1787227956,3.0225,FALSE,CP,D,13,105.832,APC-CP2_D4,235,1.651063829787234,1.0322512040235519,0.6188126257636821,0.0058471220969431
D,5,D5,1453,APC-CP2-26,APC-CP2,26,6,1787238837,1787227956,3.0225,FALSE,CP,D,15,56.741,APC-CP2_D5,254,5.7204724409448815,1.0322512040235519,4.688221236921329,0.08262493147673339
A,2,A2,172,APC-CP2-26,APC-CP2,26,7,1787240486,1787227956,3.4805555555555556,FALSE,CP,C,4,11.399,APC-CP2_A2,160,1.075,1.0379272049383714,0.03707279506162853,0.0032522848549546915
A,3,A3,203,APC-CP2-26,APC-CP2,26,7,1787240486,1787227956,3.4805555555555556,FALSE,CP,C,2,10.772,APC-CP2_A3,174,1.1666666666666667,1.0379272049383714,0.1287394617282953,0.011951305396239818
A,4,A4,744,APC-CP2-26,APC-CP2,26,7,1787240486,1787227956,3.4805555555555556,FALSE,CP,C,1,57.58,APC-CP2_A4,195,3.8153846153846156,1.0379272049383714,2.777457410446244,0.04823649549229323
A,5,A5,289,APC-CP2-26,APC-CP2,26,7,1787240486,1787227956,3.4805555555555556,FALSE,CP,C,3,49.814,APC-CP2_A5,173,1.670520231213873,1.0379272049383714,0.6325930262755015,0.012699101181906723
B,2,B2,931,APC-CP2-26,APC-CP2,26,7,1787240486,1787227956,3.4805555555555556,FALSE,CP,C,8,43.907,APC-CP2_B2,188,4.952127659574468,1.0379272049383714,3.9142004546360964,0.08914752669588213
B,3,B3,258,APC-CP2-26,APC-CP2,26,7,1787240486,1787227956,3.4805555555555556,FALSE,CP,C,5,38.681,APC-CP2_B3,182,1.4175824175824177,1.0379272049383714,0.3796552126440462,0.009815030962075599
B,4,B4,224,APC-CP2-26,APC-CP2,26,7,1787240486,1787227956,3.4805555555555556,FALSE,CP,C,7,27.866,APC-CP2_B4,181,1.2375690607734806,1.0379272049383714,0.19964185583510918,0.007164352825490174
B,5,B5,230,APC-CP2-26,APC-CP2,26,7,1787240486,1787227956,3.4805555555555556,FALSE,CP,C,6,17.391,APC-CP2_B5,180,1.2777777777777777,1.0379272049383714,0.23985057283940625,0.013791649292128474
C,2,C2,276,APC-CP2-26,APC-CP2,26,7,1787240486,1787227956,3.4805555555555556,FALSE,CP,D,12,65.186,APC-CP2_C2,203,1.3596059113300492,1.0379272049383714,0.3216787063916777,0.004934782106459634
C,3,C3,1435,APC-CP2-26,APC-CP2,26,7,1787240486,1787227956,3.4805555555555556,FALSE,CP,D,11,78.785,APC-CP2_C3,282,5.088652482269503,1.0379272049383714,4.050725277331132,0.05141493021934546
C,4,C4,928,APC-CP2-26,APC-CP2,26,7,1787240486,1787227956,3.4805555555555556,FALSE,CP,D,10,59.131,APC-CP2_C4,293,3.167235494880546,1.0379272049383714,2.1293082899421747,0.03601001657239307
C,5,C5,258,APC-CP2-26,APC-CP2,26,7,1787240486,1787227956,3.4805555555555556,FALSE,CP,D,9,42.558,APC-CP2_C5,188,1.372340425531915,1.0379272049383714,0.3344132205935435,0.007857822749977525
D,2,D2,298,APC-CP2-26,APC-CP2,26,7,1787240486,1787227956,3.4805555555555556,FALSE,CP,D,16,44.906,APC-CP2_D2,187,1.5935828877005347,1.0379272049383714,0.5556556827621633,0.01237375145330609
D,3,D3,429,APC-CP2-26,APC-CP2,26,7,1787240486,1787227956,3.4805555555555556,FALSE,CP,D,14,83.841,APC-CP2_D3,219,1.9589041095890412,1.0379272049383714,0.9209769046506697,0.01098480343329242
D,4,D4,417,APC-CP2-26,APC-CP2,26,7,1787240486,1787227956,3.4805555555555556,FALSE,CP,D,13,105.832,APC-CP2_D4,235,1.774468085106383,1.0379272049383714,0.7365408801680116,0.006959529066520633
D,5,D5,1598,APC-CP2-26,APC-CP2,26,7,1787240486,1787227956,3.4805555555555556,FALSE,CP,D,15,56.741,APC-CP2_D5,254,6.291338582677166,1.0379272049383714,5.253411377738795,0.0925858088108915
A,2,A2,174,APC-CP2-26,APC-CP2,26,8,1787242167,1787227956,3.9475,FALSE,CP,C,4,11.399,APC-CP2_A2,160,1.0875,1.0402656158243646,0.0472343841756353,0.004143730518083631
A,3,A3,207,APC-CP2-26,APC-CP2,26,8,1787242167,1787227956,3.9475,FALSE,CP,C,2,10.772,APC-CP2_A3,174,1.1896551724137931,1.0402656158243646,0.14938955658942854,0.013868321257837777
A,4,A4,828,APC-CP2-26,APC-CP2,26,8,1787242167,1787227956,3.9475,FALSE,CP,C,1,57.58,APC-CP2_A4,195,4.246153846153846,1.0402656158243646,3.2058882303294816,0.055677114107840944
A,5,A5,310,APC-CP2-26,APC-CP2,26,8,1787242167,1787227956,3.9475,FALSE,CP,C,3,49.814,APC-CP2_A5,173,1.7919075144508672,1.0402656158243646,0.7516418986265025,0.0150889689369756
B,2,B2,1050,APC-CP2-26,APC-CP2,26,8,1787242167,1787227956,3.9475,FALSE,CP,C,8,43.907,APC-CP2_B2,188,5.585106382978723,1.0402656158243646,4.5448407671543585,0.10351061942638666
B,3,B3,261,APC-CP2-26,APC-CP2,26,8,1787242167,1787227956,3.9475,FALSE,CP,C,5,38.681,APC-CP2_B3,182,1.434065934065934,1.0402656158243646,0.39380031824156947,0.010180717102493976
B,4,B4,232,APC-CP2-26,APC-CP2,26,8,1787242167,1787227956,3.9475,FALSE,CP,C,7,27.866,APC-CP2_B4,181,1.281767955801105,1.0402656158243646,0.24150233997674042,0.008666559246994202
B,5,B5,259,APC-CP2-26,APC-CP2,26,8,1787242167,1787227956,3.9475,FALSE,CP,C,6,17.391,APC-CP2_B5,180,1.4388888888888889,1.0402656158243646,0.3986232730645243,0.022921239322898298
C,2,C2,293,APC-CP2-26,APC-CP2,26,8,1787242167,1787227956,3.9475,FALSE,CP,D,12,65.186,APC-CP2_C2,203,1.4433497536945812,1.0402656158243646,0.4030841378702166,0.006183599820056707
C,3,C3,1571,APC-CP2-26,APC-CP2,26,8,1787242167,1787227956,3.9475,FALSE,CP,D,11,78.785,APC-CP2_C3,282,5.570921985815603,1.0402656158243646,4.530656369991238,0.05750658589821969
C,4,C4,1034,APC-CP2-26,APC-CP2,26,8,1787242167,1787227956,3.9475,FALSE,CP,D,10,59.131,APC-CP2_C4,293,3.52901023890785,1.0402656158243646,2.4887446230834853,0.04208866116053314
C,5,C5,269,APC-CP2-26,APC-CP2,26,8,1787242167,1787227956,3.9475,FALSE,CP,D,9,42.558,APC-CP2_C5,188,1.4308510638297873,1.0402656158243646,0.3905854480054227,0.009177720945660574
D,2,D2,320,APC-CP2-26,APC-CP2,26,8,1787242167,1787227956,3.9475,FALSE,CP,D,16,44.906,APC-CP2_D2,187,1.7112299465240641,1.0402656158243646,0.6709643306996995,0.014941529655273227
D,3,D3,463,APC-CP2-26,APC-CP2,26,8,1787242167,1787227956,3.9475,FALSE,CP,D,14,83.841,APC-CP2_D3,219,2.1141552511415527,1.0402656158243646,1.073889635317188,0.012808645356295703
D,4,D4,446,APC-CP2-26,APC-CP2,26,8,1787242167,1787227956,3.9475,FALSE,CP,D,13,105.832,APC-CP2_D4,235,1.897872340425532,1.0402656158243646,0.8576067246011674,0.008103472717147625
D,5,D5,1822,APC-CP2-26,APC-CP2,26,8,1787242167,1787227956,3.9475,FALSE,CP,D,15,56.741,APC-CP2_D5,254,7.173228346456693,1.0402656158243646,6.132962730632328,0.10808696939835971
A,2,A2,163,APC-EE1-26,APC-EE1,26,0,1787227731,1787227731,0,FALSE,EE,A,3,20.68,APC-EE1_A2,163,1,1,0,0
A,3,A3,172,APC-EE1-26,APC-EE1,26,0,1787227731,1787227731,0,FALSE,EE,A,4,42.21,APC-EE1_A3,172,1,1,0,0
A,4,A4,184,APC-EE1-26,APC-EE1,26,0,1787227731,1787227731,0,FALSE,EE,A,2,54.731,APC-EE1_A4,184,1,1,0,0
A,5,A5,183,APC-EE1-26,APC-EE1,26,0,1787227731,1787227731,0,FALSE,EE,A,1,74.221,APC-EE1_A5,183,1,1,0,0
B,2,B2,166,APC-EE1-26,APC-EE1,26,0,1787227731,1787227731,0,FALSE,EE,A,7,39.943,APC-EE1_B2,166,1,1,0,0
B,3,B3,176,APC-EE1-26,APC-EE1,26,0,1787227731,1787227731,0,FALSE,EE,A,6,46.119,APC-EE1_B3,176,1,1,0,0
B,4,B4,175,APC-EE1-26,APC-EE1,26,0,1787227731,1787227731,0,FALSE,EE,A,8,44.249,APC-EE1_B4,175,1,1,0,0
B,5,B5,163,APC-EE1-26,APC-EE1,26,0,1787227731,1787227731,0,FALSE,EE,A,5,33.258,APC-EE1_B5,163,1,1,0,0
C,2,C2,141,APC-EE1-26,APC-EE1,26,0,1787227731,1787227731,0,FALSE,EE,A,11,24.589,APC-EE1_C2,141,1,1,0,0
C,3,C3,162,APC-EE1-26,APC-EE1,26,0,1787227731,1787227731,0,FALSE,EE,A,9,16.431,APC-EE1_C3,162,1,1,0,0
C,4,C4,160,APC-EE1-26,APC-EE1,26,0,1787227731,1787227731,0,FALSE,EE,A,12,12.748,APC-EE1_C4,160,1,1,0,0
C,5,C5,159,APC-EE1-26,APC-EE1,26,0,1787227731,1787227731,0,FALSE,EE,B,13,11.558,APC-EE1_C5,159,1,1,0,0
D,2,D2,168,APC-EE1-26,APC-EE1,26,0,1787227731,1787227731,0,FALSE,EE,C,16,25.836,APC-EE1_D2,168,1,1,0,0
D,3,D3,164,APC-EE1-26,APC-EE1,26,0,1787227731,1787227731,0,FALSE,EE,C,18,26.402,APC-EE1_D3,164,1,1,0,0
D,4,D4,163,APC-EE1-26,APC-EE1,26,0,1787227731,1787227731,0,FALSE,EE,C,17,22.436,APC-EE1_D4,163,1,1,0,0
D,5,D5,170,APC-EE1-26,APC-EE1,26,0,1787227731,1787227731,0,FALSE,EE,C,19,30.255,APC-EE1_D5,170,1,1,0,0
A,2,A2,171,APC-EE1-26,APC-EE1,26,1,1787229434,1787227731,0.47305555555555556,FALSE,EE,A,3,20.68,APC-EE1_A2,163,1.049079754601227,1.007414073146738,0.0416656814544889,0.002014781501667742
A,3,A3,180,APC-EE1-26,APC-EE1,26,1,1787229434,1787227731,0.47305555555555556,FALSE,EE,A,4,42.21,APC-EE1_A3,172,1.0465116279069768,1.007414073146738,0.039097554760238795,9.262628467244443e-4
A,4,A4,195,APC-EE1-26,APC-EE1,26,1,1787229434,1787227731,0.47305555555555556,FALSE,EE,A,2,54.731,APC-EE1_A4,184,1.059782608695652,1.007414073146738,0.052368535548914075,9.568349847237229e-4
A,5,A5,186,APC-EE1-26,APC-EE1,26,1,1787229434,1787227731,0.47305555555555556,FALSE,EE,A,1,74.221,APC-EE1_A5,183,1.0163934426229508,1.007414073146738,0.008979369476212806,1.2098152108180711e-4
B,2,B2,172,APC-EE1-26,APC-EE1,26,1,1787229434,1787227731,0.47305555555555556,FALSE,EE,A,7,39.943,APC-EE1_B2,166,1.036144578313253,1.007414073146738,0.028730505166514986,7.192876140128429e-4
B,3,B3,194,APC-EE1-26,APC-EE1,26,1,1787229434,1787227731,0.47305555555555556,FALSE,EE,A,6,46.119,APC-EE1_B3,176,1.1022727272727273,1.007414073146738,0.09485865412598926,0.0020568237413211314
B,4,B4,178,APC-EE1-26,APC-EE1,26,1,1787229434,1787227731,0.47305555555555556,FALSE,EE,A,8,44.249,APC-EE1_B4,175,1.0171428571428571,1.007414073146738,0.009728783996119095,2.1986449402515524e-4
B,5,B5,165,APC-EE1-26,APC-EE1,26,1,1787229434,1787227731,0.47305555555555556,FALSE,EE,A,5,33.258,APC-EE1_B5,163,1.0122699386503067,1.007414073146738,0.004855865503568646,1.4600593852813295e-4
C,2,C2,147,APC-EE1-26,APC-EE1,26,1,1787229434,1787227731,0.47305555555555556,FALSE,EE,A,11,24.589,APC-EE1_C2,141,1.0425531914893618,1.007414073146738,0.03513911834262373,0.001429058454700221
C,3,C3,163,APC-EE1-26,APC-EE1,26,1,1787229434,1787227731,0.47305555555555556,FALSE,EE,A,9,16.431,APC-EE1_C3,162,1.0061728395061729,1.007414073146738,-0.0012412336405651647,-7.554218492880315e-5
C,4,C4,161,APC-EE1-26,APC-EE1,26,1,1787229434,1787227731,0.47305555555555556,FALSE,EE,A,12,12.748,APC-EE1_C4,160,1.00625,1.007414073146738,-0.0011640731467379428,-9.131417843880945e-5
C,5,C5,163,APC-EE1-26,APC-EE1,26,1,1787229434,1787227731,0.47305555555555556,FALSE,EE,B,13,11.558,APC-EE1_C5,159,1.0251572327044025,1.007414073146738,0.01774315955766448,0.0015351409895885515
D,2,D2,169,APC-EE1-26,APC-EE1,26,1,1787229434,1787227731,0.47305555555555556,FALSE,EE,C,16,25.836,APC-EE1_D2,168,1.005952380952381,1.007414073146738,-0.0014616921943571004,-5.6575793248068603e-5
D,3,D3,169,APC-EE1-26,APC-EE1,26,1,1787229434,1787227731,0.47305555555555556,FALSE,EE,C,18,26.402,APC-EE1_D3,164,1.0304878048780488,1.007414073146738,0.023073731731310776,8.739387823388673e-4
D,4,D4,169,APC-EE1-26,APC-EE1,26,1,1787229434,1787227731,0.47305555555555556,FALSE,EE,C,17,22.436,APC-EE1_D4,163,1.0368098159509203,1.007414073146738,0.029395742804182223,0.0013102042611954994
D,5,D5,178,APC-EE1-26,APC-EE1,26,1,1787229434,1787227731,0.47305555555555556,FALSE,EE,C,19,30.255,APC-EE1_D5,170,1.0470588235294118,1.007414073146738,0.03964475038267379,0.0013103536732002575
A,2,A2,178,APC-EE1-26,APC-EE1,26,2,1787231263,1787227731,0.9811111111111112,FALSE,EE,A,3,20.68,APC-EE1_A2,163,1.0920245398773005,1.0138279865238984,0.07819655335340214,0.003781264668926603
A,3,A3,199,APC-EE1-26,APC-EE1,26,2,1787231263,1787227731,0.9811111111111112,FALSE,EE,A,4,42.21,APC-EE1_A3,172,1.1569767441860466,1.0138279865238984,0.14314875766214818,0.003391347018766837
A,4,A4,204,APC-EE1-26,APC-EE1,26,2,1787231263,1787227731,0.9811111111111112,FALSE,EE,A,2,54.731,APC-EE1_A4,184,1.108695652173913,1.0138279865238984,0.0948676656500147,0.001733344277466421
A,5,A5,217,APC-EE1-26,APC-EE1,26,2,1787231263,1787227731,0.9811111111111112,FALSE,EE,A,1,74.221,APC-EE1_A5,183,1.185792349726776,1.0138279865238984,0.17196436320287756,0.0023169232859012617
B,2,B2,177,APC-EE1-26,APC-EE1,26,2,1787231263,1787227731,0.9811111111111112,FALSE,EE,A,7,39.943,APC-EE1_B2,166,1.0662650602409638,1.0138279865238984,0.05243707371706541,0.0013127975794773906
B,3,B3,209,APC-EE1-26,APC-EE1,26,2,1787231263,1787227731,0.9811111111111112,FALSE,EE,A,6,46.119,APC-EE1_B3,176,1.1875,1.0138279865238984,0.17367201347610162,0.003765736756566743
B,4,B4,183,APC-EE1-26,APC-EE1,26,2,1787231263,1787227731,0.9811111111111112,FALSE,EE,A,8,44.249,APC-EE1_B4,175,1.0457142857142858,1.0138279865238984,0.031886299190387435,7.20610616971851e-4
B,5,B5,180,APC-EE1-26,APC-EE1,26,2,1787231263,1787227731,0.9811111111111112,FALSE,EE,A,5,33.258,APC-EE1_B5,163,1.1042944785276074,1.0138279865238984,0.09046649200370904,0.0027201422816678406
C,2,C2,151,APC-EE1-26,APC-EE1,26,2,1787231263,1787227731,0.9811111111111112,FALSE,EE,A,11,24.589,APC-EE1_C2,141,1.070921985815603,1.0138279865238984,0.057093999291704556,0.002321932542669672
C,3,C3,166,APC-EE1-26,APC-EE1,26,2,1787231263,1787227731,0.9811111111111112,FALSE,EE,A,9,16.431,APC-EE1_C3,162,1.0246913580246915,1.0138279865238984,0.010863371500793084,6.611509646882773e-4
C,4,C4,166,APC-EE1-26,APC-EE1,26,2,1787231263,1787227731,0.9811111111111112,FALSE,EE,A,12,12.748,APC-EE1_C4,160,1.0375,1.0138279865238984,0.023672013476101705,0.001856919789465148
C,5,C5,171,APC-EE1-26,APC-EE1,26,2,1787231263,1787227731,0.9811111111111112,FALSE,EE,B,13,11.558,APC-EE1_C5,159,1.0754716981132075,1.0138279865238984,0.06164371158930915,0.00533342374020671
D,2,D2,183,APC-EE1-26,APC-EE1,26,2,1787231263,1787227731,0.9811111111111112,FALSE,EE,C,16,25.836,APC-EE1_D2,168,1.0892857142857142,1.0138279865238984,0.07545772776181581,0.0029206428147474767
D,3,D3,179,APC-EE1-26,APC-EE1,26,2,1787231263,1787227731,0.9811111111111112,FALSE,EE,C,18,26.402,APC-EE1_D3,164,1.0914634146341464,1.0138279865238984,0.07763542811024804,0.002940513147119462
D,4,D4,179,APC-EE1-26,APC-EE1,26,2,1787231263,1787227731,0.9811111111111112,FALSE,EE,C,17,22.436,APC-EE1_D4,163,1.098159509202454,1.0138279865238984,0.0843315226785557,0.003758759256487596
D,5,D5,185,APC-EE1-26,APC-EE1,26,2,1787231263,1787227731,0.9811111111111112,FALSE,EE,C,19,30.255,APC-EE1_D5,170,1.088235294117647,1.0138279865238984,0.07440730759374858,0.002459339203230824
A,2,A2,188,APC-EE1-26,APC-EE1,26,3,1787233346,1787227731,1.5597222222222222,FALSE,EE,A,3,20.68,APC-EE1_A2,163,1.1533742331288344,1.022835264031246,0.13053896909758844,0.006312329260038126
A,3,A3,208,APC-EE1-26,APC-EE1,26,3,1787233346,1787227731,1.5597222222222222,FALSE,EE,A,4,42.21,APC-EE1_A3,172,1.2093023255813953,1.022835264031246,0.18646706155014936,0.004417603922059923
A,4,A4,233,APC-EE1-26,APC-EE1,26,3,1787233346,1787227731,1.5597222222222222,FALSE,EE,A,2,54.731,APC-EE1_A4,184,1.266304347826087,1.022835264031246,0.243469083794841,0.00444846766539696
A,5,A5,238,APC-EE1-26,APC-EE1,26,3,1787233346,1787227731,1.5597222222222222,FALSE,EE,A,1,74.221,APC-EE1_A5,183,1.3005464480874316,1.022835264031246,0.27771118405618567,0.0037416793637405268
B,2,B2,196,APC-EE1-26,APC-EE1,26,3,1787233346,1787227731,1.5597222222222222,FALSE,EE,A,7,39.943,APC-EE1_B2,166,1.180722891566265,1.022835264031246,0.15788762753501917,0.003952823461808557
B,3,B3,231,APC-EE1-26,APC-EE1,26,3,1787233346,1787227731,1.5597222222222222,FALSE,EE,A,6,46.119,APC-EE1_B3,176,1.3125,1.022835264031246,0.2896647359687541,0.006280811291848351
B,4,B4,187,APC-EE1-26,APC-EE1,26,3,1787233346,1787227731,1.5597222222222222,FALSE,EE,A,8,44.249,APC-EE1_B4,175,1.0685714285714285,1.022835264031246,0.04573616454018259,0.0010336089977215888
B,5,B5,190,APC-EE1-26,APC-EE1,26,3,1787233346,1787227731,1.5597222222222222,FALSE,EE,A,5,33.258,APC-EE1_B5,163,1.165644171779141,1.022835264031246,0.14280890774789512,0.004293971608271547
C,2,C2,162,APC-EE1-26,APC-EE1,26,3,1787233346,1787227731,1.5597222222222222,FALSE,EE,A,11,24.589,APC-EE1_C2,141,1.148936170212766,1.022835264031246,0.12610090618152014,0.005128346259771449
C,3,C3,171,APC-EE1-26,APC-EE1,26,3,1787233346,1787227731,1.5597222222222222,FALSE,EE,A,9,16.431,APC-EE1_C3,162,1.0555555555555556,1.022835264031246,0.032720291524309664,0.0019913755416170447
C,4,C4,170,APC-EE1-26,APC-EE1,26,3,1787233346,1787227731,1.5597222222222222,FALSE,EE,A,12,12.748,APC-EE1_C4,160,1.0625,1.022835264031246,0.039664735968754083,0.0031114477540597806
C,5,C5,184,APC-EE1-26,APC-EE1,26,3,1787233346,1787227731,1.5597222222222222,FALSE,EE,B,13,11.558,APC-EE1_C5,159,1.1572327044025157,1.022835264031246,0.13439744037126977,0.011628087936604064
D,2,D2,191,APC-EE1-26,APC-EE1,26,3,1787233346,1787227731,1.5597222222222222,FALSE,EE,C,16,25.836,APC-EE1_D2,168,1.1369047619047619,1.022835264031246,0.11406949787351595,0.004415137709920884
D,3,D3,189,APC-EE1-26,APC-EE1,26,3,1787233346,1787227731,1.5597222222222222,FALSE,EE,C,18,26.402,APC-EE1_D3,164,1.1524390243902438,1.022835264031246,0.1296037603589979,0.004908861463487534
D,4,D4,186,APC-EE1-26,APC-EE1,26,3,1787233346,1787227731,1.5597222222222222,FALSE,EE,C,17,22.436,APC-EE1_D4,163,1.1411042944785277,1.022835264031246,0.11826903044728176,0.005271395544984924
D,5,D5,198,APC-EE1-26,APC-EE1,26,3,1787233346,1787227731,1.5597222222222222,FALSE,EE,C,19,30.255,APC-EE1_D5,170,1.1647058823529413,1.022835264031246,0.14187061832169534,0.004689162727539096
A,2,A2,190,APC-EE1-26,APC-EE1,26,4,1787235085,1787227731,2.042777777777778,FALSE,EE,A,3,20.68,APC-EE1_A2,163,1.165644171779141,1.0243235499255605,0.14132062185358052,0.006833685776285325
A,3,A3,234,APC-EE1-26,APC-EE1,26,4,1787235085,1787227731,2.042777777777778,FALSE,EE,A,4,42.21,APC-EE1_A3,172,1.3604651162790697,1.0243235499255605,0.3361415663535092,0.007963552863148761
A,4,A4,241,APC-EE1-26,APC-EE1,26,4,1787235085,1787227731,2.042777777777778,FALSE,EE,A,2,54.731,APC-EE1_A4,184,1.309782608695652,1.0243235499255605,0.2854590587700916,0.0052156740927461875
A,5,A5,272,APC-EE1-26,APC-EE1,26,4,1787235085,1787227731,2.042777777777778,FALSE,EE,A,1,74.221,APC-EE1_A5,183,1.4863387978142077,1.0243235499255605,0.46201524788864723,0.0062248588389896015
B,2,B2,206,APC-EE1-26,APC-EE1,26,4,1787235085,1787227731,2.042777777777778,FALSE,EE,A,7,39.943,APC-EE1_B2,166,1.2409638554216869,1.0243235499255605,0.21664030549612634,0.0054237364618613115
B,3,B3,256,APC-EE1-26,APC-EE1,26,4,1787235085,1787227731,2.042777777777778,FALSE,EE,A,6,46.119,APC-EE1_B3,176,1.4545454545454546,1.0243235499255605,0.43022190461989407,0.009328517630909042
B,4,B4,197,APC-EE1-26,APC-EE1,26,4,1787235085,1787227731,2.042777777777778,FALSE,EE,A,8,44.249,APC-EE1_B4,175,1.1257142857142857,1.0243235499255605,0.10139073578872515,0.0022913678453462256
B,5,B5,194,APC-EE1-26,APC-EE1,26,4,1787235085,1787227731,2.042777777777778,FALSE,EE,A,5,33.258,APC-EE1_B5,163,1.1901840490797546,1.0243235499255605,0.1658604991541941,0.004987085788507851
C,2,C2,173,APC-EE1-26,APC-EE1,26,4,1787235085,1787227731,2.042777777777778,FALSE,EE,A,11,24.589,APC-EE1_C2,141,1.2269503546099292,1.0243235499255605,0.20262680468436867,0.008240546776378407
C,3,C3,174,APC-EE1-26,APC-EE1,26,4,1787235085,1787227731,2.042777777777778,FALSE,EE,A,9,16.431,APC-EE1_C3,162,1.0740740740740742,1.0243235499255605,0.049750524148513664,0.0030278451797525205
C,4,C4,173,APC-EE1-26,APC-EE1,26,4,1787235085,1787227731,2.042777777777778,FALSE,EE,A,12,12.748,APC-EE1_C4,160,1.08125,1.0243235499255605,0.05692645007443953,0.004465520087420735
C,5,C5,190,APC-EE1-26,APC-EE1,26,4,1787235085,1787227731,2.042777777777778,FALSE,EE,B,13,11.558,APC-EE1_C5,159,1.1949685534591195,1.0243235499255605,0.17064500353355894,0.014764232871912003
D,2,D2,201,APC-EE1-26,APC-EE1,26,4,1787235085,1787227731,2.042777777777778,FALSE,EE,C,16,25.836,APC-EE1_D2,168,1.1964285714285714,1.0243235499255605,0.17210502150301088,0.006661442231886162
D,3,D3,197,APC-EE1-26,APC-EE1,26,4,1787235085,1787227731,2.042777777777778,FALSE,EE,C,18,26.402,APC-EE1_D3,164,1.201219512195122,1.0243235499255605,0.1768959622695614,0.006700097048313059
D,4,D4,191,APC-EE1-26,APC-EE1,26,4,1787235085,1787227731,2.042777777777778,FALSE,EE,C,17,22.436,APC-EE1_D4,163,1.1717791411042944,1.0243235499255605,0.14745559117873386,0.006572276304989029
D,5,D5,205,APC-EE1-26,APC-EE1,26,4,1787235085,1787227731,2.042777777777778,FALSE,EE,C,19,30.255,APC-EE1_D5,170,1.2058823529411764,1.0243235499255605,0.1815588030156159,0.006000952008448716
A,2,A2,198,APC-EE1-26,APC-EE1,26,5,1787236782,1787227731,2.5141666666666667,FALSE,EE,A,3,20.68,APC-EE1_A2,163,1.2147239263803682,1.0381039596361408,0.17661996674422742,0.00854061734739978
A,3,A3,313,APC-EE1-26,APC-EE1,26,5,1787236782,1787227731,2.5141666666666667,FALSE,EE,A,4,42.21,APC-EE1_A3,172,1.819767441860465,1.0381039596361408,0.7816634822243242,0.018518443075676953
A,4,A4,274,APC-EE1-26,APC-EE1,26,5,1787236782,1787227731,2.5141666666666667,FALSE,EE,A,2,54.731,APC-EE1_A4,184,1.4891304347826086,1.0381039596361408,0.4510264751464679,0.008240786302944727
A,5,A5,309,APC-EE1-26,APC-EE1,26,5,1787236782,1787227731,2.5141666666666667,FALSE,EE,A,1,74.221,APC-EE1_A5,183,1.6885245901639345,1.0381039596361408,0.6504206305277938,0.008763296513490707
B,2,B2,217,APC-EE1-26,APC-EE1,26,5,1787236782,1787227731,2.5141666666666667,FALSE,EE,A,7,39.943,APC-EE1_B2,166,1.3072289156626506,1.0381039596361408,0.2691249560265099,0.0067377251590143425
B,3,B3,275,APC-EE1-26,APC-EE1,26,5,1787236782,1787227731,2.5141666666666667,FALSE,EE,A,6,46.119,APC-EE1_B3,176,1.5625,1.0381039596361408,0.5243960403638592,0.011370498934579224
B,4,B4,208,APC-EE1-26,APC-EE1,26,5,1787236782,1787227731,2.5141666666666667,FALSE,EE,A,8,44.249,APC-EE1_B4,175,1.1885714285714286,1.0381039596361408,0.15046746893528784,0.0034004716250149794
B,5,B5,206,APC-EE1-26,APC-EE1,26,5,1787236782,1787227731,2.5141666666666667,FALSE,EE,A,5,33.258,APC-EE1_B5,163,1.2638036809815951,1.0381039596361408,0.22569972134545435,0.006786328743323541
C,2,C2,187,APC-EE1-26,APC-EE1,26,5,1787236782,1787227731,2.5141666666666667,FALSE,EE,A,11,24.589,APC-EE1_C2,141,1.326241134751773,1.0381039596361408,0.2881371751156323,0.011718133113003064
C,3,C3,182,APC-EE1-26,APC-EE1,26,5,1787236782,1787227731,2.5141666666666667,FALSE,EE,A,9,16.431,APC-EE1_C3,162,1.123456790123457,1.0381039596361408,0.08535283048731612,0.005194621781225496
C,4,C4,177,APC-EE1-26,APC-EE1,26,5,1787236782,1787227731,2.5141666666666667,FALSE,EE,A,12,12.748,APC-EE1_C4,160,1.10625,1.0381039596361408,0.06814604036385918,0.005345626009088421
C,5,C5,196,APC-EE1-26,APC-EE1,26,5,1787236782,1787227731,2.5141666666666667,FALSE,EE,B,13,11.558,APC-EE1_C5,159,1.2327044025157232,1.0381039596361408,0.19460044287958245,0.01683686129776626
D,2,D2,210,APC-EE1-26,APC-EE1,26,5,1787236782,1787227731,2.5141666666666667,FALSE,EE,C,16,25.836,APC-EE1_D2,168,1.25,1.0381039596361408,0.21189604036385923,0.00820158075413606
D,3,D3,207,APC-EE1-26,APC-EE1,26,5,1787236782,1787227731,2.5141666666666667,FALSE,EE,C,18,26.402,APC-EE1_D3,164,1.2621951219512195,1.0381039596361408,0.22409116231507875,0.008487658598404618
D,4,D4,204,APC-EE1-26,APC-EE1,26,5,1787236782,1787227731,2.5141666666666667,FALSE,EE,C,17,22.436,APC-EE1_D4,163,1.2515337423312884,1.0381039596361408,0.21342978269514767,0.009512826827203943
D,5,D5,214,APC-EE1-26,APC-EE1,26,5,1787236782,1787227731,2.5141666666666667,FALSE,EE,C,19,30.255,APC-EE1_D5,170,1.2588235294117647,1.0381039596361408,0.2207195697756239,0.007295308867150021
A,2,A2,255,APC-EE1-26,APC-EE1,26,6,1787238645,1787227731,3.0316666666666667,FALSE,EE,A,3,20.68,APC-EE1_A2,163,1.5644171779141105,1.0477726403332441,0.5166445375808664,0.02498281129501288
A,3,A3,2078,APC-EE1-26,APC-EE1,26,6,1787238645,1787227731,3.0316666666666667,FALSE,EE,A,4,42.21,APC-EE1_A3,172,12.081395348837209,1.0477726403332441,11.033622708503964,0.26139831102828626
A,4,A4,302,APC-EE1-26,APC-EE1,26,6,1787238645,1787227731,3.0316666666666667,FALSE,EE,A,2,54.731,APC-EE1_A4,184,1.641304347826087,1.0477726403332441,0.5935317074928428,0.010844525177556463
A,5,A5,324,APC-EE1-26,APC-EE1,26,6,1787238645,1787227731,3.0316666666666667,FALSE,EE,A,1,74.221,APC-EE1_A5,183,1.7704918032786885,1.0477726403332441,0.7227191629454444,0.009737394577618791
B,2,B2,255,APC-EE1-26,APC-EE1,26,6,1787238645,1787227731,3.0316666666666667,FALSE,EE,A,7,39.943,APC-EE1_B2,166,1.536144578313253,1.0477726403332441,0.4883719379800089,0.012226721527677164
B,3,B3,298,APC-EE1-26,APC-EE1,26,6,1787238645,1787227731,3.0316666666666667,FALSE,EE,A,6,46.119,APC-EE1_B3,176,1.6931818181818181,1.0477726403332441,0.645409177848574,0.013994431315695787
B,4,B4,227,APC-EE1-26,APC-EE1,26,6,1787238645,1787227731,3.0316666666666667,FALSE,EE,A,8,44.249,APC-EE1_B4,175,1.2971428571428572,1.0477726403332441,0.24937021680961302,0.005635612484115189
B,5,B5,244,APC-EE1-26,APC-EE1,26,6,1787238645,1787227731,3.0316666666666667,FALSE,EE,A,5,33.258,APC-EE1_B5,163,1.4969325153374233,1.0477726403332441,0.4491598750041792,0.013505318269414252
C,2,C2,213,APC-EE1-26,APC-EE1,26,6,1787238645,1787227731,3.0316666666666667,FALSE,EE,A,11,24.589,APC-EE1_C2,141,1.5106382978723405,1.0477726403332441,0.46286565753909636,0.0188240944137255
C,3,C3,198,APC-EE1-26,APC-EE1,26,6,1787238645,1787227731,3.0316666666666667,FALSE,EE,A,9,16.431,APC-EE1_C3,162,1.2222222222222223,1.0477726403332441,0.1744495818889782,0.010617100717483913
C,4,C4,181,APC-EE1-26,APC-EE1,26,6,1787238645,1787227731,3.0316666666666667,FALSE,EE,A,12,12.748,APC-EE1_C4,160,1.13125,1.0477726403332441,0.08347735966675596,0.0065482710752083435
C,5,C5,209,APC-EE1-26,APC-EE1,26,6,1787238645,1787227731,3.0316666666666667,FALSE,EE,B,13,11.558,APC-EE1_C5,159,1.3144654088050314,1.0477726403332441,0.26669276847178724,0.023074300784892476
D,2,D2,243,APC-EE1-26,APC-EE1,26,6,1787238645,1787227731,3.0316666666666667,FALSE,EE,C,16,25.836,APC-EE1_D2,168,1.4464285714285714,1.0477726403332441,0.39865593109532727,0.015430249694044251
D,3,D3,234,APC-EE1-26,APC-EE1,26,6,1787238645,1787227731,3.0316666666666667,FALSE,EE,C,18,26.402,APC-EE1_D3,164,1.4268292682926829,1.0477726403332441,0.37905662795943873,0.014357117944073886
D,4,D4,223,APC-EE1-26,APC-EE1,26,6,1787238645,1787227731,3.0316666666666667,FALSE,EE,C,17,22.436,APC-EE1_D4,163,1.3680981595092025,1.0477726403332441,0.3203255191759584,0.014277300729896525
D,5,D5,226,APC-EE1-26,APC-EE1,26,6,1787238645,1787227731,3.0316666666666667,FALSE,EE,C,19,30.255,APC-EE1_D5,170,1.3294117647058823,1.0477726403332441,0.28163912437263816,0.00930884562461207
A,2,A2,263,APC-EE1-26,APC-EE1,26,7,1787240314,1787227731,3.495277777777778,FALSE,EE,A,3,20.68,APC-EE1_A2,163,1.6134969325153374,1.0542531905014454,0.559243742013892,0.027042734139936752
A,3,A3,3655,APC-EE1-26,APC-EE1,26,7,1787240314,1787227731,3.495277777777778,FALSE,EE,A,4,42.21,APC-EE1_A3,172,21.25,1.0542531905014454,20.195746809498555,0.47845882040982124
A,4,A4,318,APC-EE1-26,APC-EE1,26,7,1787240314,1787227731,3.495277777777778,FALSE,EE,A,2,54.731,APC-EE1_A4,184,1.7282608695652173,1.0542531905014454,0.6740076790637719,0.012314916209529734
A,5,A5,346,APC-EE1-26,APC-EE1,26,7,1787240314,1787227731,3.495277777777778,FALSE,EE,A,1,74.221,APC-EE1_A5,183,1.8907103825136613,1.0542531905014454,0.8364571920122159,0.011269818407353928
B,2,B2,258,APC-EE1-26,APC-EE1,26,7,1787240314,1787227731,3.495277777777778,FALSE,EE,A,7,39.943,APC-EE1_B2,166,1.5542168674698795,1.0542531905014454,0.49996367696843413,0.012516928547390886
B,3,B3,332,APC-EE1-26,APC-EE1,26,7,1787240314,1787227731,3.495277777777778,FALSE,EE,A,6,46.119,APC-EE1_B3,176,1.8863636363636365,1.0542531905014454,0.8321104458621911,0.01804268188517078
B,4,B4,251,APC-EE1-26,APC-EE1,26,7,1787240314,1787227731,3.495277777777778,FALSE,EE,A,8,44.249,APC-EE1_B4,175,1.4342857142857144,1.0542531905014454,0.380032523784269,0.008588499712632352
B,5,B5,368,APC-EE1-26,APC-EE1,26,7,1787240314,1787227731,3.495277777777778,FALSE,EE,A,5,33.258,APC-EE1_B5,163,2.2576687116564416,1.0542531905014454,1.2034155211549962,0.03618424202161874
C,2,C2,228,APC-EE1-26,APC-EE1,26,7,1787240314,1787227731,3.495277777777778,FALSE,EE,A,11,24.589,APC-EE1_C2,141,1.6170212765957446,1.0542531905014454,0.5627680860942992,0.0228869854851478
C,3,C3,199,APC-EE1-26,APC-EE1,26,7,1787240314,1787227731,3.495277777777778,FALSE,EE,A,9,16.431,APC-EE1_C3,162,1.228395061728395,1.0542531905014454,0.17414187122694957,0.010598373271678507
C,4,C4,184,APC-EE1-26,APC-EE1,26,7,1787240314,1787227731,3.495277777777778,FALSE,EE,A,12,12.748,APC-EE1_C4,160,1.15,1.0542531905014454,0.09574680949855452,0.007510731840175284
C,5,C5,219,APC-EE1-26,APC-EE1,26,7,1787240314,1787227731,3.495277777777778,FALSE,EE,B,13,11.558,APC-EE1_C5,159,1.3773584905660377,1.0542531905014454,0.32310530006459226,0.027955121999013
D,2,D2,234,APC-EE1-26,APC-EE1,26,7,1787240314,1787227731,3.495277777777778,FALSE,EE,C,16,25.836,APC-EE1_D2,168,1.3928571428571428,1.0542531905014454,0.3386039523556974,0.013105896901830678
D,3,D3,281,APC-EE1-26,APC-EE1,26,7,1787240314,1787227731,3.495277777777778,FALSE,EE,C,18,26.402,APC-EE1_D3,164,1.7134146341463414,1.0542531905014454,0.659161443644896,0.024966345111919402
D,4,D4,229,APC-EE1-26,APC-EE1,26,7,1787240314,1787227731,3.495277777777778,FALSE,EE,C,17,22.436,APC-EE1_D4,163,1.4049079754601228,1.0542531905014454,0.3506547849586774,0.015629113253640463
D,5,D5,257,APC-EE1-26,APC-EE1,26,7,1787240314,1787227731,3.495277777777778,FALSE,EE,C,19,30.255,APC-EE1_D5,170,1.511764705882353,1.0542531905014454,0.4575115153809075,0.015121848136866883
A,2,A2,291,APC-EE1-26,APC-EE1,26,8,1787242003,1787227731,3.9644444444444447,FALSE,EE,A,3,20.68,APC-EE1_A2,163,1.7852760736196318,1.0582098587391773,0.7270662148804545,0.03515794075824248
A,3,A3,3774,APC-EE1-26,APC-EE1,26,8,1787242003,1787227731,3.9644444444444447,FALSE,EE,A,4,42.21,APC-EE1_A3,172,21.941860465116278,1.0582098587391773,20.883650606377103,0.49475599636050943
A,4,A4,329,APC-EE1-26,APC-EE1,26,8,1787242003,1787227731,3.9644444444444447,FALSE,EE,A,2,54.731,APC-EE1_A4,184,1.7880434782608696,1.0582098587391773,0.7298336195216923,0.013334922064674359
A,5,A5,365,APC-EE1-26,APC-EE1,26,8,1787242003,1787227731,3.9644444444444447,FALSE,EE,A,1,74.221,APC-EE1_A5,183,1.994535519125683,1.0582098587391773,0.9363256603865058,0.012615373821243392
B,2,B2,279,APC-EE1-26,APC-EE1,26,8,1787242003,1787227731,3.9644444444444447,FALSE,EE,A,7,39.943,APC-EE1_B2,166,1.680722891566265,1.0582098587391773,0.6225130328270878,0.015585034494832332
B,3,B3,331,APC-EE1-26,APC-EE1,26,8,1787242003,1787227731,3.9644444444444447,FALSE,EE,A,6,46.119,APC-EE1_B3,176,1.8806818181818181,1.0582098587391773,0.8224719594426408,0.017833690224043037
B,4,B4,404,APC-EE1-26,APC-EE1,26,8,1787242003,1787227731,3.9644444444444447,FALSE,EE,A,8,44.249,APC-EE1_B4,175,2.3085714285714287,1.0582098587391773,1.2503615698322514,0.0282573972255249
B,5,B5,445,APC-EE1-26,APC-EE1,26,8,1787242003,1787227731,3.9644444444444447,FALSE,EE,A,5,33.258,APC-EE1_B5,163,2.7300613496932513,1.0582098587391773,1.671851490954074,0.05026915301443484
C,2,C2,273,APC-EE1-26,APC-EE1,26,8,1787242003,1787227731,3.9644444444444447,FALSE,EE,A,11,24.589,APC-EE1_C2,141,1.9361702127659575,1.0582098587391773,0.8779603540267802,0.03570541111988207
C,3,C3,205,APC-EE1-26,APC-EE1,26,8,1787242003,1787227731,3.9644444444444447,FALSE,EE,A,9,16.431,APC-EE1_C3,162,1.2654320987654322,1.0582098587391773,0.2072222400262549,0.012611663320933289
C,4,C4,186,APC-EE1-26,APC-EE1,26,8,1787242003,1787227731,3.9644444444444447,FALSE,EE,A,12,12.748,APC-EE1_C4,160,1.1625,1.0582098587391773,0.10429014126082281,0.008180902201194133
C,5,C5,234,APC-EE1-26,APC-EE1,26,8,1787242003,1787227731,3.9644444444444447,FALSE,EE,B,13,11.558,APC-EE1_C5,159,1.471698113207547,1.0582098587391773,0.4134882544683698,0.03577506960273143
D,2,D2,244,APC-EE1-26,APC-EE1,26,8,1787242003,1787227731,3.9644444444444447,FALSE,EE,C,16,25.836,APC-EE1_D2,168,1.4523809523809523,1.0582098587391773,0.39417109364177505,0.015256661001771756
D,3,D3,329,APC-EE1-26,APC-EE1,26,8,1787242003,1787227731,3.9644444444444447,FALSE,EE,C,18,26.402,APC-EE1_D3,164,2.0060975609756095,1.0582098587391773,0.9478877022364323,0.035902117348550575
D,4,D4,285,APC-EE1-26,APC-EE1,26,8,1787242003,1787227731,3.9644444444444447,FALSE,EE,C,17,22.436,APC-EE1_D4,163,1.7484662576687116,1.0582098587391773,0.6902563989295343,0.03076557313823918
D,5,D5,331,APC-EE1-26,APC-EE1,26,8,1787242003,1787227731,3.9644444444444447,FALSE,EE,C,19,30.255,APC-EE1_D5,170,1.9470588235294117,1.0582098587391773,0.8888489647902345,0.029378580888786466
A,2,A2,185,APC-EE2-26,APC-EE2,26,0,1787227806,1787227806,0,FALSE,EE,C,2,60.742,APC-EE2_A2,185,1,1,0,0
A,3,A3,180,APC-EE2-26,APC-EE2,26,0,1787227806,1787227806,0,FALSE,EE,C,1,50,APC-EE2_A3,180,1,1,0,0
A,4,A4,165,APC-EE2-26,APC-EE2,26,0,1787227806,1787227806,0,FALSE,EE,C,3,14.551,APC-EE2_A4,165,1,1,0,0
A,5,A5,155,APC-EE2-26,APC-EE2,26,0,1787227806,1787227806,0,FALSE,EE,C,4,22.656,APC-EE2_A5,155,1,1,0,0
B,2,B2,158,APC-EE2-26,APC-EE2,26,0,1787227806,1787227806,0,FALSE,EE,C,8,13.086,APC-EE2_B2,158,1,1,0,0
B,3,B3,177,APC-EE2-26,APC-EE2,26,0,1787227806,1787227806,0,FALSE,EE,C,7,49.805,APC-EE2_B3,177,1,1,0,0
B,4,B4,174,APC-EE2-26,APC-EE2,26,0,1787227806,1787227806,0,FALSE,EE,C,6,40.527,APC-EE2_B4,174,1,1,0,0
B,5,B5,306,APC-EE2-26,APC-EE2,26,0,1787227806,1787227806,0,FALSE,EE,C,5,89.648,APC-EE2_B5,306,1,1,0,0
C,2,C2,185,APC-EE2-26,APC-EE2,26,0,1787227806,1787227806,0,FALSE,EE,D,12,55.566,APC-EE2_C2,185,1,1,0,0
C,3,C3,302,APC-EE2-26,APC-EE2,26,0,1787227806,1787227806,0,FALSE,EE,D,11,57.031,APC-EE2_C3,302,1,1,0,0
C,4,C4,261,APC-EE2-26,APC-EE2,26,0,1787227806,1787227806,0,FALSE,EE,D,10,58.887,APC-EE2_C4,261,1,1,0,0
C,5,C5,187,APC-EE2-26,APC-EE2,26,0,1787227806,1787227806,0,FALSE,EE,D,9,48.047,APC-EE2_C5,187,1,1,0,0
D,2,D2,176,APC-EE2-26,APC-EE2,26,0,1787227806,1787227806,0,FALSE,EE,D,14,49.414,APC-EE2_D2,176,1,1,0,0
D,3,D3,194,APC-EE2-26,APC-EE2,26,0,1787227806,1787227806,0,FALSE,EE,D,13,59.375,APC-EE2_D3,194,1,1,0,0
D,4,D4,182,APC-EE2-26,APC-EE2,26,0,1787227806,1787227806,0,FALSE,EE,D,15,56.055,APC-EE2_D4,182,1,1,0,0
D,5,D5,169,APC-EE2-26,APC-EE2,26,0,1787227806,1787227806,0,FALSE,EE,D,16,29.688,APC-EE2_D5,169,1,1,0,0
A,2,A2,202,APC-EE2-26,APC-EE2,26,1,1787229483,1787227806,0.4658333333333333,FALSE,EE,C,2,60.742,APC-EE2_A2,185,1.0918918918918918,0.9615175282960939,0.1303743635957979,0.0021463627077771214
A,3,A3,187,APC-EE2-26,APC-EE2,26,1,1787229483,1787227806,0.4658333333333333,FALSE,EE,C,1,50,APC-EE2_A3,180,1.038888888888889,0.9615175282960939,0.07737136059279504,0.0015474272118559008
A,4,A4,170,APC-EE2-26,APC-EE2,26,1,1787229483,1787227806,0.4658333333333333,FALSE,EE,C,3,14.551,APC-EE2_A4,165,1.0303030303030303,0.9615175282960939,0.06878550200693634,0.004727201017588918
A,5,A5,145,APC-EE2-26,APC-EE2,26,1,1787229483,1787227806,0.4658333333333333,FALSE,EE,C,4,22.656,APC-EE2_A5,155,0.9354838709677419,0.9615175282960939,-0.026033657328352056,-0.0011490844512867257
B,2,B2,160,APC-EE2-26,APC-EE2,26,1,1787229483,1787227806,0.4658333333333333,FALSE,EE,C,8,13.086,APC-EE2_B2,158,1.0126582278481013,0.9615175282960939,0.051140699552007396,0.003908046733303331
B,3,B3,187,APC-EE2-26,APC-EE2,26,1,1787229483,1787227806,0.4658333333333333,FALSE,EE,C,7,49.805,APC-EE2_B3,177,1.0564971751412429,0.9615175282960939,0.09497964684514892,0.001907030355288604
B,4,B4,182,APC-EE2-26,APC-EE2,26,1,1787229483,1787227806,0.4658333333333333,FALSE,EE,C,6,40.527,APC-EE2_B4,174,1.0459770114942528,0.9615175282960939,0.08445948319815888,0.0020840299849028765
B,5,B5,360,APC-EE2-26,APC-EE2,26,1,1787229483,1787227806,0.4658333333333333,FALSE,EE,C,5,89.648,APC-EE2_B5,306,1.1764705882352942,0.9615175282960939,0.21495305993920022,0.002397745180474748
C,2,C2,191,APC-EE2-26,APC-EE2,26,1,1787229483,1787227806,0.4658333333333333,FALSE,EE,D,12,55.566,APC-EE2_C2,185,1.0324324324324323,0.9615175282960939,0.07091490413633839,0.001276228343525508
C,3,C3,325,APC-EE2-26,APC-EE2,26,1,1787229483,1787227806,0.4658333333333333,FALSE,EE,D,11,57.031,APC-EE2_C3,302,1.076158940397351,0.9615175282960939,0.11464141210125711,0.002010159599187409
C,4,C4,307,APC-EE2-26,APC-EE2,26,1,1787229483,1787227806,0.4658333333333333,FALSE,EE,D,10,58.887,APC-EE2_C4,261,1.1762452107279693,0.9615175282960939,0.21472768243187534,0.0036464360967934407
C,5,C5,197,APC-EE2-26,APC-EE2,26,1,1787229483,1787227806,0.4658333333333333,FALSE,EE,D,9,48.047,APC-EE2_C5,187,1.053475935828877,0.9615175282960939,0.09195840753278306,0.0019139261042891973
D,2,D2,188,APC-EE2-26,APC-EE2,26,1,1787229483,1787227806,0.4658333333333333,FALSE,EE,D,14,49.414,APC-EE2_D2,176,1.0681818181818181,0.9615175282960939,0.10666428988572418,0.002158584406964103
D,3,D3,202,APC-EE2-26,APC-EE2,26,1,1787229483,1787227806,0.4658333333333333,FALSE,EE,D,13,59.375,APC-EE2_D3,194,1.041237113402062,0.9615175282960939,0.079719585105968,0.0013426456438899873
D,4,D4,190,APC-EE2-26,APC-EE2,26,1,1787229483,1787227806,0.4658333333333333,FALSE,EE,D,15,56.055,APC-EE2_D4,182,1.043956043956044,0.9615175282960939,0.08243851565995008,0.0014706719411283575
D,5,D5,177,APC-EE2-26,APC-EE2,26,1,1787229483,1787227806,0.4658333333333333,FALSE,EE,D,16,29.688,APC-EE2_D5,169,1.047337278106509,0.9615175282960939,0.08581974981041496,0.002890721834088351
A,2,A2,235,APC-EE2-26,APC-EE2,26,2,1787231315,1787227806,0.9747222222222223,FALSE,EE,C,2,60.742,APC-EE2_A2,185,1.2702702702702702,0.9663373555270413,0.3039329147432289,0.005003669861763343
A,3,A3,211,APC-EE2-26,APC-EE2,26,2,1787231315,1787227806,0.9747222222222223,FALSE,EE,C,1,50,APC-EE2_A3,180,1.1722222222222223,0.9663373555270413,0.20588486669518102,0.00411769733390362
A,4,A4,172,APC-EE2-26,APC-EE2,26,2,1787231315,1787227806,0.9747222222222223,FALSE,EE,C,3,14.551,APC-EE2_A4,165,1.0424242424242425,0.9663373555270413,0.07608688689720122,0.005228979925585954
A,5,A5,156,APC-EE2-26,APC-EE2,26,2,1787231315,1787227806,0.9747222222222223,FALSE,EE,C,4,22.656,APC-EE2_A5,155,1.0064516129032257,0.9663373555270413,0.04011425737618446,0.0017705798630024922
B,2,B2,163,APC-EE2-26,APC-EE2,26,2,1787231315,1787227806,0.9747222222222223,FALSE,EE,C,8,13.086,APC-EE2_B2,158,1.0316455696202531,0.9663373555270413,0.06530821409321186,0.004990693419930602
B,3,B3,201,APC-EE2-26,APC-EE2,26,2,1787231315,1787227806,0.9747222222222223,FALSE,EE,C,7,49.805,APC-EE2_B3,177,1.1355932203389831,0.9663373555270413,0.16925586481194188,0.0033983709429162108
B,4,B4,188,APC-EE2-26,APC-EE2,26,2,1787231315,1787227806,0.9747222222222223,FALSE,EE,C,6,40.527,APC-EE2_B4,174,1.0804597701149425,0.9663373555270413,0.11412241458790129,0.002815960090505127
B,5,B5,461,APC-EE2-26,APC-EE2,26,2,1787231315,1787227806,0.9747222222222223,FALSE,EE,C,5,89.648,APC-EE2_B5,306,1.5065359477124183,0.9663373555270413,0.540198592185377,0.0060257740516841095
C,2,C2,204,APC-EE2-26,APC-EE2,26,2,1787231315,1787227806,0.9747222222222223,FALSE,EE,D,12,55.566,APC-EE2_C2,185,1.1027027027027028,0.9663373555270413,0.1363653471756615,0.0024541148755653007
C,3,C3,422,APC-EE2-26,APC-EE2,26,2,1787231315,1787227806,0.9747222222222223,FALSE,EE,D,11,57.031,APC-EE2_C3,302,1.3973509933774835,0.9663373555270413,0.4310136378504422,0.007557532532314745
C,4,C4,430,APC-EE2-26,APC-EE2,26,2,1787231315,1787227806,0.9747222222222223,FALSE,EE,D,10,58.887,APC-EE2_C4,261,1.6475095785440612,0.9663373555270413,0.68117222301702,0.011567446516498037
C,5,C5,227,APC-EE2-26,APC-EE2,26,2,1787231315,1787227806,0.9747222222222223,FALSE,EE,D,9,48.047,APC-EE2_C5,187,1.213903743315508,0.9663373555270413,0.24756638778846674,0.005152587836669651
D,2,D2,203,APC-EE2-26,APC-EE2,26,2,1787231315,1787227806,0.9747222222222223,FALSE,EE,D,14,49.414,APC-EE2_D2,176,1.1534090909090908,0.9663373555270413,0.18707173538204958,0.0037858043344406356
D,3,D3,243,APC-EE2-26,APC-EE2,26,2,1787231315,1787227806,0.9747222222222223,FALSE,EE,D,13,59.375,APC-EE2_D3,194,1.2525773195876289,0.9663373555270413,0.2862399640605876,0.004820883605230949
D,4,D4,207,APC-EE2-26,APC-EE2,26,2,1787231315,1787227806,0.9747222222222223,FALSE,EE,D,15,56.055,APC-EE2_D4,182,1.1373626373626373,0.9663373555270413,0.17102528183559607,0.0030510263461884946
D,5,D5,192,APC-EE2-26,APC-EE2,26,2,1787231315,1787227806,0.9747222222222223,FALSE,EE,D,16,29.688,APC-EE2_D5,169,1.136094674556213,0.9663373555270413,0.1697573190291718,0.005718044968646315
A,2,A2,264,APC-EE2-26,APC-EE2,26,3,1787233395,1787227806,1.5525,FALSE,EE,C,2,60.742,APC-EE2_A2,185,1.427027027027027,0.9759604971693663,0.4510665298576608,0.007425941356189471
A,3,A3,234,APC-EE2-26,APC-EE2,26,3,1787233395,1787227806,1.5525,FALSE,EE,C,1,50,APC-EE2_A3,180,1.3,0.9759604971693663,0.32403950283063376,0.006480790056612676
A,4,A4,184,APC-EE2-26,APC-EE2,26,3,1787233395,1787227806,1.5525,FALSE,EE,C,3,14.551,APC-EE2_A4,165,1.1151515151515152,0.9759604971693663,0.13919101798214895,0.009565735549594457
A,5,A5,172,APC-EE2-26,APC-EE2,26,3,1787233395,1787227806,1.5525,FALSE,EE,C,4,22.656,APC-EE2_A5,155,1.1096774193548387,0.9759604971693663,0.13371692218547238,0.005902053415672333
B,2,B2,172,APC-EE2-26,APC-EE2,26,3,1787233395,1787227806,1.5525,FALSE,EE,C,8,13.086,APC-EE2_B2,158,1.0886075949367089,0.9759604971693663,0.11264709776734261,0.008608214715523659
B,3,B3,220,APC-EE2-26,APC-EE2,26,3,1787233395,1787227806,1.5525,FALSE,EE,C,7,49.805,APC-EE2_B3,177,1.2429378531073447,0.9759604971693663,0.26697735593797844,0.005360452885011112
B,4,B4,210,APC-EE2-26,APC-EE2,26,3,1787233395,1787227806,1.5525,FALSE,EE,C,6,40.527,APC-EE2_B4,174,1.206896551724138,0.9759604971693663,0.23093605455477162,0.005698325919874938
B,5,B5,647,APC-EE2-26,APC-EE2,26,3,1787233395,1787227806,1.5525,FALSE,EE,C,5,89.648,APC-EE2_B5,306,2.1143790849673203,0.9759604971693663,1.138418587797954,0.012698761687912213
C,2,C2,230,APC-EE2-26,APC-EE2,26,3,1787233395,1787227806,1.5525,FALSE,EE,D,12,55.566,APC-EE2_C2,185,1.2432432432432432,0.9759604971693663,0.2672827460738769,0.004810185114528253
C,3,C3,609,APC-EE2-26,APC-EE2,26,3,1787233395,1787227806,1.5525,FALSE,EE,D,11,57.031,APC-EE2_C3,302,2.0165562913907285,0.9759604971693663,1.0405957942213622,0.01824614322423528
C,4,C4,584,APC-EE2-26,APC-EE2,26,3,1787233395,1787227806,1.5525,FALSE,EE,D,10,58.887,APC-EE2_C4,261,2.2375478927203063,0.9759604971693663,1.26158739555094,0.02142386936931649
C,5,C5,275,APC-EE2-26,APC-EE2,26,3,1787233395,1787227806,1.5525,FALSE,EE,D,9,48.047,APC-EE2_C5,187,1.4705882352941178,0.9759604971693663,0.49462773812475147,0.010294664352087571
D,2,D2,253,APC-EE2-26,APC-EE2,26,3,1787233395,1787227806,1.5525,FALSE,EE,D,14,49.414,APC-EE2_D2,176,1.4375,0.9759604971693663,0.4615395028306337,0.009340257878954015
D,3,D3,271,APC-EE2-26,APC-EE2,26,3,1787233395,1787227806,1.5525,FALSE,EE,D,13,59.375,APC-EE2_D3,194,1.3969072164948453,0.9759604971693663,0.420946719325479,0.007089628957060699
D,4,D4,239,APC-EE2-26,APC-EE2,26,3,1787233395,1787227806,1.5525,FALSE,EE,D,15,56.055,APC-EE2_D4,182,1.3131868131868132,0.9759604971693663,0.3372263160174469,0.006015989938764551
D,5,D5,216,APC-EE2-26,APC-EE2,26,3,1787233395,1787227806,1.5525,FALSE,EE,D,16,29.688,APC-EE2_D5,169,1.2781065088757397,0.9759604971693663,0.30214601170637345,0.010177378459524841
A,2,A2,273,APC-EE2-26,APC-EE2,26,4,1787235159,1787227806,2.0425,FALSE,EE,C,2,60.742,APC-EE2_A2,185,1.4756756756756757,0.9783396066049707,0.49733606907070504,0.008187680173038508
A,3,A3,241,APC-EE2-26,APC-EE2,26,4,1787235159,1787227806,2.0425,FALSE,EE,C,1,50,APC-EE2_A3,180,1.3388888888888888,0.9783396066049707,0.36054928228391814,0.007210985645678363
A,4,A4,190,APC-EE2-26,APC-EE2,26,4,1787235159,1787227806,2.0425,FALSE,EE,C,3,14.551,APC-EE2_A4,165,1.1515151515151516,0.9783396066049707,0.17317554491018095,0.01190128134906061
A,5,A5,175,APC-EE2-26,APC-EE2,26,4,1787235159,1787227806,2.0425,FALSE,EE,C,4,22.656,APC-EE2_A5,155,1.1290322580645162,0.9783396066049707,0.15069265145954558,0.006651335251568926
B,2,B2,177,APC-EE2-26,APC-EE2,26,4,1787235159,1787227806,2.0425,FALSE,EE,C,8,13.086,APC-EE2_B2,158,1.120253164556962,0.9783396066049707,0.14191355795199134,0.01084468576738433
B,3,B3,240,APC-EE2-26,APC-EE2,26,4,1787235159,1787227806,2.0425,FALSE,EE,C,7,49.805,APC-EE2_B3,177,1.3559322033898304,0.9783396066049707,0.3775925967848598,0.007581419471636579
B,4,B4,221,APC-EE2-26,APC-EE2,26,4,1787235159,1787227806,2.0425,FALSE,EE,C,6,40.527,APC-EE2_B4,174,1.2701149425287357,0.9783396066049707,0.29177533592376503,0.007199529595671158
B,5,B5,892,APC-EE2-26,APC-EE2,26,4,1787235159,1787227806,2.0425,FALSE,EE,C,5,89.648,APC-EE2_B5,306,2.915032679738562,0.9783396066049707,1.9366930731335912,0.021603304849339543
C,2,C2,249,APC-EE2-26,APC-EE2,26,4,1787235159,1787227806,2.0425,FALSE,EE,D,12,55.566,APC-EE2_C2,185,1.345945945945946,0.9783396066049707,0.3676063393409753,0.006615670362109478
C,3,C3,718,APC-EE2-26,APC-EE2,26,4,1787235159,1787227806,2.0425,FALSE,EE,D,11,57.031,APC-EE2_C3,302,2.377483443708609,0.9783396066049707,1.3991438371036384,0.024533040576241665
C,4,C4,732,APC-EE2-26,APC-EE2,26,4,1787235159,1787227806,2.0425,FALSE,EE,D,10,58.887,APC-EE2_C4,261,2.8045977011494254,0.9783396066049707,1.8262580945444546,0.03101292466154592
C,5,C5,279,APC-EE2-26,APC-EE2,26,4,1787235159,1787227806,2.0425,FALSE,EE,D,9,48.047,APC-EE2_C5,187,1.4919786096256684,0.9783396066049707,0.5136390030206978,0.010690344933517134
D,2,D2,265,APC-EE2-26,APC-EE2,26,4,1787235159,1787227806,2.0425,FALSE,EE,D,14,49.414,APC-EE2_D2,176,1.5056818181818181,0.9783396066049707,0.5273422115768475,0.010671919123666319
D,3,D3,270,APC-EE2-26,APC-EE2,26,4,1787235159,1787227806,2.0425,FALSE,EE,D,13,59.375,APC-EE2_D3,194,1.3917525773195876,0.9783396066049707,0.4134129707146169,0.00696274476993039
D,4,D4,263,APC-EE2-26,APC-EE2,26,4,1787235159,1787227806,2.0425,FALSE,EE,D,15,56.055,APC-EE2_D4,182,1.445054945054945,0.9783396066049707,0.46671533844997437,0.008326025126214867
D,5,D5,216,APC-EE2-26,APC-EE2,26,4,1787235159,1787227806,2.0425,FALSE,EE,D,16,29.688,APC-EE2_D5,169,1.2781065088757397,0.9783396066049707,0.2997669022707691,0.010097241386107824
A,2,A2,288,APC-EE2-26,APC-EE2,26,5,1787236837,1787227806,2.508611111111111,FALSE,EE,C,2,60.742,APC-EE2_A2,185,1.5567567567567568,0.9887589265912449,0.567997830165512,0.009350989927323961
A,3,A3,263,APC-EE2-26,APC-EE2,26,5,1787236837,1787227806,2.508611111111111,FALSE,EE,C,1,50,APC-EE2_A3,180,1.461111111111111,0.9887589265912449,0.47235218451986616,0.009447043690397323
A,4,A4,202,APC-EE2-26,APC-EE2,26,5,1787236837,1787227806,2.508611111111111,FALSE,EE,C,3,14.551,APC-EE2_A4,165,1.2242424242424241,0.9887589265912449,0.23548349765117926,0.01618332057255029
A,5,A5,184,APC-EE2-26,APC-EE2,26,5,1787236837,1787227806,2.508611111111111,FALSE,EE,C,4,22.656,APC-EE2_A5,155,1.1870967741935483,0.9887589265912449,0.19833784760230344,0.008754318838378506
B,2,B2,189,APC-EE2-26,APC-EE2,26,5,1787236837,1787227806,2.508611111111111,FALSE,EE,C,8,13.086,APC-EE2_B2,158,1.1962025316455696,0.9887589265912449,0.2074436050543247,0.015852331121375872
B,3,B3,264,APC-EE2-26,APC-EE2,26,5,1787236837,1787227806,2.508611111111111,FALSE,EE,C,7,49.805,APC-EE2_B3,177,1.4915254237288136,0.9887589265912449,0.5027664971375687,0.010094699269904
B,4,B4,246,APC-EE2-26,APC-EE2,26,5,1787236837,1787227806,2.508611111111111,FALSE,EE,C,6,40.527,APC-EE2_B4,174,1.4137931034482758,0.9887589265912449,0.42503417685703093,0.010487679247342042
B,5,B5,1111,APC-EE2-26,APC-EE2,26,5,1787236837,1787227806,2.508611111111111,FALSE,EE,C,5,89.648,APC-EE2_B5,306,3.630718954248366,0.9887589265912449,2.641960027657121,0.029470373322964497
C,2,C2,268,APC-EE2-26,APC-EE2,26,5,1787236837,1787227806,2.508611111111111,FALSE,EE,D,12,55.566,APC-EE2_C2,185,1.4486486486486487,0.9887589265912449,0.45988972205740386,0.008276459022736994
C,3,C3,930,APC-EE2-26,APC-EE2,26,5,1787236837,1787227806,2.508611111111111,FALSE,EE,D,11,57.031,APC-EE2_C3,302,3.0794701986754967,0.9887589265912449,2.090711272084252,0.036659207660469775
C,4,C4,866,APC-EE2-26,APC-EE2,26,5,1787236837,1787227806,2.508611111111111,FALSE,EE,D,10,58.887,APC-EE2_C4,261,3.318007662835249,0.9887589265912449,2.329248736244004,0.03955454915760701
C,5,C5,309,APC-EE2-26,APC-EE2,26,5,1787236837,1787227806,2.508611111111111,FALSE,EE,D,9,48.047,APC-EE2_C5,187,1.6524064171122994,0.9887589265912449,0.6636474905210545,0.0138124646808553
D,2,D2,274,APC-EE2-26,APC-EE2,26,5,1787236837,1787227806,2.508611111111111,FALSE,EE,D,14,49.414,APC-EE2_D2,176,1.5568181818181819,0.9887589265912449,0.568059255226937,0.01149591725476458
D,3,D3,286,APC-EE2-26,APC-EE2,26,5,1787236837,1787227806,2.508611111111111,FALSE,EE,D,13,59.375,APC-EE2_D3,194,1.4742268041237114,0.9887589265912449,0.48546787753246656,0.008176301095283648
D,4,D4,274,APC-EE2-26,APC-EE2,26,5,1787236837,1787227806,2.508611111111111,FALSE,EE,D,15,56.055,APC-EE2_D4,182,1.5054945054945055,0.9887589265912449,0.5167355789032606,0.009218367298247446
D,5,D5,247,APC-EE2-26,APC-EE2,26,5,1787236837,1787227806,2.508611111111111,FALSE,EE,D,16,29.688,APC-EE2_D5,169,1.4615384615384615,0.9887589265912449,0.4727795349472166,0.015924937178227454
A,2,A2,319,APC-EE2-26,APC-EE2,26,6,1787238709,1787227806,3.028611111111111,FALSE,EE,C,2,60.742,APC-EE2_A2,185,1.7243243243243243,0.992778736821973,0.7315455875023512,0.01204348864874965
A,3,A3,285,APC-EE2-26,APC-EE2,26,6,1787238709,1787227806,3.028611111111111,FALSE,EE,C,1,50,APC-EE2_A3,180,1.5833333333333333,0.992778736821973,0.5905545965113602,0.011811091930227204
A,4,A4,208,APC-EE2-26,APC-EE2,26,6,1787238709,1787227806,3.028611111111111,FALSE,EE,C,3,14.551,APC-EE2_A4,165,1.2606060606060605,0.992778736821973,0.26782732378408747,0.018406111180268536
A,5,A5,196,APC-EE2-26,APC-EE2,26,6,1787238709,1787227806,3.028611111111111,FALSE,EE,C,4,22.656,APC-EE2_A5,155,1.264516129032258,0.992778736821973,0.2717373922102849,0.011994058625100853
B,2,B2,197,APC-EE2-26,APC-EE2,26,6,1787238709,1787227806,3.028611111111111,FALSE,EE,C,8,13.086,APC-EE2_B2,158,1.2468354430379747,0.992778736821973,0.2540567062160016,0.019414389898823294
B,3,B3,292,APC-EE2-26,APC-EE2,26,6,1787238709,1787227806,3.028611111111111,FALSE,EE,C,7,49.805,APC-EE2_B3,177,1.6497175141242937,0.992778736821973,0.6569387773023206,0.013190217393882556
B,4,B4,266,APC-EE2-26,APC-EE2,26,6,1787238709,1787227806,3.028611111111111,FALSE,EE,C,6,40.527,APC-EE2_B4,174,1.528735632183908,0.992778736821973,0.535956895361935,0.013224687131096183
B,5,B5,1244,APC-EE2-26,APC-EE2,26,6,1787238709,1787227806,3.028611111111111,FALSE,EE,C,5,89.648,APC-EE2_B5,306,4.065359477124183,0.992778736821973,3.0725807403022096,0.03427383477938392
C,2,C2,313,APC-EE2-26,APC-EE2,26,6,1787238709,1787227806,3.028611111111111,FALSE,EE,D,12,55.566,APC-EE2_C2,185,1.691891891891892,0.992778736821973,0.6991131550699189,0.012581671437028378
C,3,C3,1310,APC-EE2-26,APC-EE2,26,6,1787238709,1787227806,3.028611111111111,FALSE,EE,D,11,57.031,APC-EE2_C3,302,4.337748344370861,0.992778736821973,3.344969607548888,0.05865177898947744
C,4,C4,993,APC-EE2-26,APC-EE2,26,6,1787238709,1787227806,3.028611111111111,FALSE,EE,D,10,58.887,APC-EE2_C4,261,3.8045977011494254,0.992778736821973,2.8118189643274523,0.04774940079011415
C,5,C5,340,APC-EE2-26,APC-EE2,26,6,1787238709,1787227806,3.028611111111111,FALSE,EE,D,9,48.047,APC-EE2_C5,187,1.8181818181818181,0.992778736821973,0.8254030813598451,0.01717907634940465
D,2,D2,329,APC-EE2-26,APC-EE2,26,6,1787238709,1787227806,3.028611111111111,FALSE,EE,D,14,49.414,APC-EE2_D2,176,1.8693181818181819,0.992778736821973,0.8765394449962088,0.017738686303400024
D,3,D3,328,APC-EE2-26,APC-EE2,26,6,1787238709,1787227806,3.028611111111111,FALSE,EE,D,13,59.375,APC-EE2_D3,194,1.690721649484536,0.992778736821973,0.697942912662563,0.011754828002737904
D,4,D4,331,APC-EE2-26,APC-EE2,26,6,1787238709,1787227806,3.028611111111111,FALSE,EE,D,15,56.055,APC-EE2_D4,182,1.8186813186813187,0.992778736821973,0.8259025818593456,0.014733789704029
D,5,D5,342,APC-EE2-26,APC-EE2,26,6,1787238709,1787227806,3.028611111111111,FALSE,EE,D,16,29.688,APC-EE2_D5,169,2.0236686390532546,0.992778736821973,1.0308899022312814,0.03472412766879822
A,2,A2,344,APC-EE2-26,APC-EE2,26,7,1787240365,1787227806,3.488611111111111,FALSE,EE,C,2,60.742,APC-EE2_A2,185,1.8594594594594596,0.995204142244919,0.8642553172145405,0.014228298660145213
A,3,A3,293,APC-EE2-26,APC-EE2,26,7,1787240365,1787227806,3.488611111111111,FALSE,EE,C,1,50,APC-EE2_A3,180,1.6277777777777778,0.995204142244919,0.6325736355328587,0.012651472710657174
A,4,A4,216,APC-EE2-26,APC-EE2,26,7,1787240365,1787227806,3.488611111111111,FALSE,EE,C,3,14.551,APC-EE2_A4,165,1.309090909090909,0.995204142244919,0.31388676684599004,0.021571491089683873
A,5,A5,203,APC-EE2-26,APC-EE2,26,7,1787240365,1787227806,3.488611111111111,FALSE,EE,C,4,22.656,APC-EE2_A5,155,1.3096774193548386,0.995204142244919,0.31447327710991957,0.013880352979781055
B,2,B2,200,APC-EE2-26,APC-EE2,26,7,1787240365,1787227806,3.488611111111111,FALSE,EE,C,8,13.086,APC-EE2_B2,158,1.2658227848101267,0.995204142244919,0.2706186425652076,0.020680012422834144
B,3,B3,295,APC-EE2-26,APC-EE2,26,7,1787240365,1787227806,3.488611111111111,FALSE,EE,C,7,49.805,APC-EE2_B3,177,1.6666666666666667,0.995204142244919,0.6714625244217477,0.013481829623968431
B,4,B4,274,APC-EE2-26,APC-EE2,26,7,1787240365,1787227806,3.488611111111111,FALSE,EE,C,6,40.527,APC-EE2_B4,174,1.5747126436781609,0.995204142244919,0.5795085014332418,0.014299319007901937
B,5,B5,1435,APC-EE2-26,APC-EE2,26,7,1787240365,1787227806,3.488611111111111,FALSE,EE,C,5,89.648,APC-EE2_B5,306,4.689542483660131,0.995204142244919,3.694338341415212,0.04120937825066049
C,2,C2,315,APC-EE2-26,APC-EE2,26,7,1787240365,1787227806,3.488611111111111,FALSE,EE,D,12,55.566,APC-EE2_C2,185,1.7027027027027026,0.995204142244919,0.7074985604577836,0.012732580363131836
C,3,C3,1362,APC-EE2-26,APC-EE2,26,7,1787240365,1787227806,3.488611111111111,FALSE,EE,D,11,57.031,APC-EE2_C3,302,4.509933774834437,0.995204142244919,3.5147296325895176,0.061628406175404916
C,4,C4,1144,APC-EE2-26,APC-EE2,26,7,1787240365,1787227806,3.488611111111111,FALSE,EE,D,10,58.887,APC-EE2_C4,261,4.383141762452107,0.995204142244919,3.387937620207188,0.05753286158587104
C,5,C5,385,APC-EE2-26,APC-EE2,26,7,1787240365,1787227806,3.488611111111111,FALSE,EE,D,9,48.047,APC-EE2_C5,187,2.0588235294117645,0.995204142244919,1.0636193871668453,0.022137061360060887
D,2,D2,323,APC-EE2-26,APC-EE2,26,7,1787240365,1787227806,3.488611111111111,FALSE,EE,D,14,49.414,APC-EE2_D2,176,1.8352272727272727,0.995204142244919,0.8400231304823537,0.016999699082898646
D,3,D3,334,APC-EE2-26,APC-EE2,26,7,1787240365,1787227806,3.488611111111111,FALSE,EE,D,13,59.375,APC-EE2_D3,194,1.7216494845360826,0.995204142244919,0.7264453422911635,0.012234868922798544
D,4,D4,326,APC-EE2-26,APC-EE2,26,7,1787240365,1787227806,3.488611111111111,FALSE,EE,D,15,56.055,APC-EE2_D4,182,1.7912087912087913,0.995204142244919,0.7960046489638722,0.014200421888571443
D,5,D5,473,APC-EE2-26,APC-EE2,26,7,1787240365,1787227806,3.488611111111111,FALSE,EE,D,16,29.688,APC-EE2_D5,169,2.798816568047337,0.995204142244919,1.803612425802418,0.06075223746302944
A,2,A2,377,APC-EE2-26,APC-EE2,26,8,1787242051,1787227806,3.9569444444444444,FALSE,EE,C,2,60.742,APC-EE2_A2,185,2.037837837837838,1.0024385537933282,1.0353992840445096,0.017045854335459975
A,3,A3,329,APC-EE2-26,APC-EE2,26,8,1787242051,1787227806,3.9569444444444444,FALSE,EE,C,1,50,APC-EE2_A3,180,1.8277777777777777,1.0024385537933282,0.8253392239844495,0.01650678447968899
A,4,A4,226,APC-EE2-26,APC-EE2,26,8,1787242051,1787227806,3.9569444444444444,FALSE,EE,C,3,14.551,APC-EE2_A4,165,1.3696969696969696,1.0024385537933282,0.3672584159036414,0.02523939357457504
A,5,A5,211,APC-EE2-26,APC-EE2,26,8,1787242051,1787227806,3.9569444444444444,FALSE,EE,C,4,22.656,APC-EE2_A5,155,1.3612903225806452,1.0024385537933282,0.35885176878731695,0.015839149399157704
B,2,B2,215,APC-EE2-26,APC-EE2,26,8,1787242051,1787227806,3.9569444444444444,FALSE,EE,C,8,13.086,APC-EE2_B2,158,1.360759493670886,1.0024385537933282,0.35832093987755775,0.027382006715387264
B,3,B3,322,APC-EE2-26,APC-EE2,26,8,1787242051,1787227806,3.9569444444444444,FALSE,EE,C,7,49.805,APC-EE2_B3,177,1.8192090395480225,1.0024385537933282,0.8167704857546942,0.016399367247358583
B,4,B4,290,APC-EE2-26,APC-EE2,26,8,1787242051,1787227806,3.9569444444444444,FALSE,EE,C,6,40.527,APC-EE2_B4,174,1.6666666666666667,1.0024385537933282,0.6642281128733385,0.016389767633265193
B,5,B5,1602,APC-EE2-26,APC-EE2,26,8,1787242051,1787227806,3.9569444444444444,FALSE,EE,C,5,89.648,APC-EE2_B5,306,5.235294117647059,1.0024385537933282,4.232855563853731,0.047216397062441226
C,2,C2,327,APC-EE2-26,APC-EE2,26,8,1787242051,1787227806,3.9569444444444444,FALSE,EE,D,12,55.566,APC-EE2_C2,185,1.7675675675675675,1.0024385537933282,0.7651290137742393,0.013769733538031155
C,3,C3,1497,APC-EE2-26,APC-EE2,26,8,1787242051,1787227806,3.9569444444444444,FALSE,EE,D,11,57.031,APC-EE2_C3,302,4.956953642384106,1.0024385537933282,3.954515088590778,0.06933974660431656
C,4,C4,1286,APC-EE2-26,APC-EE2,26,8,1787242051,1787227806,3.9569444444444444,FALSE,EE,D,10,58.887,APC-EE2_C4,261,4.9272030651340994,1.0024385537933282,3.924764511340771,0.06664908233295586
C,5,C5,430,APC-EE2-26,APC-EE2,26,8,1787242051,1787227806,3.9569444444444444,FALSE,EE,D,9,48.047,APC-EE2_C5,187,2.299465240641711,1.0024385537933282,1.2970266868483828,0.026994956747526024
D,2,D2,369,APC-EE2-26,APC-EE2,26,8,1787242051,1787227806,3.9569444444444444,FALSE,EE,D,14,49.414,APC-EE2_D2,176,2.096590909090909,1.0024385537933282,1.094152355297581,0.022142557884356272
D,3,D3,375,APC-EE2-26,APC-EE2,26,8,1787242051,1787227806,3.9569444444444444,FALSE,EE,D,13,59.375,APC-EE2_D3,194,1.9329896907216495,1.0024385537933282,0.9305511369283213,0.01567244020089804
D,4,D4,363,APC-EE2-26,APC-EE2,26,8,1787242051,1787227806,3.9569444444444444,FALSE,EE,D,15,56.055,APC-EE2_D4,182,1.9945054945054945,1.0024385537933282,0.9920669407121663,0.017698099022605766
D,5,D5,622,APC-EE2-26,APC-EE2,26,8,1787242051,1787227806,3.9569444444444444,FALSE,EE,D,16,29.688,APC-EE2_D5,169,3.6804733727810652,1.0024385537933282,2.678034818987737,0.09020596938115526
A,2,A2,256,APC-EP1-26,APC-EP1,26,0,1787228034,1787228034,0,FALSE,EP,A,4,43.345,APC-EP1_A2,256,1,1,0,0
A,3,A3,328,APC-EP1-26,APC-EP1,26,0,1787228034,1787228034,0,FALSE,EP,A,1,59.153,APC-EP1_A3,328,1,1,0,0
A,4,A4,312,APC-EP1-26,APC-EP1,26,0,1787228034,1787228034,0,FALSE,EP,A,2,63.825,APC-EP1_A4,312,1,1,0,0
A,5,A5,248,APC-EP1-26,APC-EP1,26,0,1787228034,1787228034,0,FALSE,EP,A,3,29.454,APC-EP1_A5,248,1,1,0,0
B,2,B2,211,APC-EP1-26,APC-EP1,26,0,1787228034,1787228034,0,FALSE,EP,A,8,29.24,APC-EP1_B2,211,1,1,0,0
B,3,B3,230,APC-EP1-26,APC-EP1,26,0,1787228034,1787228034,0,FALSE,EP,A,6,54.227,APC-EP1_B3,230,1,1,0,0
B,4,B4,283,APC-EP1-26,APC-EP1,26,0,1787228034,1787228034,0,FALSE,EP,A,7,54.952,APC-EP1_B4,283,1,1,0,0
B,5,B5,258,APC-EP1-26,APC-EP1,26,0,1787228034,1787228034,0,FALSE,EP,A,5,29.689,APC-EP1_B5,258,1,1,0,0
C,2,C2,270,APC-EP1-26,APC-EP1,26,0,1787228034,1787228034,0,FALSE,EP,B,12,77.705,APC-EP1_C2,270,1,1,0,0
C,3,C3,197,APC-EP1-26,APC-EP1,26,0,1787228034,1787228034,0,FALSE,EP,B,11,21.254,APC-EP1_C3,197,1,1,0,0
C,4,C4,195,APC-EP1-26,APC-EP1,26,0,1787228034,1787228034,0,FALSE,EP,B,10,23.661,APC-EP1_C4,195,1,1,0,0
C,5,C5,240,APC-EP1-26,APC-EP1,26,0,1787228034,1787228034,0,FALSE,EP,B,9,44.793,APC-EP1_C5,240,1,1,0,0
D,2,D2,208,APC-EP1-26,APC-EP1,26,0,1787228034,1787228034,0,FALSE,EP,B,16,44.161,APC-EP1_D2,208,1,1,0,0
D,3,D3,220,APC-EP1-26,APC-EP1,26,0,1787228034,1787228034,0,FALSE,EP,B,15,47.71,APC-EP1_D3,220,1,1,0,0
D,4,D4,207,APC-EP1-26,APC-EP1,26,0,1787228034,1787228034,0,FALSE,EP,B,13,36.655,APC-EP1_D4,207,1,1,0,0
D,5,D5,214,APC-EP1-26,APC-EP1,26,0,1787228034,1787228034,0,FALSE,EP,B,14,41.54,APC-EP1_D5,214,1,1,0,0
A,2,A2,284,APC-EP1-26,APC-EP1,26,1,1787229664,1787228034,0.4527777777777778,FALSE,EP,A,4,43.345,APC-EP1_A2,256,1.109375,1.014499289682338,0.09487571031766207,0.002188850163055994
A,3,A3,356,APC-EP1-26,APC-EP1,26,1,1787229664,1787228034,0.4527777777777778,FALSE,EP,A,1,59.153,APC-EP1_A3,328,1.0853658536585367,1.014499289682338,0.07086656397619873,0.0011980214693455738
A,4,A4,298,APC-EP1-26,APC-EP1,26,1,1787229664,1787228034,0.4527777777777778,FALSE,EP,A,2,63.825,APC-EP1_A4,312,0.9551282051282052,1.014499289682338,-0.05937108455413276,-9.302167576049002e-4
A,5,A5,701,APC-EP1-26,APC-EP1,26,1,1787229664,1787228034,0.4527777777777778,FALSE,EP,A,3,29.454,APC-EP1_A5,248,2.8266129032258065,1.014499289682338,1.8121136135434686,0.06152351509280466
B,2,B2,220,APC-EP1-26,APC-EP1,26,1,1787229664,1787228034,0.4527777777777778,FALSE,EP,A,8,29.24,APC-EP1_B2,211,1.042654028436019,1.014499289682338,0.02815473875368113,9.628843623009963e-4
B,3,B3,234,APC-EP1-26,APC-EP1,26,1,1787229664,1787228034,0.4527777777777778,FALSE,EP,A,6,54.227,APC-EP1_B3,230,1.017391304347826,1.014499289682338,0.002892014665488052,5.333163673978004e-5
B,4,B4,271,APC-EP1-26,APC-EP1,26,1,1787229664,1787228034,0.4527777777777778,FALSE,EP,A,7,54.952,APC-EP1_B4,283,0.9575971731448764,1.014499289682338,-0.05690211653746158,-0.0010354876353446932
B,5,B5,244,APC-EP1-26,APC-EP1,26,1,1787229664,1787228034,0.4527777777777778,FALSE,EP,A,5,29.689,APC-EP1_B5,258,0.9457364341085271,1.014499289682338,-0.06876285557381079,-0.002316105479262043
C,2,C2,1860,APC-EP1-26,APC-EP1,26,1,1787229664,1787228034,0.4527777777777778,FALSE,EP,B,12,77.705,APC-EP1_C2,270,6.888888888888889,1.014499289682338,5.874389599206552,0.07559860497016346
C,3,C3,199,APC-EP1-26,APC-EP1,26,1,1787229664,1787228034,0.4527777777777778,FALSE,EP,B,11,21.254,APC-EP1_C3,197,1.0101522842639594,1.014499289682338,-0.004347005418378513,-2.045264617661858e-4
C,4,C4,201,APC-EP1-26,APC-EP1,26,1,1787229664,1787228034,0.4527777777777778,FALSE,EP,B,10,23.661,APC-EP1_C4,195,1.0307692307692307,1.014499289682338,0.016269941086892725,6.87626942516915e-4
C,5,C5,243,APC-EP1-26,APC-EP1,26,1,1787229664,1787228034,0.4527777777777778,FALSE,EP,B,9,44.793,APC-EP1_C5,240,1.0125,1.014499289682338,-0.001999289682337979,-4.463397589663517e-5
D,2,D2,1033,APC-EP1-26,APC-EP1,26,1,1787229664,1787228034,0.4527777777777778,FALSE,EP,B,16,44.161,APC-EP1_D2,208,4.966346153846154,1.014499289682338,3.9518468641638163,0.089487259440769365
D,3,D3,246,APC-EP1-26,APC-EP1,26,1,1787229664,1787228034,0.4527777777777778,FALSE,EP,B,15,47.71,APC-EP1_D3,220,1.1181818181818182,1.014499289682338,0.10368252849948023,0.002173182320257393
D,4,D4,225,APC-EP1-26,APC-EP1,26,1,1787229664,1787228034,0.4527777777777778,FALSE,EP,B,13,36.655,APC-EP1_D4,207,1.0869565217391304,1.014499289682338,0.07245723205679244,0.0019767352900502645
D,5,D5,229,APC-EP1-26,APC-EP1,26,1,1787229664,1787228034,0.4527777777777778,FALSE,EP,B,14,41.54,APC-EP1_D5,214,1.0700934579439252,1.014499289682338,0.05559416826158725,0.0013383285570916527
A,2,A2,308,APC-EP1-26,APC-EP1,26,2,1787231611,1787228034,0.9936111111111111,FALSE,EP,A,4,43.345,APC-EP1_A2,256,1.203125,1.0222236804836045,0.18090131951639554,0.004173522194402942
A,3,A3,501,APC-EP1-26,APC-EP1,26,2,1787231611,1787228034,0.9936111111111111,FALSE,EP,A,1,59.153,APC-EP1_A3,328,1.5274390243902438,1.0222236804836045,0.5052153439066394,0.008540823692908886
A,4,A4,401,APC-EP1-26,APC-EP1,26,2,1787231611,1787228034,0.9936111111111111,FALSE,EP,A,2,63.825,APC-EP1_A4,312,1.2852564102564104,1.0222236804836045,0.2630327297728059,0.00412115518641294
A,5,A5,1114,APC-EP1-26,APC-EP1,26,2,1787231611,1787228034,0.9936111111111111,FALSE,EP,A,3,29.454,APC-EP1_A5,248,4.491935483870968,1.0222236804836045,3.4697118033873635,0.11780103902313314
B,2,B2,238,APC-EP1-26,APC-EP1,26,2,1787231611,1787228034,0.9936111111111111,FALSE,EP,A,8,29.24,APC-EP1_B2,211,1.127962085308057,1.0222236804836045,0.10573840482445251,0.0036162245152001546
B,3,B3,255,APC-EP1-26,APC-EP1,26,2,1787231611,1787228034,0.9936111111111111,FALSE,EP,A,6,54.227,APC-EP1_B3,230,1.108695652173913,1.0222236804836045,0.08647197169030862,0.0015946294593156293
B,4,B4,366,APC-EP1-26,APC-EP1,26,2,1787231611,1787228034,0.9936111111111111,FALSE,EP,A,7,54.952,APC-EP1_B4,283,1.2932862190812722,1.0222236804836045,0.2710625385976677,0.004932714707338545
B,5,B5,272,APC-EP1-26,APC-EP1,26,2,1787231611,1787228034,0.9936111111111111,FALSE,EP,A,5,29.689,APC-EP1_B5,258,1.054263565891473,1.0222236804836045,0.03203988540786851,0.0010791837181403385
C,2,C2,5352,APC-EP1-26,APC-EP1,26,2,1787231611,1787228034,0.9936111111111111,FALSE,EP,B,12,77.705,APC-EP1_C2,270,19.822222222222223,1.0222236804836045,18.799998541738617,0.24194065429172662
C,3,C3,218,APC-EP1-26,APC-EP1,26,2,1787231611,1787228034,0.9936111111111111,FALSE,EP,B,11,21.254,APC-EP1_C3,197,1.1065989847715736,1.0222236804836045,0.08437530428796913,0.003969855287850246
C,4,C4,223,APC-EP1-26,APC-EP1,26,2,1787231611,1787228034,0.9936111111111111,FALSE,EP,B,10,23.661,APC-EP1_C4,195,1.1435897435897435,1.0222236804836045,0.12136606310613907,0.005129371670941171
C,5,C5,256,APC-EP1-26,APC-EP1,26,2,1787231611,1787228034,0.9936111111111111,FALSE,EP,B,9,44.793,APC-EP1_C5,240,1.0666666666666667,1.0222236804836045,0.044442986183062194,9.921859706441228e-4
D,2,D2,2229,APC-EP1-26,APC-EP1,26,2,1787231611,1787228034,0.9936111111111111,FALSE,EP,B,16,44.161,APC-EP1_D2,208,10.716346153846153,1.0222236804836045,9.69412247336255,0.21951772997356375
D,3,D3,292,APC-EP1-26,APC-EP1,26,2,1787231611,1787228034,0.9936111111111111,FALSE,EP,B,15,47.71,APC-EP1_D3,220,1.3272727272727274,1.0222236804836045,0.3050490467891229,0.006393817790591552
D,4,D4,260,APC-EP1-26,APC-EP1,26,2,1787231611,1787228034,0.9936111111111111,FALSE,EP,B,13,36.655,APC-EP1_D4,207,1.2560386473429952,1.0222236804836045,0.23381496685939074,0.006378801442078591
D,5,D5,276,APC-EP1-26,APC-EP1,26,2,1787231611,1787228034,0.9936111111111111,FALSE,EP,B,14,41.54,APC-EP1_D5,214,1.2897196261682242,1.0222236804836045,0.26749594568461976,0.006439478711714486
A,2,A2,325,APC-EP1-26,APC-EP1,26,3,1787233570,1787228034,1.5377777777777777,FALSE,EP,A,4,43.345,APC-EP1_A2,256,1.26953125,1.037332355850326,0.23219889414967398,0.005356993751290206
A,3,A3,631,APC-EP1-26,APC-EP1,26,3,1787233570,1787228034,1.5377777777777777,FALSE,EP,A,1,59.153,APC-EP1_A3,328,1.923780487804878,1.037332355850326,0.8864481319545521,0.014985683430334084
A,4,A4,534,APC-EP1-26,APC-EP1,26,3,1787233570,1787228034,1.5377777777777777,FALSE,EP,A,2,63.825,APC-EP1_A4,312,1.7115384615384615,1.037332355850326,0.6742061056881354,0.010563354574040508
A,5,A5,1470,APC-EP1-26,APC-EP1,26,3,1787233570,1787228034,1.5377777777777777,FALSE,EP,A,3,29.454,APC-EP1_A5,248,5.92741935483871,1.037332355850326,4.890086998988384,0.16602454671652012
B,2,B2,637,APC-EP1-26,APC-EP1,26,3,1787233570,1787228034,1.5377777777777777,FALSE,EP,A,8,29.24,APC-EP1_B2,211,3.018957345971564,1.037332355850326,1.9816249901212382,0.0677710324938864
B,3,B3,252,APC-EP1-26,APC-EP1,26,3,1787233570,1787228034,1.5377777777777777,FALSE,EP,A,6,54.227,APC-EP1_B3,230,1.0956521739130434,1.037332355850326,0.058319818062717355,0.0010754756498186763
B,4,B4,442,APC-EP1-26,APC-EP1,26,3,1787233570,1787228034,1.5377777777777777,FALSE,EP,A,7,54.952,APC-EP1_B4,283,1.5618374558303887,1.037332355850326,0.5245050999800627,0.00954478635864141
B,5,B5,731,APC-EP1-26,APC-EP1,26,3,1787233570,1787228034,1.5377777777777777,FALSE,EP,A,5,29.689,APC-EP1_B5,258,2.8333333333333335,1.037332355850326,1.7960009774830075,0.06049381850122966
C,2,C2,7209,APC-EP1-26,APC-EP1,26,3,1787233570,1787228034,1.5377777777777777,FALSE,EP,B,12,77.705,APC-EP1_C2,270,26.7,1.037332355850326,25.662667644149675,0.33025761076056465
C,3,C3,231,APC-EP1-26,APC-EP1,26,3,1787233570,1787228034,1.5377777777777777,FALSE,EP,B,11,21.254,APC-EP1_C3,197,1.1725888324873097,1.037332355850326,0.1352564766369837,0.006363812771101143
C,4,C4,240,APC-EP1-26,APC-EP1,26,3,1787233570,1787228034,1.5377777777777777,FALSE,EP,B,10,23.661,APC-EP1_C4,195,1.2307692307692308,1.037332355850326,0.19343687491890482,0.00817534655842546
C,5,C5,284,APC-EP1-26,APC-EP1,26,3,1787233570,1787228034,1.5377777777777777,FALSE,EP,B,9,44.793,APC-EP1_C5,240,1.1833333333333333,1.037332355850326,0.14600097748300733,0.003259459680820828
D,2,D2,3834,APC-EP1-26,APC-EP1,26,3,1787233570,1787228034,1.5377777777777777,FALSE,EP,B,16,44.161,APC-EP1_D2,208,18.432692307692307,1.037332355850326,17.395359951841982,0.39390774556377756
D,3,D3,314,APC-EP1-26,APC-EP1,26,3,1787233570,1787228034,1.5377777777777777,FALSE,EP,B,15,47.71,APC-EP1_D3,220,1.4272727272727272,1.037332355850326,0.38994037142240123,0.008173137107994157
D,4,D4,287,APC-EP1-26,APC-EP1,26,3,1787233570,1787228034,1.5377777777777777,FALSE,EP,B,13,36.655,APC-EP1_D4,207,1.3864734299516908,1.037332355850326,0.34914107410136475,0.00952505999458095
D,5,D5,316,APC-EP1-26,APC-EP1,26,3,1787233570,1787228034,1.5377777777777777,FALSE,EP,B,14,41.54,APC-EP1_D5,214,1.4766355140186915,1.037332355850326,0.4393031581683655,0.010575425088309233
A,2,A2,348,APC-EP1-26,APC-EP1,26,4,1787235389,1787228034,2.0430555555555556,FALSE,EP,A,4,43.345,APC-EP1_A2,256,1.359375,1.0481253317855188,0.3112496682144812,0.007180751371887904
A,3,A3,752,APC-EP1-26,APC-EP1,26,4,1787235389,1787228034,2.0430555555555556,FALSE,EP,A,1,59.153,APC-EP1_A3,328,2.292682926829268,1.0481253317855188,1.2445575950437493,0.021039636113869952
A,4,A4,864,APC-EP1-26,APC-EP1,26,4,1787235389,1787228034,2.0430555555555556,FALSE,EP,A,2,63.825,APC-EP1_A4,312,2.769230769230769,1.0481253317855188,1.7211054374452504,0.026966007637215045
A,5,A5,1799,APC-EP1-26,APC-EP1,26,4,1787235389,1787228034,2.0430555555555556,FALSE,EP,A,3,29.454,APC-EP1_A5,248,7.254032258064516,1.0481253317855188,6.205906926278997,0.21069827277378275
B,2,B2,1205,APC-EP1-26,APC-EP1,26,4,1787235389,1787228034,2.0430555555555556,FALSE,EP,A,8,29.24,APC-EP1_B2,211,5.710900473933649,1.0481253317855188,4.6627751421481305,0.15946563413639298
B,3,B3,2498,APC-EP1-26,APC-EP1,26,4,1787235389,1787228034,2.0430555555555556,FALSE,EP,A,6,54.227,APC-EP1_B3,230,10.860869565217392,1.0481253317855188,9.812744233431873,0.1809567970463399
B,4,B4,595,APC-EP1-26,APC-EP1,26,4,1787235389,1787228034,2.0430555555555556,FALSE,EP,A,7,54.952,APC-EP1_B4,283,2.1024734982332154,1.0481253317855188,1.0543481664476966,0.01918671142902345
B,5,B5,1318,APC-EP1-26,APC-EP1,26,4,1787235389,1787228034,2.0430555555555556,FALSE,EP,A,5,29.689,APC-EP1_B5,258,5.108527131782946,1.0481253317855188,4.060401799997427,0.13676451884527693
C,2,C2,7344,APC-EP1-26,APC-EP1,26,4,1787235389,1787228034,2.0430555555555556,FALSE,EP,B,12,77.705,APC-EP1_C2,270,27.2,1.0481253317855188,26.151874668214482,0.33655330632796454
C,3,C3,245,APC-EP1-26,APC-EP1,26,4,1787235389,1787228034,2.0430555555555556,FALSE,EP,B,11,21.254,APC-EP1_C3,197,1.2436548223350254,1.0481253317855188,0.19552949054950663,0.009199656090595023
C,4,C4,253,APC-EP1-26,APC-EP1,26,4,1787235389,1787228034,2.0430555555555556,FALSE,EP,B,10,23.661,APC-EP1_C4,195,1.2974358974358975,1.0481253317855188,0.24931056565037868,0.010536772141937309
C,5,C5,315,APC-EP1-26,APC-EP1,26,4,1787235389,1787228034,2.0430555555555556,FALSE,EP,B,9,44.793,APC-EP1_C5,240,1.3125,1.0481253317855188,0.2643746682144812,0.005902142482407545
D,2,D2,4529,APC-EP1-26,APC-EP1,26,4,1787235389,1787228034,2.0430555555555556,FALSE,EP,B,16,44.161,APC-EP1_D2,208,21.77403846153846,1.0481253317855188,20.72591312975294,0.4693261730883118
D,3,D3,332,APC-EP1-26,APC-EP1,26,4,1787235389,1787228034,2.0430555555555556,FALSE,EP,B,15,47.71,APC-EP1_D3,220,1.509090909090909,1.0481253317855188,0.46096557730539023,0.009661823041404113
D,4,D4,305,APC-EP1-26,APC-EP1,26,4,1787235389,1787228034,2.0430555555555556,FALSE,EP,B,13,36.655,APC-EP1_D4,207,1.4734299516908214,1.0481253317855188,0.42530461990530255,0.011602908741107695
D,5,D5,320,APC-EP1-26,APC-EP1,26,4,1787235389,1787228034,2.0430555555555556,FALSE,EP,B,14,41.54,APC-EP1_D5,214,1.4953271028037383,1.0481253317855188,0.44720177101821945,0.01076556983674096
A,2,A2,367,APC-EP1-26,APC-EP1,26,5,1787237011,1787228034,2.493611111111111,FALSE,EP,A,4,43.345,APC-EP1_A2,256,1.43359375,1.0578331622572252,0.37576058774277477,0.00866906419985638
A,3,A3,849,APC-EP1-26,APC-EP1,26,5,1787237011,1787228034,2.493611111111111,FALSE,EP,A,1,59.153,APC-EP1_A3,328,2.5884146341463414,1.0578331622572252,1.5305814718891162,0.02587495937465752
A,4,A4,942,APC-EP1-26,APC-EP1,26,5,1787237011,1787228034,2.493611111111111,FALSE,EP,A,2,63.825,APC-EP1_A4,312,3.019230769230769,1.0578331622572252,1.961397606973544,0.030730867324301508
A,5,A5,1897,APC-EP1-26,APC-EP1,26,5,1787237011,1787228034,2.493611111111111,FALSE,EP,A,3,29.454,APC-EP1_A5,248,7.649193548387097,1.0578331622572252,6.591360386129872,0.22378489801486628
B,2,B2,1722,APC-EP1-26,APC-EP1,26,5,1787237011,1787228034,2.493611111111111,FALSE,EP,A,8,29.24,APC-EP1_B2,211,8.161137440758294,1.0578331622572252,7.103304278501069,0.24293106287623356
B,3,B3,3362,APC-EP1-26,APC-EP1,26,5,1787237011,1787228034,2.493611111111111,FALSE,EP,A,6,54.227,APC-EP1_B3,230,14.617391304347827,1.0578331622572252,13.559558142090602,0.2500517849427518
B,4,B4,651,APC-EP1-26,APC-EP1,26,5,1787237011,1787228034,2.493611111111111,FALSE,EP,A,7,54.952,APC-EP1_B4,283,2.3003533568904593,1.0578331622572252,1.242520194633234,0.022611009510722705
B,5,B5,1912,APC-EP1-26,APC-EP1,26,5,1787237011,1787228034,2.493611111111111,FALSE,EP,A,5,29.689,APC-EP1_B5,258,7.410852713178294,1.0578331622572252,6.353019550921069,0.21398563612520022
C,2,C2,7626,APC-EP1-26,APC-EP1,26,5,1787237011,1787228034,2.493611111111111,FALSE,EP,B,12,77.705,APC-EP1_C2,270,28.244444444444444,1.0578331622572252,27.18661128218722,0.34986952296746954
C,3,C3,256,APC-EP1-26,APC-EP1,26,5,1787237011,1787228034,2.493611111111111,FALSE,EP,B,11,21.254,APC-EP1_C3,197,1.299492385786802,1.0578331622572252,0.2416592235295767,0.011370058508025627
C,4,C4,267,APC-EP1-26,APC-EP1,26,5,1787237011,1787228034,2.493611111111111,FALSE,EP,B,10,23.661,APC-EP1_C4,195,1.3692307692307693,1.0578331622572252,0.311397606973544,0.013160796541716072
C,5,C5,345,APC-EP1-26,APC-EP1,26,5,1787237011,1787228034,2.493611111111111,FALSE,EP,B,9,44.793,APC-EP1_C5,240,1.4375,1.0578331622572252,0.37966683774277477,0.008476030579393539
D,2,D2,4657,APC-EP1-26,APC-EP1,26,5,1787237011,1787228034,2.493611111111111,FALSE,EP,B,16,44.161,APC-EP1_D2,208,22.389423076923077,1.0578331622572252,21.33158991466585,0.4830413694134157
D,3,D3,356,APC-EP1-26,APC-EP1,26,5,1787237011,1787228034,2.493611111111111,FALSE,EP,B,15,47.71,APC-EP1_D3,220,1.6181818181818182,1.0578331622572252,0.5603486559245929,0.011744889036357009
D,4,D4,325,APC-EP1-26,APC-EP1,26,5,1787237011,1787228034,2.493611111111111,FALSE,EP,B,13,36.655,APC-EP1_D4,207,1.570048309178744,1.0578331622572252,0.5122151469215188,0.013973950263852647
D,5,D5,340,APC-EP1-26,APC-EP1,26,5,1787237011,1787228034,2.493611111111111,FALSE,EP,B,14,41.54,APC-EP1_D5,214,1.588785046728972,1.0578331622572252,0.5309518844717467,0.012781701600186487
A,2,A2,382,APC-EP1-26,APC-EP1,26,6,1787238890,1787228034,3.0155555555555558,FALSE,EP,A,4,43.345,APC-EP1_A2,256,1.4921875,1.0689042602419585,0.4232832397580415,0.009765445605214938
A,3,A3,916,APC-EP1-26,APC-EP1,26,6,1787238890,1787228034,3.0155555555555558,FALSE,EP,A,1,59.153,APC-EP1_A3,328,2.792682926829268,1.0689042602419585,1.7237786665873096,0.029141018487436134
A,4,A4,1031,APC-EP1-26,APC-EP1,26,6,1787238890,1787228034,3.0155555555555558,FALSE,EP,A,2,63.825,APC-EP1_A4,312,3.3044871794871793,1.0689042602419585,2.235582919245221,0.035026759408464093
A,5,A5,2070,APC-EP1-26,APC-EP1,26,6,1787238890,1787228034,3.0155555555555558,FALSE,EP,A,3,29.454,APC-EP1_A5,248,8.346774193548388,1.0689042602419585,7.277869933306429,0.24709275253977148
B,2,B2,2369,APC-EP1-26,APC-EP1,26,6,1787238890,1787228034,3.0155555555555558,FALSE,EP,A,8,29.24,APC-EP1_B2,211,11.227488151658768,1.0689042602419585,10.15858389141681,0.3474207897201372
B,3,B3,3095,APC-EP1-26,APC-EP1,26,6,1787238890,1787228034,3.0155555555555558,FALSE,EP,A,6,54.227,APC-EP1_B3,230,13.456521739130435,1.0689042602419585,12.387617478888476,0.22844002948509926
B,4,B4,762,APC-EP1-26,APC-EP1,26,6,1787238890,1787228034,3.0155555555555558,FALSE,EP,A,7,54.952,APC-EP1_B4,283,2.6925795053003534,1.0689042602419585,1.623675245058395,0.029547154699708745
B,5,B5,2667,APC-EP1-26,APC-EP1,26,6,1787238890,1787228034,3.0155555555555558,FALSE,EP,A,5,29.689,APC-EP1_B5,258,10.337209302325581,1.0689042602419585,9.268305042083622,0.3121797649662711
C,2,C2,7764,APC-EP1-26,APC-EP1,26,6,1787238890,1787228034,3.0155555555555558,FALSE,EP,B,12,77.705,APC-EP1_C2,270,28.755555555555556,1.0689042602419585,27.6866512953136,0.35630463027235826
C,3,C3,280,APC-EP1-26,APC-EP1,26,6,1787238890,1787228034,3.0155555555555558,FALSE,EP,B,11,21.254,APC-EP1_C3,197,1.4213197969543148,1.0689042602419585,0.35241553671235626,0.016581139395518783
C,4,C4,763,APC-EP1-26,APC-EP1,26,6,1787238890,1787228034,3.0155555555555558,FALSE,EP,B,10,23.661,APC-EP1_C4,195,3.9128205128205127,1.0689042602419585,2.843916252578554,0.12019425436704087
C,5,C5,371,APC-EP1-26,APC-EP1,26,6,1787238890,1787228034,3.0155555555555558,FALSE,EP,B,9,44.793,APC-EP1_C5,240,1.5458333333333334,1.0689042602419585,0.4769290730913749,0.010647401895192884
D,2,D2,4800,APC-EP1-26,APC-EP1,26,6,1787238890,1787228034,3.0155555555555558,FALSE,EP,B,16,44.161,APC-EP1_D2,208,23.076923076923077,1.0689042602419585,22.00801881668112,0.49835870602298676
D,3,D3,378,APC-EP1-26,APC-EP1,26,6,1787238890,1787228034,3.0155555555555558,FALSE,EP,B,15,47.71,APC-EP1_D3,220,1.7181818181818183,1.0689042602419585,0.6492775579398598,0.013608835840282116
D,4,D4,342,APC-EP1-26,APC-EP1,26,6,1787238890,1787228034,3.0155555555555558,FALSE,EP,B,13,36.655,APC-EP1_D4,207,1.6521739130434783,1.0689042602419585,0.5832696528015198,0.01591241720915345
D,5,D5,365,APC-EP1-26,APC-EP1,26,6,1787238890,1787228034,3.0155555555555558,FALSE,EP,B,14,41.54,APC-EP1_D5,214,1.705607476635514,1.0689042602419585,0.6367032163935555,0.015327472710485209
A,2,A2,407,APC-EP1-26,APC-EP1,26,7,1787240540,1787228034,3.473888888888889,FALSE,EP,A,4,43.345,APC-EP1_A2,256,1.58984375,1.0764298088551751,0.5134139411448249,0.011844825035063442
A,3,A3,998,APC-EP1-26,APC-EP1,26,7,1787240540,1787228034,3.473888888888889,FALSE,EP,A,1,59.153,APC-EP1_A3,328,3.042682926829268,1.0764298088551751,1.966253117974093,0.033240125065070125
A,4,A4,1088,APC-EP1-26,APC-EP1,26,7,1787240540,1787228034,3.473888888888889,FALSE,EP,A,2,63.825,APC-EP1_A4,312,3.4871794871794872,1.0764298088551751,2.4107496783243123,0.037771244470416174
A,5,A5,2130,APC-EP1-26,APC-EP1,26,7,1787240540,1787228034,3.473888888888889,FALSE,EP,A,3,29.454,APC-EP1_A5,248,8.588709677419354,1.0764298088551751,7.512279868564179,0.2550512619190663
B,2,B2,2997,APC-EP1-26,APC-EP1,26,7,1787240540,1787228034,3.473888888888889,FALSE,EP,A,8,29.24,APC-EP1_B2,211,14.203791469194313,1.0764298088551751,13.127361660339137,0.4489521771661812
B,3,B3,3216,APC-EP1-26,APC-EP1,26,7,1787240540,1787228034,3.473888888888889,FALSE,EP,A,6,54.227,APC-EP1_B3,230,13.982608695652173,1.0764298088551751,12.906178886796997,0.23800281938512177
B,4,B4,840,APC-EP1-26,APC-EP1,26,7,1787240540,1787228034,3.473888888888889,FALSE,EP,A,7,54.952,APC-EP1_B4,283,2.9681978798586575,1.0764298088551751,1.8917680710034823,0.03442582746767146
B,5,B5,3340,APC-EP1-26,APC-EP1,26,7,1787240540,1787228034,3.473888888888889,FALSE,EP,A,5,29.689,APC-EP1_B5,258,12.945736434108527,1.0764298088551751,11.869306625253351,0.399788023350512
C,2,C2,7854,APC-EP1-26,APC-EP1,26,7,1787240540,1787228034,3.473888888888889,FALSE,EP,B,12,77.705,APC-EP1_C2,270,29.08888888888889,1.0764298088551751,28.012459080033715,0.360497510842722
C,3,C3,297,APC-EP1-26,APC-EP1,26,7,1787240540,1787228034,3.473888888888889,FALSE,EP,B,11,21.254,APC-EP1_C3,197,1.5076142131979695,1.0764298088551751,0.43118440434279437,0.020287212023280057
C,4,C4,1074,APC-EP1-26,APC-EP1,26,7,1787240540,1787228034,3.473888888888889,FALSE,EP,B,10,23.661,APC-EP1_C4,195,5.507692307692308,1.0764298088551751,4.431262498837133,0.18728128561079974
C,5,C5,395,APC-EP1-26,APC-EP1,26,7,1787240540,1787228034,3.473888888888889,FALSE,EP,B,9,44.793,APC-EP1_C5,240,1.6458333333333333,1.0764298088551751,0.5694035244781581,0.012711886332198294
D,2,D2,4835,APC-EP1-26,APC-EP1,26,7,1787240540,1787228034,3.473888888888889,FALSE,EP,B,16,44.161,APC-EP1_D2,208,23.245192307692307,1.0764298088551751,22.168762498837133,0.5019986526309896
D,3,D3,392,APC-EP1-26,APC-EP1,26,7,1787240540,1787228034,3.473888888888889,FALSE,EP,B,15,47.71,APC-EP1_D3,220,1.7818181818181817,1.0764298088551751,0.7053883729630066,0.014784916641437992
D,4,D4,349,APC-EP1-26,APC-EP1,26,7,1787240540,1787228034,3.473888888888889,FALSE,EP,B,13,36.655,APC-EP1_D4,207,1.6859903381642511,1.0764298088551751,0.609560529309076,0.016629669330489046
D,5,D5,365,APC-EP1-26,APC-EP1,26,7,1787240540,1787228034,3.473888888888889,FALSE,EP,B,14,41.54,APC-EP1_D5,214,1.705607476635514,1.0764298088551751,0.6291776677803389,0.015146308805496844
A,2,A2,437,APC-EP1-26,APC-EP1,26,8,1787242216,1787228034,3.9394444444444443,FALSE,EP,A,4,43.345,APC-EP1_A2,256,1.70703125,1.0829863652203295,0.6240448847796705,0.014397159644242022
A,3,A3,1048,APC-EP1-26,APC-EP1,26,8,1787242216,1787228034,3.9394444444444443,FALSE,EP,A,1,59.153,APC-EP1_A3,328,3.1951219512195124,1.0829863652203295,2.112135585999183,0.03570631389784428
A,4,A4,1188,APC-EP1-26,APC-EP1,26,8,1787242216,1787228034,3.9394444444444443,FALSE,EP,A,2,63.825,APC-EP1_A4,312,3.8076923076923075,1.0829863652203295,2.724705942471978,0.04269026153500945
A,5,A5,2241,APC-EP1-26,APC-EP1,26,8,1787242216,1787228034,3.9394444444444443,FALSE,EP,A,3,29.454,APC-EP1_A5,248,9.036290322580646,1.0829863652203295,7.953303957360316,0.2700245792544414
B,2,B2,3638,APC-EP1-26,APC-EP1,26,8,1787242216,1787228034,3.9394444444444443,FALSE,EP,A,8,29.24,APC-EP1_B2,211,17.24170616113744,1.0829863652203295,16.15871979591711,0.552623796029997
B,3,B3,3410,APC-EP1-26,APC-EP1,26,8,1787242216,1787228034,3.9394444444444443,FALSE,EP,A,6,54.227,APC-EP1_B3,230,14.826086956521738,1.0829863652203295,13.74310059130141,0.2534364908864848
B,4,B4,914,APC-EP1-26,APC-EP1,26,8,1787242216,1787228034,3.9394444444444443,FALSE,EP,A,7,54.952,APC-EP1_B4,283,3.2296819787985864,1.0829863652203295,2.146695613578257,0.03906492236093785
B,5,B5,3409,APC-EP1-26,APC-EP1,26,8,1787242216,1787228034,3.9394444444444443,FALSE,EP,A,5,29.689,APC-EP1_B5,258,13.213178294573643,1.0829863652203295,12.130191929353312,0.40857529486858135
C,2,C2,7925,APC-EP1-26,APC-EP1,26,8,1787242216,1787228034,3.9394444444444443,FALSE,EP,B,12,77.705,APC-EP1_C2,270,29.35185185185185,1.0829863652203295,28.268865486631523,0.3637972522570172
C,3,C3,312,APC-EP1-26,APC-EP1,26,8,1787242216,1787228034,3.9394444444444443,FALSE,EP,B,11,21.254,APC-EP1_C3,197,1.583756345177665,1.0829863652203295,0.5007699799573355,0.02356121106414489
C,4,C4,1397,APC-EP1-26,APC-EP1,26,8,1787242216,1787228034,3.9394444444444443,FALSE,EP,B,10,23.661,APC-EP1_C4,195,7.164102564102564,1.0829863652203295,6.081116198882235,0.2570101094155883
C,5,C5,421,APC-EP1-26,APC-EP1,26,8,1787242216,1787228034,3.9394444444444443,FALSE,EP,B,9,44.793,APC-EP1_C5,240,1.7541666666666667,1.0829863652203295,0.6711803014463371,0.014984044414224034
D,2,D2,4866,APC-EP1-26,APC-EP1,26,8,1787242216,1787228034,3.9394444444444443,FALSE,EP,B,16,44.161,APC-EP1_D2,208,23.39423076923077,1.0829863652203295,22.31124440401044,0.505225071986831
D,3,D3,421,APC-EP1-26,APC-EP1,26,8,1787242216,1787228034,3.9394444444444443,FALSE,EP,B,15,47.71,APC-EP1_D3,220,1.9136363636363636,1.0829863652203295,0.830649998416034,0.017410396110166298
D,4,D4,358,APC-EP1-26,APC-EP1,26,8,1787242216,1787228034,3.9394444444444443,FALSE,EP,B,13,36.655,APC-EP1_D4,207,1.7294685990338163,1.0829863652203295,0.6464822338134868,0.017636945404814808
D,5,D5,400,APC-EP1-26,APC-EP1,26,8,1787242216,1787228034,3.9394444444444443,FALSE,EP,B,14,41.54,APC-EP1_D5,214,1.8691588785046729,1.0829863652203295,0.7861725132843433,0.018925674368905715
A,2,A2,358,APC-EP2-26,APC-EP2,26,0,1787228096,1787228096,0,FALSE,EP,B,3,47.684,APC-EP2_A2,358,1,1,0,0
A,3,A3,230,APC-EP2-26,APC-EP2,26,0,1787228096,1787228096,0,FALSE,EP,B,5,44.837,APC-EP2_A3,230,1,1,0,0
A,4,A4,190,APC-EP2-26,APC-EP2,26,0,1787228096,1787228096,0,FALSE,EP,C,6,13.775,APC-EP2_A4,190,1,1,0,0
A,5,A5,277,APC-EP2-26,APC-EP2,26,0,1787228096,1787228096,0,FALSE,EP,C,4,31.709,APC-EP2_A5,277,1,1,0,0
B,2,B2,279,APC-EP2-26,APC-EP2,26,0,1787228096,1787228096,0,FALSE,EP,C,10,40.769,APC-EP2_B2,279,1,1,0,0
B,3,B3,387,APC-EP2-26,APC-EP2,26,0,1787228096,1787228096,0,FALSE,EP,C,7,32.504,APC-EP2_B3,387,1,1,0,0
B,4,B4,514,APC-EP2-26,APC-EP2,26,0,1787228096,1787228096,0,FALSE,EP,C,9,26.329,APC-EP2_B4,514,1,1,0,0
B,5,B5,312,APC-EP2-26,APC-EP2,26,0,1787228096,1787228096,0,FALSE,EP,C,8,45.687,APC-EP2_B5,312,1,1,0,0
C,2,C2,251,APC-EP2-26,APC-EP2,26,0,1787228096,1787228096,0,FALSE,EP,C,12,45.734,APC-EP2_C2,251,1,1,0,0
C,3,C3,286,APC-EP2-26,APC-EP2,26,0,1787228096,1787228096,0,FALSE,EP,D,13,49.801,APC-EP2_C3,286,1,1,0,0
C,4,C4,309,APC-EP2-26,APC-EP2,26,0,1787228096,1787228096,0,FALSE,EP,D,15,42.054,APC-EP2_C4,309,1,1,0,0
C,5,C5,993,APC-EP2-26,APC-EP2,26,0,1787228096,1787228096,0,FALSE,EP,D,14,27.716,APC-EP2_C5,993,1,1,0,0
D,2,D2,1597,APC-EP2-26,APC-EP2,26,0,1787228096,1787228096,0,FALSE,EP,D,16,50.522,APC-EP2_D2,1597,1,1,0,0
D,3,D3,322,APC-EP2-26,APC-EP2,26,0,1787228096,1787228096,0,FALSE,EP,D,18,53.73,APC-EP2_D3,322,1,1,0,0
D,4,D4,331,APC-EP2-26,APC-EP2,26,0,1787228096,1787228096,0,FALSE,EP,D,17,22.058,APC-EP2_D4,331,1,1,0,0
D,5,D5,977,APC-EP2-26,APC-EP2,26,0,1787228096,1787228096,0,FALSE,EP,D,19,57.252,APC-EP2_D5,977,1,1,0,0
A,2,A2,359,APC-EP2-26,APC-EP2,26,1,1787229606,1787228096,0.41944444444444445,FALSE,EP,B,3,47.684,APC-EP2_A2,358,1.0027932960893855,1.0062828679865012,-0.0034895718971157397,-7.318119069532211e-5
A,3,A3,244,APC-EP2-26,APC-EP2,26,1,1787229606,1787228096,0.41944444444444445,FALSE,EP,B,5,44.837,APC-EP2_A3,230,1.0608695652173914,1.0062828679865012,0.05458669723089016,0.0012174475819276525
A,4,A4,194,APC-EP2-26,APC-EP2,26,1,1787229606,1787228096,0.41944444444444445,FALSE,EP,C,6,13.775,APC-EP2_A4,190,1.0210526315789474,1.0062828679865012,0.014769763592446195,0.00107221514282731
A,5,A5,690,APC-EP2-26,APC-EP2,26,1,1787229606,1787228096,0.41944444444444445,FALSE,EP,C,4,31.709,APC-EP2_A5,277,2.490974729241877,1.0062828679865012,1.4846918612553759,0.046822411973110975
B,2,B2,293,APC-EP2-26,APC-EP2,26,1,1787229606,1787228096,0.41944444444444445,FALSE,EP,C,10,40.769,APC-EP2_B2,279,1.050179211469534,1.0062828679865012,0.04389634348303284,0.0010767088592566127
B,3,B3,462,APC-EP2-26,APC-EP2,26,1,1787229606,1787228096,0.41944444444444445,FALSE,EP,C,7,32.504,APC-EP2_B3,387,1.193798449612403,1.0062828679865012,0.18751558162590176,0.005769000173083368
B,4,B4,554,APC-EP2-26,APC-EP2,26,1,1787229606,1787228096,0.41944444444444445,FALSE,EP,C,9,26.329,APC-EP2_B4,514,1.0778210116731517,1.0062828679865012,0.07153814368665046,0.002717085483180161
B,5,B5,313,APC-EP2-26,APC-EP2,26,1,1787229606,1787228096,0.41944444444444445,FALSE,EP,C,8,45.687,APC-EP2_B5,312,1.0032051282051282,1.0062828679865012,-0.0030777397813730456,-6.736576665951027e-5
C,2,C2,246,APC-EP2-26,APC-EP2,26,1,1787229606,1787228096,0.41944444444444445,FALSE,EP,C,12,45.734,APC-EP2_C2,251,0.9800796812749004,1.0062828679865012,-0.026203186711600823,-5.729476256527053e-4
C,3,C3,699,APC-EP2-26,APC-EP2,26,1,1787229606,1787228096,0.41944444444444445,FALSE,EP,D,13,49.801,APC-EP2_C3,286,2.444055944055944,1.0062828679865012,1.437773076069443,0.02887036557638286
C,4,C4,323,APC-EP2-26,APC-EP2,26,1,1787229606,1787228096,0.41944444444444445,FALSE,EP,D,15,42.054,APC-EP2_C4,309,1.0453074433656957,1.0062828679865012,0.03902457537919446,9.27963460769355e-4
C,5,C5,1047,APC-EP2-26,APC-EP2,26,1,1787229606,1787228096,0.41944444444444445,FALSE,EP,D,14,27.716,APC-EP2_C5,993,1.054380664652568,1.0062828679865012,0.04809779666606673,0.0017353801654663994
D,2,D2,3208,APC-EP2-26,APC-EP2,26,1,1787229606,1787228096,0.41944444444444445,FALSE,EP,D,16,50.522,APC-EP2_D2,1597,2.0087664370695055,1.0062828679865012,1.0024835690830043,0.019842515519635097
D,3,D3,359,APC-EP2-26,APC-EP2,26,1,1787229606,1787228096,0.41944444444444445,FALSE,EP,D,18,53.73,APC-EP2_D3,322,1.1149068322981366,1.0062828679865012,0.10862396431163535,0.0020216632107134813
D,4,D4,357,APC-EP2-26,APC-EP2,26,1,1787229606,1787228096,0.41944444444444445,FALSE,EP,D,17,22.058,APC-EP2_D4,331,1.0785498489425982,1.0062828679865012,0.07226698095609696,0.0032762254490931618
D,5,D5,1180,APC-EP2-26,APC-EP2,26,1,1787229606,1787228096,0.41944444444444445,FALSE,EP,D,19,57.252,APC-EP2_D5,977,1.2077789150460594,1.0062828679865012,0.20149604705955815,0.00351945865750643
A,2,A2,384,APC-EP2-26,APC-EP2,26,2,1787231662,1787228096,0.9905555555555555,FALSE,EP,B,3,47.684,APC-EP2_A2,358,1.0726256983240223,1.014018744618902,0.05860695370512037,0.00122906957690463
A,3,A3,267,APC-EP2-26,APC-EP2,26,2,1787231662,1787228096,0.9905555555555555,FALSE,EP,B,5,44.837,APC-EP2_A3,230,1.1608695652173913,1.014018744618902,0.1468508205984893,0.0032752151258667907
A,4,A4,200,APC-EP2-26,APC-EP2,26,2,1787231662,1787228096,0.9905555555555555,FALSE,EP,C,6,13.775,APC-EP2_A4,190,1.0526315789473684,1.014018744618902,0.038612834328466406,0.0028031095701246027
A,5,A5,992,APC-EP2-26,APC-EP2,26,2,1787231662,1787228096,0.9905555555555555,FALSE,EP,C,4,31.709,APC-EP2_A5,277,3.5812274368231045,1.014018744618902,2.5672086922042023,0.08096151541216066
B,2,B2,319,APC-EP2-26,APC-EP2,26,2,1787231662,1787228096,0.9905555555555555,FALSE,EP,C,10,40.769,APC-EP2_B2,279,1.1433691756272402,1.014018744618902,0.1293504310083382,0.0031727643800028996
B,3,B3,543,APC-EP2-26,APC-EP2,26,2,1787231662,1787228096,0.9905555555555555,FALSE,EP,C,7,32.504,APC-EP2_B3,387,1.4031007751937985,1.014018744618902,0.38908203057489654,0.011970281521501864
B,4,B4,613,APC-EP2-26,APC-EP2,26,2,1787231662,1787228096,0.9905555555555555,FALSE,EP,C,9,26.329,APC-EP2_B4,514,1.1926070038910506,1.014018744618902,0.1785882592721486,0.006782948812038004
B,5,B5,360,APC-EP2-26,APC-EP2,26,2,1787231662,1787228096,0.9905555555555555,FALSE,EP,C,8,45.687,APC-EP2_B5,312,1.1538461538461537,1.014018744618902,0.1398274092272518,0.0030605513434292424
C,2,C2,275,APC-EP2-26,APC-EP2,26,2,1787231662,1787228096,0.9905555555555555,FALSE,EP,C,12,45.734,APC-EP2_C2,251,1.095617529880478,1.014018744618902,0.08159878526157605,0.0017842039896264496
C,3,C3,1340,APC-EP2-26,APC-EP2,26,2,1787231662,1787228096,0.9905555555555555,FALSE,EP,D,13,49.801,APC-EP2_C3,286,4.685314685314685,1.014018744618902,3.6712959406957832,0.07371932171433873
C,4,C4,371,APC-EP2-26,APC-EP2,26,2,1787231662,1787228096,0.9905555555555555,FALSE,EP,D,15,42.054,APC-EP2_C4,309,1.2006472491909386,1.014018744618902,0.1866285045720366,0.004437830041661592
C,5,C5,1206,APC-EP2-26,APC-EP2,26,2,1787231662,1787228096,0.9905555555555555,FALSE,EP,D,14,27.716,APC-EP2_C5,993,1.2145015105740182,1.014018744618902,0.20048276595511627,0.007233466804557521
D,2,D2,4325,APC-EP2-26,APC-EP2,26,2,1787231662,1787228096,0.9905555555555555,FALSE,EP,D,16,50.522,APC-EP2_D2,1597,2.7082028804007514,1.014018744618902,1.6941841357818495,0.033533592015000384
D,3,D3,426,APC-EP2-26,APC-EP2,26,2,1787231662,1787228096,0.9905555555555555,FALSE,EP,D,18,53.73,APC-EP2_D3,322,1.3229813664596273,1.014018744618902,0.3089626218407253,0.005750281441293976
D,4,D4,406,APC-EP2-26,APC-EP2,26,2,1787231662,1787228096,0.9905555555555555,FALSE,EP,D,17,22.058,APC-EP2_D4,331,1.2265861027190332,1.014018744618902,0.21256735810013128,0.009636746672415054
D,5,D5,1378,APC-EP2-26,APC-EP2,26,2,1787231662,1787228096,0.9905555555555555,FALSE,EP,D,19,57.252,APC-EP2_D5,977,1.4104401228249743,1.014018744618902,0.3964213782060724,0.006924148994027673
A,2,A2,406,APC-EP2-26,APC-EP2,26,3,1787233628,1787228096,1.5366666666666666,FALSE,EP,B,3,47.684,APC-EP2_A2,358,1.1340782122905029,1.0265227418773488,0.10755547041315405,0.0022555882562946493
A,3,A3,285,APC-EP2-26,APC-EP2,26,3,1787233628,1787228096,1.5366666666666666,FALSE,EP,B,5,44.837,APC-EP2_A3,230,1.2391304347826086,1.0265227418773488,0.21260769290525983,0.004741791219422794
A,4,A4,210,APC-EP2-26,APC-EP2,26,3,1787233628,1787228096,1.5366666666666666,FALSE,EP,C,6,13.775,APC-EP2_A4,190,1.105263157894737,1.0265227418773488,0.07874041601738813,0.005716182650990063
A,5,A5,1211,APC-EP2-26,APC-EP2,26,3,1787233628,1787228096,1.5366666666666666,FALSE,EP,C,4,31.709,APC-EP2_A5,277,4.371841155234657,1.0265227418773488,3.345318413357308,0.10550059646653343
B,2,B2,346,APC-EP2-26,APC-EP2,26,3,1787233628,1787228096,1.5366666666666666,FALSE,EP,C,10,40.769,APC-EP2_B2,279,1.2401433691756272,1.0265227418773488,0.21362062729827835,0.005239780894755288
B,3,B3,611,APC-EP2-26,APC-EP2,26,3,1787233628,1787228096,1.5366666666666666,FALSE,EP,C,7,32.504,APC-EP2_B3,387,1.578811369509044,1.0265227418773488,0.5522886276316952,0.016991404984977088
B,4,B4,722,APC-EP2-26,APC-EP2,26,3,1787233628,1787228096,1.5366666666666666,FALSE,EP,C,9,26.329,APC-EP2_B4,514,1.404669260700389,1.0265227418773488,0.3781465188230402,0.014362357811654076
B,5,B5,405,APC-EP2-26,APC-EP2,26,3,1787233628,1787228096,1.5366666666666666,FALSE,EP,C,8,45.687,APC-EP2_B5,312,1.2980769230769231,1.0265227418773488,0.2715541811995743,0.005943795416629989
C,2,C2,316,APC-EP2-26,APC-EP2,26,3,1787233628,1787228096,1.5366666666666666,FALSE,EP,C,12,45.734,APC-EP2_C2,251,1.2589641434262948,1.0265227418773488,0.232441401548946,0.0050824638463494555
C,3,C3,1605,APC-EP2-26,APC-EP2,26,3,1787233628,1787228096,1.5366666666666666,FALSE,EP,D,13,49.801,APC-EP2_C3,286,5.611888111888112,1.0265227418773488,4.585365370010763,0.09207376096887136
C,4,C4,418,APC-EP2-26,APC-EP2,26,3,1787233628,1787228096,1.5366666666666666,FALSE,EP,D,15,42.054,APC-EP2_C4,309,1.3527508090614886,1.0265227418773488,0.32622806718413977,0.007757361182863455
C,5,C5,1303,APC-EP2-26,APC-EP2,26,3,1787233628,1787228096,1.5366666666666666,FALSE,EP,D,14,27.716,APC-EP2_C5,993,1.312185297079557,1.0265227418773488,0.28566255520220807,0.010306774253218649
D,2,D2,4724,APC-EP2-26,APC-EP2,26,3,1787233628,1787228096,1.5366666666666666,FALSE,EP,D,16,50.522,APC-EP2_D2,1597,2.958046336881653,1.0265227418773488,1.9315235950043044,0.03823133674447378
D,3,D3,484,APC-EP2-26,APC-EP2,26,3,1787233628,1787228096,1.5366666666666666,FALSE,EP,D,18,53.73,APC-EP2_D3,322,1.5031055900621118,1.0265227418773488,0.47658284818476293,0.008869958090168675
D,4,D4,460,APC-EP2-26,APC-EP2,26,3,1787233628,1787228096,1.5366666666666666,FALSE,EP,D,17,22.058,APC-EP2_D4,331,1.3897280966767371,1.0265227418773488,0.3632053547993883,0.016465924145407033
D,5,D5,1498,APC-EP2-26,APC-EP2,26,3,1787233628,1787228096,1.5366666666666666,FALSE,EP,D,19,57.252,APC-EP2_D5,977,1.5332650972364381,1.0265227418773488,0.5067423553590893,0.008851085645201727
A,2,A2,449,APC-EP2-26,APC-EP2,26,4,1787235459,1787228096,2.0452777777777778,FALSE,EP,B,3,47.684,APC-EP2_A2,358,1.2541899441340782,1.0312361772714074,0.22295376686267088,0.004675651515449016
A,3,A3,316,APC-EP2-26,APC-EP2,26,4,1787235459,1787228096,2.0452777777777778,FALSE,EP,B,5,44.837,APC-EP2_A3,230,1.373913043478261,1.0312361772714074,0.34267686620685356,0.007642725120031526
A,4,A4,215,APC-EP2-26,APC-EP2,26,4,1787235459,1787228096,2.0452777777777778,FALSE,EP,C,6,13.775,APC-EP2_A4,190,1.131578947368421,1.0312361772714074,0.10034277009701364,0.0072844116222877415
A,5,A5,1407,APC-EP2-26,APC-EP2,26,4,1787235459,1787228096,2.0452777777777778,FALSE,EP,C,4,31.709,APC-EP2_A5,277,5.07942238267148,1.0312361772714074,4.048186205400073,0.12766678877921325
B,2,B2,372,APC-EP2-26,APC-EP2,26,4,1787235459,1787228096,2.0452777777777778,FALSE,EP,C,10,40.769,APC-EP2_B2,279,1.3333333333333333,1.0312361772714074,0.3020971560619259,0.007409972186267161
B,3,B3,692,APC-EP2-26,APC-EP2,26,4,1787235459,1787228096,2.0452777777777778,FALSE,EP,C,7,32.504,APC-EP2_B3,387,1.7881136950904393,1.0312361772714074,0.7568775178190319,0.023285673080821804
B,4,B4,781,APC-EP2-26,APC-EP2,26,4,1787235459,1787228096,2.0452777777777778,FALSE,EP,C,9,26.329,APC-EP2_B4,514,1.5194552529182879,1.0312361772714074,0.4882190756468805,0.018543016280408692
B,5,B5,446,APC-EP2-26,APC-EP2,26,4,1787235459,1787228096,2.0452777777777778,FALSE,EP,C,8,45.687,APC-EP2_B5,312,1.4294871794871795,1.0312361772714074,0.39825100221577214,0.008716943599180777
C,2,C2,332,APC-EP2-26,APC-EP2,26,4,1787235459,1787228096,2.0452777777777778,FALSE,EP,C,12,45.734,APC-EP2_C2,251,1.3227091633466135,1.0312361772714074,0.2914729860752061,0.006373223117925528
C,3,C3,1769,APC-EP2-26,APC-EP2,26,4,1787235459,1787228096,2.0452777777777778,FALSE,EP,D,13,49.801,APC-EP2_C3,286,6.185314685314685,1.0312361772714074,5.154078508043278,0.10349347418813433
C,4,C4,464,APC-EP2-26,APC-EP2,26,4,1787235459,1787228096,2.0452777777777778,FALSE,EP,D,15,42.054,APC-EP2_C4,309,1.5016181229773462,1.0312361772714074,0.47038194570593883,0.011185189178340677
C,5,C5,1437,APC-EP2-26,APC-EP2,26,4,1787235459,1787228096,2.0452777777777778,FALSE,EP,D,14,27.716,APC-EP2_C5,993,1.447129909365559,1.0312361772714074,0.4158937320941516,0.015005546691230755
D,2,D2,5161,APC-EP2-26,APC-EP2,26,4,1787235459,1787228096,2.0452777777777778,FALSE,EP,D,16,50.522,APC-EP2_D2,1597,3.231684408265498,1.0312361772714074,2.2004482309940903,0.04355425816464294
D,3,D3,543,APC-EP2-26,APC-EP2,26,4,1787235459,1787228096,2.0452777777777778,FALSE,EP,D,18,53.73,APC-EP2_D3,322,1.686335403726708,1.0312361772714074,0.6550992264553006,0.012192429303095118
D,4,D4,500,APC-EP2-26,APC-EP2,26,4,1787235459,1787228096,2.0452777777777778,FALSE,EP,D,17,22.058,APC-EP2_D4,331,1.5105740181268883,1.0312361772714074,0.4793378408554809,0.021730793401735466
D,5,D5,1625,APC-EP2-26,APC-EP2,26,4,1787235459,1787228096,2.0452777777777778,FALSE,EP,D,19,57.252,APC-EP2_D5,977,1.6632548618219039,1.0312361772714074,0.6320186845504965,0.011039242027361427
A,2,A2,495,APC-EP2-26,APC-EP2,26,5,1787237079,1787228096,2.495277777777778,FALSE,EP,B,3,47.684,APC-EP2_A2,358,1.3826815642458101,1.0397984028786962,0.34288316136711394,0.007190738221774892
A,3,A3,351,APC-EP2-26,APC-EP2,26,5,1787237079,1787228096,2.495277777777778,FALSE,EP,B,5,44.837,APC-EP2_A3,230,1.5260869565217392,1.0397984028786962,0.486288553643043,0.010845697830877243
A,4,A4,224,APC-EP2-26,APC-EP2,26,5,1787237079,1787228096,2.495277777777778,FALSE,EP,C,6,13.775,APC-EP2_A4,190,1.1789473684210525,1.0397984028786962,0.13914896554235634,0.010101558297085759
A,5,A5,1452,APC-EP2-26,APC-EP2,26,5,1787237079,1787228096,2.495277777777778,FALSE,EP,C,4,31.709,APC-EP2_A5,277,5.241877256317689,1.0397984028786962,4.2020788534389935,0.13252006854328405
B,2,B2,407,APC-EP2-26,APC-EP2,26,5,1787237079,1787228096,2.495277777777778,FALSE,EP,C,10,40.769,APC-EP2_B2,279,1.4587813620071686,1.0397984028786962,0.4189829591284724,0.010276998678615428
B,3,B3,777,APC-EP2-26,APC-EP2,26,5,1787237079,1787228096,2.495277777777778,FALSE,EP,C,7,32.504,APC-EP2_B3,387,2.007751937984496,1.0397984028786962,0.9679535351058,0.0297795205238063
B,4,B4,891,APC-EP2-26,APC-EP2,26,5,1787237079,1787228096,2.495277777777778,FALSE,EP,C,9,26.329,APC-EP2_B4,514,1.7334630350194553,1.0397984028786962,0.6936646321407591,0.02634603031413115
B,5,B5,490,APC-EP2-26,APC-EP2,26,5,1787237079,1787228096,2.495277777777778,FALSE,EP,C,8,45.687,APC-EP2_B5,312,1.5705128205128205,1.0397984028786962,0.5307144176341243,0.011616311371596392
C,2,C2,377,APC-EP2-26,APC-EP2,26,5,1787237079,1787228096,2.495277777777778,FALSE,EP,C,12,45.734,APC-EP2_C2,251,1.50199203187251,1.0397984028786962,0.4621936289938138,0.010106127366812738
C,3,C3,1825,APC-EP2-26,APC-EP2,26,5,1787237079,1787228096,2.495277777777778,FALSE,EP,D,13,49.801,APC-EP2_C3,286,6.381118881118881,1.0397984028786962,5.341320478240185,0.10725327760969026
C,4,C4,510,APC-EP2-26,APC-EP2,26,5,1787237079,1787228096,2.495277777777778,FALSE,EP,D,15,42.054,APC-EP2_C4,309,1.6504854368932038,1.0397984028786962,0.6106870340145076,0.014521496980418215
C,5,C5,1602,APC-EP2-26,APC-EP2,26,5,1787237079,1787228096,2.495277777777778,FALSE,EP,D,14,27.716,APC-EP2_C5,993,1.6132930513595165,1.0397984028786962,0.5734946484808203,0.02069182596625849
D,2,D2,5594,APC-EP2-26,APC-EP2,26,5,1787237079,1787228096,2.495277777777778,FALSE,EP,D,16,50.522,APC-EP2_D2,1597,3.5028177833437697,1.0397984028786962,2.4630193804650737,0.04875142275573164
D,3,D3,586,APC-EP2-26,APC-EP2,26,5,1787237079,1787228096,2.495277777777778,FALSE,EP,D,18,53.73,APC-EP2_D3,322,1.8198757763975155,1.0397984028786962,0.7800773735188193,0.014518469635563361
D,4,D4,566,APC-EP2-26,APC-EP2,26,5,1787237079,1787228096,2.495277777777778,FALSE,EP,D,17,22.058,APC-EP2_D4,331,1.7099697885196374,1.0397984028786962,0.6701713856409413,0.03038223708590721
D,5,D5,1747,APC-EP2-26,APC-EP2,26,5,1787237079,1787228096,2.495277777777778,FALSE,EP,D,19,57.252,APC-EP2_D5,977,1.7881269191402251,1.0397984028786962,0.748328516261529,0.013070783837447232
A,2,A2,532,APC-EP2-26,APC-EP2,26,6,1787238943,1787228096,3.0130555555555554,FALSE,EP,B,3,47.684,APC-EP2_A2,358,1.4860335195530727,1.0467927286702006,0.43924079088287216,0.009211492133270535
A,3,A3,388,APC-EP2-26,APC-EP2,26,6,1787238943,1787228096,3.0130555555555554,FALSE,EP,B,5,44.837,APC-EP2_A3,230,1.6869565217391305,1.0467927286702006,0.6401637930689299,0.01427757863079443
A,4,A4,228,APC-EP2-26,APC-EP2,26,6,1787238943,1787228096,3.0130555555555554,FALSE,EP,C,6,13.775,APC-EP2_A4,190,1.2,1.0467927286702006,0.1532072713297994,0.011122124960421007
A,5,A5,1557,APC-EP2-26,APC-EP2,26,6,1787238943,1787228096,3.0130555555555554,FALSE,EP,C,4,31.709,APC-EP2_A5,277,5.620938628158845,1.0467927286702006,4.574145899488644,0.14425386797088033
B,2,B2,440,APC-EP2-26,APC-EP2,26,6,1787238943,1787228096,3.0130555555555554,FALSE,EP,C,10,40.769,APC-EP2_B2,279,1.5770609318996416,1.0467927286702006,0.530268203229441,0.013006652192338321
B,3,B3,863,APC-EP2-26,APC-EP2,26,6,1787238943,1787228096,3.0130555555555554,FALSE,EP,C,7,32.504,APC-EP2_B3,387,2.2299741602067185,1.0467927286702006,1.183181431536518,0.036401102373139246
B,4,B4,1006,APC-EP2-26,APC-EP2,26,6,1787238943,1787228096,3.0130555555555554,FALSE,EP,C,9,26.329,APC-EP2_B4,514,1.9571984435797665,1.0467927286702006,0.9104057149095659,0.03457805898095506
B,5,B5,546,APC-EP2-26,APC-EP2,26,6,1787238943,1787228096,3.0130555555555554,FALSE,EP,C,8,45.687,APC-EP2_B5,312,1.75,1.0467927286702006,0.7032072713297994,0.015391846068461477
C,2,C2,396,APC-EP2-26,APC-EP2,26,6,1787238943,1787228096,3.0130555555555554,FALSE,EP,C,12,45.734,APC-EP2_C2,251,1.5776892430278884,1.0467927286702006,0.5308965143576878,0.011608355148416665
C,3,C3,1937,APC-EP2-26,APC-EP2,26,6,1787238943,1787228096,3.0130555555555554,FALSE,EP,D,13,49.801,APC-EP2_C3,286,6.7727272727272725,1.0467927286702006,5.725934544057072,0.11497629654137612
C,4,C4,582,APC-EP2-26,APC-EP2,26,6,1787238943,1787228096,3.0130555555555554,FALSE,EP,D,15,42.054,APC-EP2_C4,309,1.883495145631068,1.0467927286702006,0.8367024169608674,0.019895905667971357
C,5,C5,1801,APC-EP2-26,APC-EP2,26,6,1787238943,1787228096,3.0130555555555554,FALSE,EP,D,14,27.716,APC-EP2_C5,993,1.8136958710976838,1.0467927286702006,0.7669031424274833,0.027670051321528475
D,2,D2,5949,APC-EP2-26,APC-EP2,26,6,1787238943,1787228096,3.0130555555555554,FALSE,EP,D,16,50.522,APC-EP2_D2,1597,3.7251095804633687,1.0467927286702006,2.678316851793168,0.05301288254212359
D,3,D3,625,APC-EP2-26,APC-EP2,26,6,1787238943,1787228096,3.0130555555555554,FALSE,EP,D,18,53.73,APC-EP2_D3,322,1.9409937888198758,1.0467927286702006,0.8942010601496753,0.016642491348402667
D,4,D4,665,APC-EP2-26,APC-EP2,26,6,1787238943,1787228096,3.0130555555555554,FALSE,EP,D,17,22.058,APC-EP2_D4,331,2.009063444108761,1.0467927286702006,0.9622707154385606,0.043624567750410764
D,5,D5,1818,APC-EP2-26,APC-EP2,26,6,1787238943,1787228096,3.0130555555555554,FALSE,EP,D,19,57.252,APC-EP2_D5,977,1.8607983623336746,1.0467927286702006,0.814005633663474,0.014217942319280967
A,2,A2,578,APC-EP2-26,APC-EP2,26,7,1787240592,1787228096,3.471111111111111,FALSE,EP,B,3,47.684,APC-EP2_A2,358,1.6145251396648044,1.0515306786653078,0.5629944609994966,0.011806779234114098
A,3,A3,407,APC-EP2-26,APC-EP2,26,7,1787240592,1787228096,3.471111111111111,FALSE,EP,B,5,44.837,APC-EP2_A3,230,1.7695652173913043,1.0515306786653078,0.7180345387259965,0.016014330546780482
A,4,A4,235,APC-EP2-26,APC-EP2,26,7,1787240592,1787228096,3.471111111111111,FALSE,EP,C,6,13.775,APC-EP2_A4,190,1.236842105263158,1.0515306786653078,0.18531142659785016,0.013452735143219612
A,5,A5,1684,APC-EP2-26,APC-EP2,26,7,1787240592,1787228096,3.471111111111111,FALSE,EP,C,4,31.709,APC-EP2_A5,277,6.07942238267148,1.0515306786653078,5.027891704006173,0.1585635530608399
B,2,B2,493,APC-EP2-26,APC-EP2,26,7,1787240592,1787228096,3.471111111111111,FALSE,EP,C,10,40.769,APC-EP2_B2,279,1.7670250896057347,1.0515306786653078,0.7154944109404269,0.017549962249268487
B,3,B3,954,APC-EP2-26,APC-EP2,26,7,1787240592,1787228096,3.471111111111111,FALSE,EP,C,7,32.504,APC-EP2_B3,387,2.4651162790697674,1.0515306786653078,1.4135856004044596,0.04348958898610816
B,4,B4,1110,APC-EP2-26,APC-EP2,26,7,1787240592,1787228096,3.471111111111111,FALSE,EP,C,9,26.329,APC-EP2_B4,514,2.159533073929961,1.0515306786653078,1.1080023952646532,0.04208296537144036
B,5,B5,583,APC-EP2-26,APC-EP2,26,7,1787240592,1787228096,3.471111111111111,FALSE,EP,C,8,45.687,APC-EP2_B5,312,1.8685897435897436,1.0515306786653078,0.8170590649244358,0.01788384146309532
C,2,C2,432,APC-EP2-26,APC-EP2,26,7,1787240592,1787228096,3.471111111111111,FALSE,EP,C,12,45.734,APC-EP2_C2,251,1.7211155378486056,1.0515306786653078,0.6695848591832978,0.014640854925947824
C,3,C3,1978,APC-EP2-26,APC-EP2,26,7,1787240592,1787228096,3.471111111111111,FALSE,EP,D,13,49.801,APC-EP2_C3,286,6.916083916083916,1.0515306786653078,5.864553237418608,0.11775974854759158
C,4,C4,623,APC-EP2-26,APC-EP2,26,7,1787240592,1787228096,3.471111111111111,FALSE,EP,D,15,42.054,APC-EP2_C4,309,2.016181229773463,1.0515306786653078,0.9646505511081551,0.02293837806411174
C,5,C5,2020,APC-EP2-26,APC-EP2,26,7,1787240592,1787228096,3.471111111111111,FALSE,EP,D,14,27.716,APC-EP2_C5,993,2.0342396777442096,1.0515306786653078,0.9827089990789017,0.03545637895363334
D,2,D2,6246,APC-EP2-26,APC-EP2,26,7,1787240592,1787228096,3.471111111111111,FALSE,EP,D,16,50.522,APC-EP2_D2,1597,3.9110832811521603,1.0515306786653078,2.8595526024868523,0.05660014652006754
D,3,D3,698,APC-EP2-26,APC-EP2,26,7,1787240592,1787228096,3.471111111111111,FALSE,EP,D,18,53.73,APC-EP2_D3,322,2.1677018633540373,1.0515306786653078,1.1161711846887294,0.02077370527989446
D,4,D4,796,APC-EP2-26,APC-EP2,26,7,1787240592,1787228096,3.471111111111111,FALSE,EP,D,17,22.058,APC-EP2_D4,331,2.404833836858006,1.0515306786653078,1.3533031581926982,0.06135203364732515
D,5,D5,1918,APC-EP2-26,APC-EP2,26,7,1787240592,1787228096,3.471111111111111,FALSE,EP,D,19,57.252,APC-EP2_D5,977,1.9631525076765608,1.0515306786653078,0.911621829011253,0.015922969136645933
A,2,A2,615,APC-EP2-26,APC-EP2,26,8,1787242267,1787228096,3.9363888888888887,FALSE,EP,B,3,47.684,APC-EP2_A2,358,1.717877094972067,1.0562101308373688,0.6616669641346982,0.013876079274697974
A,3,A3,429,APC-EP2-26,APC-EP2,26,8,1787242267,1787228096,3.9363888888888887,FALSE,EP,B,5,44.837,APC-EP2_A3,230,1.8652173913043477,1.0562101308373688,0.8090072604669789,0.018043295949037152
A,4,A4,241,APC-EP2-26,APC-EP2,26,8,1787242267,1787228096,3.9363888888888887,FALSE,EP,C,6,13.775,APC-EP2_A4,190,1.268421052631579,1.0562101308373688,0.21221092179421008,0.015405511564007992
A,5,A5,1765,APC-EP2-26,APC-EP2,26,8,1787242267,1787228096,3.9363888888888887,FALSE,EP,C,4,31.709,APC-EP2_A5,277,6.371841155234657,1.0562101308373688,5.315631024397288,0.1676379269102554
B,2,B2,537,APC-EP2-26,APC-EP2,26,8,1787242267,1787228096,3.9363888888888887,FALSE,EP,C,10,40.769,APC-EP2_B2,279,1.924731182795699,1.0562101308373688,0.8685210519583302,0.02130346714313155
B,3,B3,1034,APC-EP2-26,APC-EP2,26,8,1787242267,1787228096,3.9363888888888887,FALSE,EP,C,7,32.504,APC-EP2_B3,387,2.6718346253229974,1.0562101308373688,1.6156244944856286,0.049705405318903176
B,4,B4,1229,APC-EP2-26,APC-EP2,26,8,1787242267,1787228096,3.9363888888888887,FALSE,EP,C,9,26.329,APC-EP2_B4,514,2.3910505836575875,1.0562101308373688,1.3348404528202187,0.05069848656691172
B,5,B5,628,APC-EP2-26,APC-EP2,26,8,1787242267,1787228096,3.9363888888888887,FALSE,EP,C,8,45.687,APC-EP2_B5,312,2.0128205128205128,1.0562101308373688,0.956610381983144,0.020938349683348526
C,2,C2,454,APC-EP2-26,APC-EP2,26,8,1787242267,1787228096,3.9363888888888887,FALSE,EP,C,12,45.734,APC-EP2_C2,251,1.8087649402390438,1.0562101308373688,0.752554809401675,0.016455040219566952
C,3,C3,2030,APC-EP2-26,APC-EP2,26,8,1787242267,1787228096,3.9363888888888887,FALSE,EP,D,13,49.801,APC-EP2_C3,286,7.0979020979020975,1.0562101308373688,6.041691967064729,0.12131667972660647
C,4,C4,674,APC-EP2-26,APC-EP2,26,8,1787242267,1787228096,3.9363888888888887,FALSE,EP,D,15,42.054,APC-EP2_C4,309,2.1812297734627832,1.0562101308373688,1.1250196426254144,0.026751786812798172
C,5,C5,2215,APC-EP2-26,APC-EP2,26,8,1787242267,1787228096,3.9363888888888887,FALSE,EP,D,14,27.716,APC-EP2_C5,993,2.230614300100705,1.0562101308373688,1.174404169263336,0.042372787172150955
D,2,D2,6400,APC-EP2-26,APC-EP2,26,8,1787242267,1787228096,3.9363888888888887,FALSE,EP,D,16,50.522,APC-EP2_D2,1597,4.007514088916719,1.0562101308373688,2.9513039580793503,0.05841621388859013
D,3,D3,743,APC-EP2-26,APC-EP2,26,8,1787242267,1787228096,3.9363888888888887,FALSE,EP,D,18,53.73,APC-EP2_D3,322,2.3074534161490683,1.0562101308373688,1.2512432853116995,0.023287610000217746
D,4,D4,889,APC-EP2-26,APC-EP2,26,8,1787242267,1787228096,3.9363888888888887,FALSE,EP,D,17,22.058,APC-EP2_D4,331,2.685800604229607,1.0562101308373688,1.6295904733922384,0.07387752622142707
D,5,D5,2033,APC-EP2-26,APC-EP2,26,8,1787242267,1787228096,3.9363888888888887,FALSE,EP,D,19,57.252,APC-EP2_D5,977,2.08085977482088,1.0562101308373688,1.0246496439835113,0.01789718514608243
