#,Date-Time (PDT),"Temperature , °C"
1,07/12/2026 21:25:55,22.938
2,07/12/2026 21:40:55,22.498
3,07/12/2026 21:55:55,21.887
4,07/12/2026 22:10:55,21.512
5,07/12/2026 22:25:55,21.254
6,07/12/2026 22:40:55,21.072
7,07/12/2026 22:55:55,20.922
8,07/12/2026 23:10:55,20.804
9,07/12/2026 23:25:55,20.697
10,07/12/2026 23:40:55,20.622
11,07/12/2026 23:55:55,20.547
12,07/13/2026 00:10:55,20.471
13,07/13/2026 00:25:55,20.396
14,07/13/2026 00:40:55,20.321
15,07/13/2026 00:55:55,20.246
16,07/13/2026 01:10:55,20.118
17,07/13/2026 01:25:55,19.978
18,07/13/2026 01:40:55,19.849
19,07/13/2026 01:55:55,19.689
20,07/13/2026 02:10:55,19.538
21,07/13/2026 02:25:55,19.388
22,07/13/2026 02:40:55,19.249
23,07/13/2026 02:55:55,19.120
24,07/13/2026 03:10:55,18.991
25,07/13/2026 03:25:55,18.863
26,07/13/2026 03:40:55,18.734
27,07/13/2026 03:55:55,18.605
28,07/13/2026 04:10:55,18.477
29,07/13/2026 04:25:55,18.359
30,07/13/2026 04:40:55,18.241
31,07/13/2026 04:55:55,18.123
32,07/13/2026 05:10:55,18.015
33,07/13/2026 05:25:55,17.897
34,07/13/2026 05:40:55,17.801
35,07/13/2026 05:55:55,17.694
36,07/13/2026 06:10:55,17.608
37,07/13/2026 06:25:55,16.632
38,07/13/2026 06:40:55,16.256
39,07/13/2026 06:55:55,15.774
40,07/13/2026 07:10:55,16.546
41,07/13/2026 07:25:55,17.286
42,07/13/2026 07:40:55,17.833
43,07/13/2026 07:55:55,17.833
44,07/13/2026 08:10:55,19.045
45,07/13/2026 08:25:55,20.278
46,07/13/2026 08:40:55,20.600
47,07/13/2026 08:55:55,20.718
48,07/13/2026 09:10:55,20.375
49,07/13/2026 09:25:55,20.622
50,07/13/2026 09:40:55,22.134
51,07/13/2026 09:55:55,22.445
52,07/13/2026 10:10:55,21.962
53,07/13/2026 10:25:55,21.576
54,07/13/2026 10:40:55,21.297
55,07/13/2026 10:55:55,21.147
56,07/13/2026 11:10:55,21.093
57,07/13/2026 11:25:55,21.104
58,07/13/2026 11:40:55,21.179
59,07/13/2026 11:55:55,26.381
60,07/13/2026 12:10:55,29.062
61,07/13/2026 12:25:55,30.242
62,07/13/2026 12:40:55,31.647
63,07/13/2026 12:55:55,30.896
64,07/13/2026 13:10:55,31.239
65,07/13/2026 13:25:55,31.014
66,07/13/2026 13:40:55,31.851
67,07/13/2026 13:55:55,33.803
68,07/13/2026 14:10:55,27.325
69,07/13/2026 14:25:55,28.194
70,07/13/2026 14:40:55,24.751
71,07/13/2026 14:55:55,19.678
72,07/13/2026 15:10:55,18.219
73,07/13/2026 15:25:55,17.458
74,07/13/2026 15:40:55,17.200
75,07/13/2026 15:55:55,16.846
76,07/13/2026 16:10:55,16.503
77,07/13/2026 16:25:55,16.396
78,07/13/2026 16:40:55,16.289
79,07/13/2026 16:55:55,16.171
80,07/13/2026 17:10:55,16.021
81,07/13/2026 17:25:55,15.881
82,07/13/2026 17:40:55,15.838
83,07/13/2026 17:55:55,15.881
84,07/13/2026 18:10:55,16.042
85,07/13/2026 18:25:55,16.053
86,07/13/2026 18:40:55,16.096
87,07/13/2026 18:55:55,15.956
88,07/13/2026 19:10:55,15.860
89,07/13/2026 19:25:55,15.903
90,07/13/2026 19:40:55,15.913
91,07/13/2026 19:55:55,15.913
92,07/13/2026 20:10:55,15.999
93,07/13/2026 20:25:55,16.053
94,07/13/2026 20:40:55,16.106
95,07/13/2026 20:55:55,16.138
96,07/13/2026 21:10:55,16.138
97,07/13/2026 21:25:55,16.063
98,07/13/2026 21:40:55,15.913
99,07/13/2026 21:55:55,15.881
100,07/13/2026 22:10:55,15.849
101,07/13/2026 22:25:55,15.849
102,07/13/2026 22:40:55,15.849
103,07/13/2026 22:55:55,15.849
104,07/13/2026 23:10:55,15.806
105,07/13/2026 23:25:55,15.699
106,07/13/2026 23:40:55,15.752
107,07/13/2026 23:55:55,15.720
108,07/14/2026 00:10:55,15.656
109,07/14/2026 00:25:55,15.624
110,07/14/2026 00:40:55,15.592
111,07/14/2026 00:55:55,15.538
112,07/14/2026 01:10:55,15.506
113,07/14/2026 01:25:55,15.581
114,07/14/2026 01:40:55,15.709
115,07/14/2026 01:55:55,15.742
116,07/14/2026 02:10:55,15.709
117,07/14/2026 02:25:55,15.613
118,07/14/2026 02:40:55,15.452
119,07/14/2026 02:55:55,15.388
120,07/14/2026 03:10:55,15.173
121,07/14/2026 03:25:55,15.066
122,07/14/2026 03:40:55,15.055
123,07/14/2026 03:55:55,15.055
124,07/14/2026 04:10:55,15.098
125,07/14/2026 04:25:55,15.023
126,07/14/2026 04:40:55,15.023
127,07/14/2026 04:55:55,15.109
128,07/14/2026 05:10:55,14.969
129,07/14/2026 05:25:55,14.959
130,07/14/2026 05:40:55,14.969
131,07/14/2026 05:55:55,15.012
132,07/14/2026 06:10:55,15.120
133,07/14/2026 06:25:55,15.248
134,07/14/2026 06:40:55,15.280
135,07/14/2026 06:55:55,15.313
136,07/14/2026 07:10:55,15.377
137,07/14/2026 07:25:55,15.398
138,07/14/2026 07:40:55,15.484
139,07/14/2026 07:55:55,15.602
140,07/14/2026 08:10:55,16.128
141,07/14/2026 08:25:55,17.007
142,07/14/2026 08:40:55,17.897
143,07/14/2026 08:55:55,19.034
144,07/14/2026 09:10:55,20.343
145,07/14/2026 09:25:55,21.587
146,07/14/2026 09:40:55,23.088
147,07/14/2026 09:55:55,24.397
148,07/14/2026 10:10:55,25.952
149,07/14/2026 10:25:55,27.110
150,07/14/2026 10:40:55,28.494
151,07/14/2026 10:55:55,29.920
152,07/14/2026 11:10:55,31.540
153,07/14/2026 11:25:55,32.859
154,07/14/2026 11:40:55,34.060
155,07/14/2026 11:55:55,35.015
156,07/14/2026 12:10:55,35.873
157,07/14/2026 12:25:55,36.387
158,07/14/2026 12:40:55,36.312
159,07/14/2026 12:55:55,36.162
160,07/14/2026 13:10:55,35.744
161,07/14/2026 13:25:55,36.130
162,07/14/2026 13:40:55,36.001
163,07/14/2026 13:55:55,36.270
164,07/14/2026 14:10:55,36.076
165,07/14/2026 14:25:55,36.409
166,07/14/2026 14:40:55,36.731
167,07/14/2026 14:55:55,37.621
168,07/14/2026 15:10:55,38.275
169,07/14/2026 15:25:55,29.094
170,07/14/2026 15:40:55,21.522
171,07/14/2026 15:55:55,19.721
172,07/14/2026 16:10:55,18.637
173,07/14/2026 16:25:55,17.919
174,07/14/2026 16:40:55,17.136
175,07/14/2026 16:55:55,16.932
176,07/14/2026 17:10:55,16.718
177,07/14/2026 17:25:55,16.568
178,07/14/2026 17:40:55,16.289
179,07/14/2026 17:55:55,16.267
180,07/14/2026 18:10:55,16.117
181,07/14/2026 18:25:55,16.085
182,07/14/2026 18:40:55,15.967
183,07/14/2026 18:55:55,15.999
184,07/14/2026 19:10:55,16.214
185,07/14/2026 19:25:55,16.214
186,07/14/2026 19:40:55,16.053
187,07/14/2026 19:55:55,15.913
188,07/14/2026 20:10:55,15.699
189,07/14/2026 20:25:55,15.645
190,07/14/2026 20:40:55,15.592
191,07/14/2026 20:55:55,15.667
192,07/14/2026 21:10:55,15.581
193,07/14/2026 21:25:55,15.527
194,07/14/2026 21:40:55,15.420
195,07/14/2026 21:55:55,15.474
196,07/14/2026 22:10:55,15.388
197,07/14/2026 22:25:55,15.441
198,07/14/2026 22:40:55,15.516
199,07/14/2026 22:55:55,15.592
200,07/14/2026 23:10:55,15.688
201,07/14/2026 23:25:55,15.806
202,07/14/2026 23:40:55,15.763
203,07/14/2026 23:55:55,15.699
204,07/15/2026 00:10:55,15.613
205,07/15/2026 00:25:55,15.441
206,07/15/2026 00:40:55,15.431
207,07/15/2026 00:55:55,15.452
208,07/15/2026 01:10:55,15.377
209,07/15/2026 01:25:55,15.302
210,07/15/2026 01:40:55,15.280
211,07/15/2026 01:55:55,15.302
212,07/15/2026 02:10:55,15.216
213,07/15/2026 02:25:55,15.109
214,07/15/2026 02:40:55,15.077
215,07/15/2026 02:55:55,15.023
216,07/15/2026 03:10:55,14.937
217,07/15/2026 03:25:55,14.809
218,07/15/2026 03:40:55,14.830
219,07/15/2026 03:55:55,14.873
220,07/15/2026 04:10:55,14.884
221,07/15/2026 04:25:55,14.927
222,07/15/2026 04:40:55,14.937
223,07/15/2026 04:55:55,14.937
224,07/15/2026 05:10:55,14.959
225,07/15/2026 05:25:55,14.916
226,07/15/2026 05:40:55,14.894
227,07/15/2026 05:55:55,14.927
228,07/15/2026 06:10:55,15.002
229,07/15/2026 06:25:55,15.045
230,07/15/2026 06:40:55,15.034
231,07/15/2026 06:55:55,15.034
232,07/15/2026 07:10:55,15.109
233,07/15/2026 07:25:55,15.087
234,07/15/2026 07:40:55,15.163
235,07/15/2026 07:55:55,15.270
236,07/15/2026 08:10:55,15.334
237,07/15/2026 08:25:55,15.420
238,07/15/2026 08:40:55,15.527
239,07/15/2026 08:55:55,15.817
240,07/15/2026 09:10:55,17.533
241,07/15/2026 09:25:55,20.118
242,07/15/2026 09:40:55,21.941
243,07/15/2026 09:55:55,23.378
244,07/15/2026 10:10:55,24.719
245,07/15/2026 10:25:55,26.381
246,07/15/2026 10:40:55,28.108
247,07/15/2026 10:55:55,29.609
248,07/15/2026 11:10:55,30.896
249,07/15/2026 11:25:55,32.055
250,07/15/2026 11:40:55,33.138
251,07/15/2026 11:55:55,33.974
252,07/15/2026 12:10:55,34.425
253,07/15/2026 12:25:55,34.553
254,07/15/2026 12:40:55,33.846
255,07/15/2026 12:55:55,33.803
256,07/15/2026 13:10:55,33.631
257,07/15/2026 13:25:55,33.406
258,07/15/2026 13:40:55,33.685
259,07/15/2026 13:55:55,34.092
260,07/15/2026 14:10:55,34.318
261,07/15/2026 14:25:55,33.921
262,07/15/2026 14:40:55,33.889
263,07/15/2026 14:55:55,35.411
264,07/15/2026 15:10:55,35.347
265,07/15/2026 15:25:55,34.789
266,07/15/2026 15:40:55,34.822
267,07/15/2026 15:55:55,34.779
268,07/15/2026 16:10:55,24.193
269,07/15/2026 16:25:55,20.085
270,07/15/2026 16:40:55,18.487
271,07/15/2026 16:55:55,18.005
272,07/15/2026 17:10:55,17.833
273,07/15/2026 17:25:55,17.490
274,07/15/2026 17:40:55,17.114
275,07/15/2026 17:55:55,16.889
276,07/15/2026 18:10:55,16.482
277,07/15/2026 18:25:55,16.428
278,07/15/2026 18:40:55,16.267
279,07/15/2026 18:55:55,16.031
280,07/15/2026 19:10:55,15.849
281,07/15/2026 19:25:55,15.935
282,07/15/2026 19:40:55,15.999
283,07/15/2026 19:55:55,16.021
284,07/15/2026 20:10:55,16.332
285,07/15/2026 20:25:55,16.353
286,07/15/2026 20:40:55,16.321
287,07/15/2026 20:55:55,16.246
288,07/15/2026 21:10:55,16.192
289,07/15/2026 21:25:55,16.138
290,07/15/2026 21:40:55,16.096
291,07/15/2026 21:55:55,16.096
292,07/15/2026 22:10:55,16.106
293,07/15/2026 22:25:55,16.010
294,07/15/2026 22:40:55,15.988
295,07/15/2026 22:55:55,15.903
296,07/15/2026 23:10:55,15.881
297,07/15/2026 23:25:55,15.913
298,07/15/2026 23:40:55,15.913
299,07/15/2026 23:55:55,15.935
300,07/16/2026 00:10:55,15.935
301,07/16/2026 00:25:55,15.935
302,07/16/2026 00:40:55,15.935
303,07/16/2026 00:55:55,15.967
304,07/16/2026 01:10:55,15.967
305,07/16/2026 01:25:55,15.935
306,07/16/2026 01:40:55,15.913
307,07/16/2026 01:55:55,15.881
308,07/16/2026 02:10:55,15.892
309,07/16/2026 02:25:55,15.892
310,07/16/2026 02:40:55,15.881
311,07/16/2026 02:55:55,15.795
312,07/16/2026 03:10:55,15.763
313,07/16/2026 03:25:55,15.742
314,07/16/2026 03:40:55,15.688
315,07/16/2026 03:55:55,15.677
316,07/16/2026 04:10:55,15.677
317,07/16/2026 04:25:55,15.645
318,07/16/2026 04:40:55,15.356
319,07/16/2026 04:55:55,15.184
320,07/16/2026 05:10:55,15.066
321,07/16/2026 05:25:55,14.959
322,07/16/2026 05:40:55,14.905
323,07/16/2026 05:55:55,14.894
324,07/16/2026 06:10:55,14.894
325,07/16/2026 06:25:55,14.884
326,07/16/2026 06:40:55,14.862
327,07/16/2026 06:55:55,14.830
328,07/16/2026 07:10:55,14.862
329,07/16/2026 07:25:55,14.905
330,07/16/2026 07:40:55,14.905
331,07/16/2026 07:55:55,14.937
332,07/16/2026 08:10:55,15.034
333,07/16/2026 08:25:55,15.163
334,07/16/2026 08:40:55,15.152
335,07/16/2026 08:55:55,15.098
336,07/16/2026 09:10:55,15.109
337,07/16/2026 09:25:55,15.163
338,07/16/2026 09:40:55,15.173
339,07/16/2026 09:55:55,15.205
340,07/16/2026 10:10:55,15.163
341,07/16/2026 10:25:55,14.959
342,07/16/2026 10:40:55,14.959
343,07/16/2026 10:55:55,15.527
344,07/16/2026 11:10:55,15.248
345,07/16/2026 11:25:55,15.012
346,07/16/2026 11:40:55,14.991
347,07/16/2026 11:55:55,15.087
348,07/16/2026 12:10:55,15.034
349,07/16/2026 12:25:55,15.012
350,07/16/2026 12:40:55,15.302
351,07/16/2026 12:55:55,15.259
352,07/16/2026 13:10:55,15.720
353,07/16/2026 13:25:55,15.720
354,07/16/2026 13:40:55,16.053
355,07/16/2026 13:55:55,16.439
356,07/16/2026 14:10:55,16.921
357,07/16/2026 14:25:55,17.533
358,07/16/2026 14:40:55,18.015
359,07/16/2026 14:55:55,17.930
360,07/16/2026 15:10:55,18.412
361,07/16/2026 15:25:55,19.367
362,07/16/2026 15:40:55,19.796
363,07/16/2026 15:55:55,20.525
364,07/16/2026 16:10:55,20.021
365,07/16/2026 16:25:55,19.549
366,07/16/2026 16:40:55,17.554
367,07/16/2026 16:55:55,16.739
368,07/16/2026 17:10:55,16.385
369,07/16/2026 17:25:55,16.096
370,07/16/2026 17:40:55,15.913
371,07/16/2026 17:55:55,15.795
372,07/16/2026 18:10:55,15.763
373,07/16/2026 18:25:55,15.752
374,07/16/2026 18:40:55,15.720
375,07/16/2026 18:55:55,15.720
376,07/16/2026 19:10:55,15.709
377,07/16/2026 19:25:55,15.720
378,07/16/2026 19:40:55,15.709
379,07/16/2026 19:55:55,15.667
380,07/16/2026 20:10:55,15.677
381,07/16/2026 20:25:55,15.677
382,07/16/2026 20:40:55,15.656
383,07/16/2026 20:55:55,15.677
384,07/16/2026 21:10:55,15.699
385,07/16/2026 21:25:55,15.688
386,07/16/2026 21:40:55,15.688
387,07/16/2026 21:55:55,15.667
388,07/16/2026 22:10:55,15.667
389,07/16/2026 22:25:55,15.474
390,07/16/2026 22:40:55,15.280
391,07/16/2026 22:55:55,15.270
392,07/16/2026 23:10:55,15.356
393,07/16/2026 23:25:55,15.420
394,07/16/2026 23:40:55,15.484
395,07/16/2026 23:55:55,15.527
396,07/17/2026 00:10:55,15.570
397,07/17/2026 00:25:55,15.592
398,07/17/2026 00:40:55,15.613
399,07/17/2026 00:55:55,15.645
400,07/17/2026 01:10:55,15.656
401,07/17/2026 01:25:55,15.634
402,07/17/2026 01:40:55,15.602
403,07/17/2026 01:55:55,15.570
404,07/17/2026 02:10:55,15.549
405,07/17/2026 02:25:55,15.581
406,07/17/2026 02:40:55,15.592
407,07/17/2026 02:55:55,15.516
408,07/17/2026 03:10:55,15.484
409,07/17/2026 03:25:55,15.506
410,07/17/2026 03:40:55,15.506
411,07/17/2026 03:55:55,15.495
412,07/17/2026 04:10:55,15.516
413,07/17/2026 04:25:55,15.516
414,07/17/2026 04:40:55,15.527
415,07/17/2026 04:55:55,15.516
416,07/17/2026 05:10:55,15.506
417,07/17/2026 05:25:55,15.516
418,07/17/2026 05:40:55,15.527
419,07/17/2026 05:55:55,15.527
420,07/17/2026 06:10:55,15.549
421,07/17/2026 06:25:55,15.570
422,07/17/2026 06:40:55,15.570
423,07/17/2026 06:55:55,15.570
424,07/17/2026 07:10:55,15.592
425,07/17/2026 07:25:55,15.592
426,07/17/2026 07:40:55,15.592
427,07/17/2026 07:55:55,15.613
428,07/17/2026 08:10:55,15.624
429,07/17/2026 08:25:55,15.624
430,07/17/2026 08:40:55,15.634
431,07/17/2026 08:55:55,15.677
432,07/17/2026 09:10:55,15.677
433,07/17/2026 09:25:55,15.742
434,07/17/2026 09:40:55,15.913
435,07/17/2026 09:55:55,15.978
436,07/17/2026 10:10:55,16.117
437,07/17/2026 10:25:55,16.246
438,07/17/2026 10:40:55,16.696
439,07/17/2026 10:55:55,17.801
440,07/17/2026 11:10:55,21.952
441,07/17/2026 11:25:55,24.193
442,07/17/2026 11:40:55,25.813
443,07/17/2026 11:55:55,26.810
444,07/17/2026 12:10:55,27.829
445,07/17/2026 12:25:55,28.408
446,07/17/2026 12:40:55,28.537
447,07/17/2026 12:55:55,28.880
448,07/17/2026 13:10:55,29.566
449,07/17/2026 13:25:55,29.834
450,07/17/2026 13:40:55,30.328
451,07/17/2026 13:55:55,30.607
452,07/17/2026 14:10:55,30.617
453,07/17/2026 14:25:55,30.650
454,07/17/2026 14:40:55,31.164
455,07/17/2026 14:55:55,31.593
456,07/17/2026 15:10:55,31.786
457,07/17/2026 15:25:55,31.894
458,07/17/2026 15:40:55,31.797
459,07/17/2026 15:55:55,31.604
460,07/17/2026 16:10:55,31.390
461,07/17/2026 16:25:55,30.553
462,07/17/2026 16:40:55,29.674
463,07/17/2026 16:55:55,28.623
464,07/17/2026 17:10:55,25.780
465,07/17/2026 17:25:55,21.190
466,07/17/2026 17:40:55,19.603
467,07/17/2026 17:55:55,18.938
468,07/17/2026 18:10:55,18.680
469,07/17/2026 18:25:55,18.090
470,07/17/2026 18:40:55,17.758
471,07/17/2026 18:55:55,17.511
472,07/17/2026 19:10:55,17.393
473,07/17/2026 19:25:55,17.297
474,07/17/2026 19:40:55,17.275
475,07/17/2026 19:55:55,17.200
476,07/17/2026 20:10:55,17.114
477,07/17/2026 20:25:55,17.018
478,07/17/2026 20:40:55,16.964
479,07/17/2026 20:55:55,16.943
480,07/17/2026 21:10:55,16.943
481,07/17/2026 21:25:55,16.825
482,07/17/2026 21:40:55,16.750
483,07/17/2026 21:55:55,16.718
484,07/17/2026 22:10:55,16.664
485,07/17/2026 22:25:55,16.128
486,07/17/2026 22:40:55,15.892
487,07/17/2026 22:55:55,15.752
488,07/17/2026 23:10:55,15.709
489,07/17/2026 23:25:55,15.817
490,07/17/2026 23:40:55,15.795
491,07/17/2026 23:55:55,15.817
492,07/18/2026 00:10:55,15.881
493,07/18/2026 00:25:55,15.881
494,07/18/2026 00:40:55,15.935
495,07/18/2026 00:55:55,15.956
496,07/18/2026 01:10:55,15.999
497,07/18/2026 01:25:55,16.085
498,07/18/2026 01:40:55,16.096
499,07/18/2026 01:55:55,16.074
500,07/18/2026 02:10:55,16.021
501,07/18/2026 02:25:55,15.935
502,07/18/2026 02:40:55,15.860
503,07/18/2026 02:55:55,15.506
504,07/18/2026 03:10:55,15.431
505,07/18/2026 03:25:55,15.720
506,07/18/2026 03:40:55,15.731
507,07/18/2026 03:55:55,15.731
508,07/18/2026 04:10:55,15.742
509,07/18/2026 04:25:55,15.677
510,07/18/2026 04:40:55,15.677
511,07/18/2026 04:55:55,15.645
512,07/18/2026 05:10:55,15.452
513,07/18/2026 05:25:55,15.334
514,07/18/2026 05:40:55,15.302
515,07/18/2026 05:55:55,15.313
516,07/18/2026 06:10:55,15.280
517,07/18/2026 06:25:55,15.334
518,07/18/2026 06:40:55,15.452
519,07/18/2026 06:55:55,15.506
520,07/18/2026 07:10:55,15.559
521,07/18/2026 07:25:55,15.581
522,07/18/2026 07:40:55,15.624
523,07/18/2026 07:55:55,15.656
524,07/18/2026 08:10:55,15.677
525,07/18/2026 08:25:55,15.667
526,07/18/2026 08:40:55,15.656
527,07/18/2026 08:55:55,15.667
528,07/18/2026 09:10:55,15.677
529,07/18/2026 09:25:55,15.656
530,07/18/2026 09:40:55,15.624
531,07/18/2026 09:55:55,15.624
532,07/18/2026 10:10:55,15.602
533,07/18/2026 10:25:55,15.559
534,07/18/2026 10:40:55,15.688
535,07/18/2026 10:55:55,15.795
536,07/18/2026 11:10:55,15.913
537,07/18/2026 11:25:55,16.096
538,07/18/2026 11:40:55,16.814
539,07/18/2026 11:55:55,21.061
540,07/18/2026 12:10:55,25.266
541,07/18/2026 12:25:55,26.778
542,07/18/2026 12:40:55,28.226
543,07/18/2026 12:55:55,28.462
544,07/18/2026 13:10:55,28.826
545,07/18/2026 13:25:55,29.727
546,07/18/2026 13:40:55,30.274
547,07/18/2026 13:55:55,30.028
548,07/18/2026 14:10:55,31.926
549,07/18/2026 14:25:55,32.140
550,07/18/2026 14:40:55,31.497
551,07/18/2026 14:55:55,30.381
552,07/18/2026 15:10:55,29.094
553,07/18/2026 15:25:55,30.789
554,07/18/2026 15:40:55,31.904
555,07/18/2026 15:55:55,32.344
556,07/18/2026 16:10:55,32.741
557,07/18/2026 16:25:55,31.851
558,07/18/2026 16:40:55,31.079
559,07/18/2026 16:55:55,30.242
560,07/18/2026 17:10:55,29.781
561,07/18/2026 17:25:55,29.148
562,07/18/2026 17:40:55,25.351
563,07/18/2026 17:55:55,21.576
564,07/18/2026 18:10:55,20.622
565,07/18/2026 18:25:55,19.624
566,07/18/2026 18:40:55,18.777
567,07/18/2026 18:55:55,18.112
568,07/18/2026 19:10:55,17.715
569,07/18/2026 19:25:55,17.308
570,07/18/2026 19:40:55,16.921
571,07/18/2026 19:55:55,16.718
572,07/18/2026 20:10:55,16.718
573,07/18/2026 20:25:55,16.664
574,07/18/2026 20:40:55,16.685
575,07/18/2026 20:55:55,16.803
576,07/18/2026 21:10:55,16.525
577,07/18/2026 21:25:55,16.396
578,07/18/2026 21:40:55,16.289
579,07/18/2026 21:55:55,16.192
580,07/18/2026 22:10:55,16.117
581,07/18/2026 22:25:55,15.988
582,07/18/2026 22:40:55,15.935
583,07/18/2026 22:55:55,15.763
584,07/18/2026 23:10:55,15.645
585,07/18/2026 23:25:55,15.592
586,07/18/2026 23:40:55,15.549
587,07/18/2026 23:55:55,15.538
588,07/19/2026 00:10:55,15.549
589,07/19/2026 00:25:55,15.570
590,07/19/2026 00:40:55,15.559
591,07/19/2026 00:55:55,15.592
592,07/19/2026 01:10:55,15.720
593,07/19/2026 01:25:55,15.827
594,07/19/2026 01:40:55,15.924
595,07/19/2026 01:55:55,15.978
596,07/19/2026 02:10:55,15.956
597,07/19/2026 02:25:55,15.752
598,07/19/2026 02:40:55,15.023
599,07/19/2026 02:55:55,14.583
600,07/19/2026 03:10:55,14.305
601,07/19/2026 03:25:55,14.122
602,07/19/2026 03:40:55,13.983
603,07/19/2026 03:55:55,13.833
604,07/19/2026 04:10:55,13.704
605,07/19/2026 04:25:55,13.607
606,07/19/2026 04:40:55,13.543
607,07/19/2026 04:55:55,13.607
608,07/19/2026 05:10:55,13.843
609,07/19/2026 05:25:55,13.897
610,07/19/2026 05:40:55,14.272
611,07/19/2026 05:55:55,14.562
612,07/19/2026 06:10:55,14.734
613,07/19/2026 06:25:55,14.894
614,07/19/2026 06:40:55,15.002
615,07/19/2026 06:55:55,15.023
616,07/19/2026 07:10:55,14.980
617,07/19/2026 07:25:55,14.959
618,07/19/2026 07:40:55,14.884
619,07/19/2026 07:55:55,14.830
620,07/19/2026 08:10:55,14.873
621,07/19/2026 08:25:55,14.841
622,07/19/2026 08:40:55,14.916
623,07/19/2026 08:55:55,14.948
624,07/19/2026 09:10:55,15.045
625,07/19/2026 09:25:55,15.077
626,07/19/2026 09:40:55,15.152
627,07/19/2026 09:55:55,15.248
628,07/19/2026 10:10:55,15.238
629,07/19/2026 10:25:55,15.366
630,07/19/2026 10:40:55,15.420
631,07/19/2026 10:55:55,15.452
632,07/19/2026 11:10:55,15.602
633,07/19/2026 11:25:55,15.645
634,07/19/2026 11:40:55,15.817
635,07/19/2026 11:55:55,16.085
636,07/19/2026 12:10:55,16.525
637,07/19/2026 12:25:55,16.836
638,07/19/2026 12:40:55,17.779
639,07/19/2026 12:55:55,19.034
640,07/19/2026 13:10:55,23.078
641,07/19/2026 13:25:55,25.319
642,07/19/2026 13:40:55,27.024
643,07/19/2026 13:55:55,28.537
644,07/19/2026 14:10:55,29.191
645,07/19/2026 14:25:55,29.952
646,07/19/2026 14:40:55,29.952
647,07/19/2026 14:55:55,29.888
648,07/19/2026 15:10:55,29.942
649,07/19/2026 15:25:55,29.888
650,07/19/2026 15:40:55,29.877
651,07/19/2026 15:55:55,29.877
652,07/19/2026 16:10:55,29.588
653,07/19/2026 16:25:55,29.298
654,07/19/2026 16:40:55,28.858
655,07/19/2026 16:55:55,28.537
656,07/19/2026 17:10:55,28.236
657,07/19/2026 17:25:55,27.561
658,07/19/2026 17:40:55,26.960
659,07/19/2026 17:55:55,22.681
660,07/19/2026 18:10:55,21.287
661,07/19/2026 18:25:55,19.474
662,07/19/2026 18:40:55,18.326
663,07/19/2026 18:55:55,18.037
664,07/19/2026 19:10:55,17.694
665,07/19/2026 19:25:55,17.479
666,07/19/2026 19:40:55,17.329
667,07/19/2026 19:55:55,17.179
668,07/19/2026 20:10:55,17.029
669,07/19/2026 20:25:55,16.921
670,07/19/2026 20:40:55,16.675
671,07/19/2026 20:55:55,16.568
672,07/19/2026 21:10:55,16.535
673,07/19/2026 21:25:55,16.546
674,07/19/2026 21:40:55,16.589
675,07/19/2026 21:55:55,16.589
676,07/19/2026 22:10:55,16.610
677,07/19/2026 22:25:55,16.482
678,07/19/2026 22:40:55,16.417
679,07/19/2026 22:55:55,16.353
680,07/19/2026 23:10:55,16.289
681,07/19/2026 23:25:55,15.913
682,07/19/2026 23:40:55,15.785
683,07/19/2026 23:55:55,15.709
684,07/20/2026 00:10:55,15.592
685,07/20/2026 00:25:55,15.484
686,07/20/2026 00:40:55,15.484
687,07/20/2026 00:55:55,15.538
688,07/20/2026 01:10:55,15.592
689,07/20/2026 01:25:55,15.581
690,07/20/2026 01:40:55,15.602
691,07/20/2026 01:55:55,15.677
692,07/20/2026 02:10:55,15.699
693,07/20/2026 02:25:55,15.709
694,07/20/2026 02:40:55,15.699
695,07/20/2026 02:55:55,15.334
696,07/20/2026 03:10:55,14.830
697,07/20/2026 03:25:55,14.616
698,07/20/2026 03:40:55,14.476
699,07/20/2026 03:55:55,14.358
700,07/20/2026 04:10:55,14.283
701,07/20/2026 04:25:55,14.176
702,07/20/2026 04:40:55,14.036
703,07/20/2026 04:55:55,13.897
704,07/20/2026 05:10:55,13.800
705,07/20/2026 05:25:55,13.747
706,07/20/2026 05:40:55,13.725
707,07/20/2026 05:55:55,13.747
708,07/20/2026 06:10:55,13.833
709,07/20/2026 06:25:55,13.972
710,07/20/2026 06:40:55,14.219
711,07/20/2026 06:55:55,14.551
712,07/20/2026 07:10:55,14.980
713,07/20/2026 07:25:55,15.055
714,07/20/2026 07:40:55,15.366
715,07/20/2026 07:55:55,15.538
716,07/20/2026 08:10:55,15.709
717,07/20/2026 08:25:55,15.763
718,07/20/2026 08:40:55,15.581
719,07/20/2026 08:55:55,15.420
720,07/20/2026 09:10:55,15.452
721,07/20/2026 09:25:55,15.570
722,07/20/2026 09:40:55,15.484
723,07/20/2026 09:55:55,15.527
724,07/20/2026 10:10:55,15.592
725,07/20/2026 10:25:55,15.645
726,07/20/2026 10:40:55,15.742
727,07/20/2026 10:55:55,15.870
728,07/20/2026 11:10:55,15.817
729,07/20/2026 11:25:55,15.763
730,07/20/2026 11:40:55,15.742
731,07/20/2026 11:55:55,15.656
732,07/20/2026 12:10:55,15.795
733,07/20/2026 12:25:55,15.774
734,07/20/2026 12:40:55,15.903
735,07/20/2026 12:55:55,16.010
736,07/20/2026 13:10:55,15.881
737,07/20/2026 13:25:55,15.881
738,07/20/2026 13:40:55,16.085
739,07/20/2026 13:55:55,15.978
740,07/20/2026 14:10:55,16.310
741,07/20/2026 14:25:55,17.093
742,07/20/2026 14:40:55,18.069
743,07/20/2026 14:55:55,19.302
744,07/20/2026 15:10:55,21.780
745,07/20/2026 15:25:55,23.131
746,07/20/2026 15:40:55,24.579
747,07/20/2026 15:55:55,24.483
748,07/20/2026 16:10:55,25.920
749,07/20/2026 16:25:55,26.638
750,07/20/2026 16:40:55,26.574
751,07/20/2026 16:55:55,26.070
752,07/20/2026 17:10:55,25.866
753,07/20/2026 17:25:55,25.555
754,07/20/2026 17:40:55,22.423
755,07/20/2026 17:55:55,20.225
756,07/20/2026 18:10:55,19.463
757,07/20/2026 18:25:55,19.302
758,07/20/2026 18:40:55,18.498
759,07/20/2026 18:55:55,18.208
760,07/20/2026 19:10:55,17.962
761,07/20/2026 19:25:55,17.704
762,07/20/2026 19:40:55,17.576
763,07/20/2026 19:55:55,17.265
764,07/20/2026 20:10:55,17.082
765,07/20/2026 20:25:55,16.921
766,07/20/2026 20:40:55,16.943
767,07/20/2026 20:55:55,17.007
768,07/20/2026 21:10:55,16.997
769,07/20/2026 21:25:55,16.986
770,07/20/2026 21:40:55,16.986
771,07/20/2026 21:55:55,16.771
772,07/20/2026 22:10:55,16.181
773,07/20/2026 22:25:55,15.945
774,07/20/2026 22:40:55,15.860
775,07/20/2026 22:55:55,15.688
776,07/20/2026 23:10:55,15.624
777,07/20/2026 23:25:55,15.570
778,07/20/2026 23:40:55,15.474
779,07/20/2026 23:55:55,15.388
780,07/21/2026 00:10:55,15.334
781,07/21/2026 00:25:55,15.302
782,07/21/2026 00:40:55,15.270
783,07/21/2026 00:55:55,15.163
784,07/21/2026 01:10:55,15.087
785,07/21/2026 01:25:55,15.152
786,07/21/2026 01:40:55,15.270
787,07/21/2026 01:55:55,15.484
788,07/21/2026 02:10:55,15.656
789,07/21/2026 02:25:55,15.849
790,07/21/2026 02:40:55,15.999
791,07/21/2026 02:55:55,16.128
792,07/21/2026 03:10:55,15.988
793,07/21/2026 03:25:55,15.570
794,07/21/2026 03:40:55,15.356
795,07/21/2026 03:55:55,15.248
796,07/21/2026 04:10:55,15.077
797,07/21/2026 04:25:55,14.937
798,07/21/2026 04:40:55,14.862
799,07/21/2026 04:55:55,14.787
800,07/21/2026 05:10:55,14.691
801,07/21/2026 05:25:55,14.616
802,07/21/2026 05:40:55,14.605
803,07/21/2026 05:55:55,14.583
804,07/21/2026 06:10:55,14.551
805,07/21/2026 06:25:55,14.616
806,07/21/2026 06:40:55,14.712
807,07/21/2026 06:55:55,14.905
808,07/21/2026 07:10:55,15.173
809,07/21/2026 07:25:55,15.345
810,07/21/2026 07:40:55,15.999
811,07/21/2026 07:55:55,16.482
812,07/21/2026 08:10:55,16.986
813,07/21/2026 08:25:55,17.157
814,07/21/2026 08:40:55,17.661
815,07/21/2026 08:55:55,17.383
816,07/21/2026 09:10:55,16.771
817,07/21/2026 09:25:55,16.149
818,07/21/2026 09:40:55,15.709
819,07/21/2026 09:55:55,15.602
820,07/21/2026 10:10:55,15.817
821,07/21/2026 10:25:55,15.945
822,07/21/2026 10:40:55,16.203
823,07/21/2026 10:55:55,16.256
824,07/21/2026 11:10:55,16.417
825,07/21/2026 11:25:55,16.589
826,07/21/2026 11:40:55,16.514
827,07/21/2026 11:55:55,16.514
828,07/21/2026 12:10:55,16.374
829,07/21/2026 12:25:55,16.568
830,07/21/2026 12:40:55,16.546
831,07/21/2026 12:55:55,16.256
832,07/21/2026 13:10:55,16.246
833,07/21/2026 13:25:55,16.342
834,07/21/2026 13:40:55,16.342
835,07/21/2026 13:55:55,16.718
836,07/21/2026 14:10:55,17.436
837,07/21/2026 14:25:55,17.200
838,07/21/2026 14:40:55,17.200
839,07/21/2026 14:55:55,18.241
840,07/21/2026 15:10:55,18.916
841,07/21/2026 15:25:55,18.090
842,07/21/2026 15:40:55,17.833
843,07/21/2026 15:55:55,18.444
844,07/21/2026 16:10:55,18.841
845,07/21/2026 16:25:55,19.152
846,07/21/2026 16:40:55,19.335
847,07/21/2026 16:55:55,19.388
848,07/21/2026 17:10:55,19.335
849,07/21/2026 17:25:55,19.163
850,07/21/2026 17:40:55,19.077
851,07/21/2026 17:55:55,19.066
852,07/21/2026 18:10:55,18.798
853,07/21/2026 18:25:55,18.498
854,07/21/2026 18:40:55,18.530
855,07/21/2026 18:55:55,18.519
856,07/21/2026 19:10:55,18.219
857,07/21/2026 19:25:55,18.058
858,07/21/2026 19:40:55,17.833
859,07/21/2026 19:55:55,17.640
860,07/21/2026 20:10:55,17.640
861,07/21/2026 20:25:55,17.586
862,07/21/2026 20:40:55,17.490
863,07/21/2026 20:55:55,17.533
864,07/21/2026 21:10:55,17.694
865,07/21/2026 21:25:55,17.865
866,07/21/2026 21:40:55,17.801
867,07/21/2026 21:55:55,17.972
868,07/21/2026 22:10:55,18.037
869,07/21/2026 22:25:55,17.983
870,07/21/2026 22:40:55,17.930
871,07/21/2026 22:55:55,17.801
872,07/21/2026 23:10:55,17.812
873,07/21/2026 23:25:55,17.490
874,07/21/2026 23:40:55,17.082
875,07/21/2026 23:55:55,16.846
876,07/22/2026 00:10:55,16.739
877,07/22/2026 00:25:55,16.889
878,07/22/2026 00:40:55,16.450
879,07/22/2026 00:55:55,16.256
880,07/22/2026 01:10:55,15.999
881,07/22/2026 01:25:55,15.849
882,07/22/2026 01:40:55,15.870
883,07/22/2026 01:55:55,16.085
884,07/22/2026 02:10:55,16.310
885,07/22/2026 02:25:55,16.546
886,07/22/2026 02:40:55,16.761
887,07/22/2026 02:55:55,16.600
888,07/22/2026 03:10:55,16.685
889,07/22/2026 03:25:55,16.868
890,07/22/2026 03:40:55,16.889
891,07/22/2026 03:55:55,16.428
892,07/22/2026 04:10:55,15.945
893,07/22/2026 04:25:55,15.688
894,07/22/2026 04:40:55,15.474
895,07/22/2026 04:55:55,15.291
896,07/22/2026 05:10:55,15.163
897,07/22/2026 05:25:55,15.045
898,07/22/2026 05:40:55,14.937
899,07/22/2026 05:55:55,14.894
900,07/22/2026 06:10:55,14.905
901,07/22/2026 06:25:55,14.937
902,07/22/2026 06:40:55,14.969
903,07/22/2026 06:55:55,15.216
904,07/22/2026 07:10:55,15.506
905,07/22/2026 07:25:55,15.827
906,07/22/2026 07:40:55,16.138
907,07/22/2026 07:55:55,16.600
908,07/22/2026 08:10:55,17.297
909,07/22/2026 08:25:55,18.155
910,07/22/2026 08:40:55,19.206
911,07/22/2026 08:55:55,20.235
912,07/22/2026 09:10:55,21.319
913,07/22/2026 09:25:55,22.413
914,07/22/2026 09:40:55,23.474
915,07/22/2026 09:55:55,22.477
916,07/22/2026 10:10:55,20.278
917,07/22/2026 10:25:55,19.013
918,07/22/2026 10:40:55,18.648
919,07/22/2026 10:55:55,18.927
920,07/22/2026 11:10:55,19.045
921,07/22/2026 11:25:55,19.184
922,07/22/2026 11:40:55,18.895
923,07/22/2026 11:55:55,18.637
924,07/22/2026 12:10:55,18.251
925,07/22/2026 12:25:55,18.251
926,07/22/2026 12:40:55,18.359
927,07/22/2026 12:55:55,17.361
928,07/22/2026 13:10:55,16.857
929,07/22/2026 13:25:55,16.632
930,07/22/2026 13:40:55,16.546
931,07/22/2026 13:55:55,16.428
932,07/22/2026 14:10:55,16.085
933,07/22/2026 14:25:55,16.224
934,07/22/2026 14:40:55,16.181
935,07/22/2026 14:55:55,16.278
936,07/22/2026 15:10:55,16.074
937,07/22/2026 15:25:55,15.999
938,07/22/2026 15:40:55,15.988
939,07/22/2026 15:55:55,15.924
940,07/22/2026 16:10:55,16.117
941,07/22/2026 16:25:55,15.967
942,07/22/2026 16:40:55,15.752
943,07/22/2026 16:55:55,15.645
944,07/22/2026 17:10:55,15.709
945,07/22/2026 17:25:55,16.031
946,07/22/2026 17:40:55,15.913
947,07/22/2026 17:55:55,15.785
948,07/22/2026 18:10:55,15.967
949,07/22/2026 18:25:55,15.913
950,07/22/2026 18:40:55,15.827
951,07/22/2026 18:55:55,16.074
952,07/22/2026 19:10:55,15.881
953,07/22/2026 19:25:55,16.171
954,07/22/2026 19:40:55,16.117
955,07/22/2026 19:55:55,16.299
956,07/22/2026 20:10:55,17.501
957,07/22/2026 20:25:55,17.865
958,07/22/2026 20:40:55,17.983
959,07/22/2026 20:55:55,18.069
960,07/22/2026 21:10:55,18.090
961,07/22/2026 21:25:55,18.037
962,07/22/2026 21:40:55,17.876
963,07/22/2026 21:55:55,18.048
964,07/22/2026 22:10:55,18.133
965,07/22/2026 22:25:55,18.273
966,07/22/2026 22:40:55,18.509
967,07/22/2026 22:55:55,18.573
968,07/22/2026 23:10:55,18.541
969,07/22/2026 23:25:55,18.541
970,07/22/2026 23:40:55,18.498
971,07/22/2026 23:55:55,18.455
972,07/23/2026 00:10:55,18.466
973,07/23/2026 00:25:55,18.359
974,07/23/2026 00:40:55,18.326
975,07/23/2026 00:55:55,18.326
976,07/23/2026 01:10:55,18.359
977,07/23/2026 01:25:55,18.337
978,07/23/2026 01:40:55,18.316
979,07/23/2026 01:55:55,18.337
980,07/23/2026 02:10:55,18.326
981,07/23/2026 02:25:55,18.273
982,07/23/2026 02:40:55,18.273
983,07/23/2026 02:55:55,18.273
984,07/23/2026 03:10:55,18.348
985,07/23/2026 03:25:55,18.359
986,07/23/2026 03:40:55,18.326
987,07/23/2026 03:55:55,18.241
988,07/23/2026 04:10:55,18.187
989,07/23/2026 04:25:55,18.080
990,07/23/2026 04:40:55,17.704
991,07/23/2026 04:55:55,17.522
992,07/23/2026 05:10:55,17.393
993,07/23/2026 05:25:55,17.286
994,07/23/2026 05:40:55,17.179
995,07/23/2026 05:55:55,17.114
996,07/23/2026 06:10:55,17.072
997,07/23/2026 06:25:55,17.029
998,07/23/2026 06:40:55,17.072
999,07/23/2026 06:55:55,17.114
1000,07/23/2026 07:10:55,17.200
1001,07/23/2026 07:25:55,17.318
1002,07/23/2026 07:40:55,17.661
1003,07/23/2026 07:55:55,18.123
1004,07/23/2026 08:10:55,18.852
1005,07/23/2026 08:25:55,18.927
1006,07/23/2026 08:40:55,18.852
1007,07/23/2026 08:55:55,18.959
1008,07/23/2026 09:10:55,19.281
1009,07/23/2026 09:25:55,19.474
1010,07/23/2026 09:40:55,20.225
1011,07/23/2026 09:55:55,21.158
1012,07/23/2026 10:10:55,21.093
1013,07/23/2026 10:25:55,22.423
1014,07/23/2026 10:40:55,23.013
1015,07/23/2026 10:55:55,20.954
1016,07/23/2026 11:10:55,19.914
1017,07/23/2026 11:25:55,19.270
1018,07/23/2026 11:40:55,19.120
1019,07/23/2026 11:55:55,19.045
1020,07/23/2026 12:10:55,18.830
1021,07/23/2026 12:25:55,18.616
1022,07/23/2026 12:40:55,18.487
1023,07/23/2026 12:55:55,18.466
1024,07/23/2026 13:10:55,18.326
1025,07/23/2026 13:25:55,18.241
1026,07/23/2026 13:40:55,18.187
1027,07/23/2026 13:55:55,18.219
1028,07/23/2026 14:10:55,18.155
1029,07/23/2026 14:25:55,18.208
1030,07/23/2026 14:40:55,18.219
1031,07/23/2026 14:55:55,18.380
1032,07/23/2026 15:10:55,18.455
1033,07/23/2026 15:25:55,18.230
1034,07/23/2026 15:40:55,18.284
1035,07/23/2026 15:55:55,18.037
1036,07/23/2026 16:10:55,17.801
1037,07/23/2026 16:25:55,17.747
1038,07/23/2026 16:40:55,17.661
1039,07/23/2026 16:55:55,17.619
1040,07/23/2026 17:10:55,17.769
1041,07/23/2026 17:25:55,17.951
1042,07/23/2026 17:40:55,17.930
1043,07/23/2026 17:55:55,17.790
1044,07/23/2026 18:10:55,17.661
1045,07/23/2026 18:25:55,17.554
1046,07/23/2026 18:40:55,17.554
1047,07/23/2026 18:55:55,17.511
1048,07/23/2026 19:10:55,17.436
1049,07/23/2026 19:25:55,17.404
1050,07/23/2026 19:40:55,17.350
1051,07/23/2026 19:55:55,17.318
1052,07/23/2026 20:10:55,17.265
1053,07/23/2026 20:25:55,17.275
1054,07/23/2026 20:40:55,17.243
1055,07/23/2026 20:55:55,17.211
1056,07/23/2026 21:10:55,17.114
1057,07/23/2026 21:25:55,17.061
1058,07/23/2026 21:40:55,17.050
1059,07/23/2026 21:55:55,16.997
1060,07/23/2026 22:10:55,16.975
1061,07/23/2026 22:25:55,16.943
1062,07/23/2026 22:40:55,16.857
1063,07/23/2026 22:55:55,16.836
1064,07/23/2026 23:10:55,16.793
1065,07/23/2026 23:25:55,16.750
1066,07/23/2026 23:40:55,16.632
1067,07/23/2026 23:55:55,16.546
1068,07/24/2026 00:10:55,16.514
1069,07/24/2026 00:25:55,16.514
1070,07/24/2026 00:40:55,16.535
1071,07/24/2026 00:55:55,16.632
1072,07/24/2026 01:10:55,16.728
1073,07/24/2026 01:25:55,16.803
1074,07/24/2026 01:40:55,16.857
1075,07/24/2026 01:55:55,16.900
1076,07/24/2026 02:10:55,16.932
1077,07/24/2026 02:25:55,16.964
1078,07/24/2026 02:40:55,16.975
1079,07/24/2026 02:55:55,16.975
1080,07/24/2026 03:10:55,16.975
1081,07/24/2026 03:25:55,16.975
1082,07/24/2026 03:40:55,16.975
1083,07/24/2026 03:55:55,16.975
1084,07/24/2026 04:10:55,16.943
1085,07/24/2026 04:25:55,16.943
1086,07/24/2026 04:40:55,16.964
1087,07/24/2026 04:55:55,16.911
1088,07/24/2026 05:10:55,16.739
1089,07/24/2026 05:25:55,16.396
1090,07/24/2026 05:40:55,16.364
1091,07/24/2026 05:55:55,16.353
1092,07/24/2026 06:10:55,16.353
1093,07/24/2026 06:25:55,16.428
1094,07/24/2026 06:40:55,16.557
1095,07/24/2026 06:55:55,16.750
1096,07/24/2026 07:10:55,16.921
1097,07/24/2026 07:25:55,17.061
1098,07/24/2026 07:40:55,17.211
1099,07/24/2026 07:55:55,17.318
1100,07/24/2026 08:10:55,17.511
1101,07/24/2026 08:25:55,17.758
1102,07/24/2026 08:40:55,18.208
1103,07/24/2026 08:55:55,18.755
1104,07/24/2026 09:10:55,19.560
1105,07/24/2026 09:25:55,20.171
1106,07/24/2026 09:40:55,20.600
1107,07/24/2026 09:55:55,21.093
1108,07/24/2026 10:10:55,22.155
1109,07/24/2026 10:25:55,22.992
1110,07/24/2026 10:40:55,23.861
1111,07/24/2026 10:55:55,24.214
1112,07/24/2026 11:10:55,25.266
1113,07/24/2026 11:25:55,26.831
1114,07/24/2026 11:40:55,28.344
1115,07/24/2026 11:55:55,23.196
1116,07/24/2026 12:10:55,20.514
1117,07/24/2026 12:25:55,19.796
1118,07/24/2026 12:40:55,19.689
1119,07/24/2026 12:55:55,19.667
1120,07/24/2026 13:10:55,19.184
1121,07/24/2026 13:25:55,18.906
1122,07/24/2026 13:40:55,18.734
1123,07/24/2026 13:55:55,18.359
1124,07/24/2026 14:10:55,18.090
1125,07/24/2026 14:25:55,18.080
1126,07/24/2026 14:40:55,18.090
1127,07/24/2026 14:55:55,18.187
1128,07/24/2026 15:10:55,18.026
1129,07/24/2026 15:25:55,17.243
1130,07/24/2026 15:40:55,16.975
1131,07/24/2026 15:55:55,16.750
1132,07/24/2026 16:10:55,16.675
1133,07/24/2026 16:25:55,16.664
1134,07/24/2026 16:40:55,16.664
1135,07/24/2026 16:55:55,16.653
1136,07/24/2026 17:10:55,16.610
1137,07/24/2026 17:25:55,16.600
1138,07/24/2026 17:40:55,16.546
1139,07/24/2026 17:55:55,16.503
1140,07/24/2026 18:10:55,16.396
1141,07/24/2026 18:25:55,16.353
1142,07/24/2026 18:40:55,16.332
1143,07/24/2026 18:55:55,16.299
1144,07/24/2026 19:10:55,16.332
1145,07/24/2026 19:25:55,16.267
1146,07/24/2026 19:40:55,16.224
1147,07/24/2026 19:55:55,16.203
1148,07/24/2026 20:10:55,16.203
1149,07/24/2026 20:25:55,16.171
1150,07/24/2026 20:40:55,16.192
1151,07/24/2026 20:55:55,16.160
1152,07/24/2026 21:10:55,16.085
1153,07/24/2026 21:25:55,16.031
1154,07/24/2026 21:40:55,16.053
1155,07/24/2026 21:55:55,15.935
1156,07/24/2026 22:10:55,15.935
1157,07/24/2026 22:25:55,15.913
1158,07/24/2026 22:40:55,15.870
1159,07/24/2026 22:55:55,15.827
1160,07/24/2026 23:10:55,15.774
1161,07/24/2026 23:25:55,15.752
1162,07/24/2026 23:40:55,15.731
1163,07/24/2026 23:55:55,15.720
1164,07/25/2026 00:10:55,15.720
1165,07/25/2026 00:25:55,15.667
1166,07/25/2026 00:40:55,15.645
1167,07/25/2026 00:55:55,15.645
1168,07/25/2026 01:10:55,15.624
1169,07/25/2026 01:25:55,15.645
1170,07/25/2026 01:40:55,15.677
1171,07/25/2026 01:55:55,15.720
1172,07/25/2026 02:10:55,15.763
1173,07/25/2026 02:25:55,15.827
1174,07/25/2026 02:40:55,15.892
1175,07/25/2026 02:55:55,15.935
1176,07/25/2026 03:10:55,16.010
1177,07/25/2026 03:25:55,16.074
1178,07/25/2026 03:40:55,16.138
1179,07/25/2026 03:55:55,16.192
1180,07/25/2026 04:10:55,16.224
1181,07/25/2026 04:25:55,16.385
1182,07/25/2026 04:40:55,16.482
1183,07/25/2026 04:55:55,16.471
1184,07/25/2026 05:10:55,16.385
1185,07/25/2026 05:25:55,16.310
1186,07/25/2026 05:40:55,16.171
1187,07/25/2026 05:55:55,16.106
1188,07/25/2026 06:10:55,15.935
1189,07/25/2026 06:25:55,15.881
1190,07/25/2026 06:40:55,15.742
1191,07/25/2026 06:55:55,15.645
1192,07/25/2026 07:10:55,15.645
1193,07/25/2026 07:25:55,15.677
1194,07/25/2026 07:40:55,15.731
1195,07/25/2026 07:55:55,15.913
1196,07/25/2026 08:10:55,16.267
1197,07/25/2026 08:25:55,16.782
1198,07/25/2026 08:40:55,17.297
1199,07/25/2026 08:55:55,17.930
1200,07/25/2026 09:10:55,18.745
1201,07/25/2026 09:25:55,19.624
1202,07/25/2026 09:40:55,20.600
1203,07/25/2026 09:55:55,20.675
1204,07/25/2026 10:10:55,21.093
1205,07/25/2026 10:25:55,20.203
1206,07/25/2026 10:40:55,19.753
1207,07/25/2026 10:55:55,20.868
1208,07/25/2026 11:10:55,22.788
1209,07/25/2026 11:25:55,24.097
1210,07/25/2026 11:40:55,24.440
1211,07/25/2026 11:55:55,23.796
1212,07/25/2026 12:10:55,23.389
1213,07/25/2026 12:25:55,23.163
1214,07/25/2026 12:40:55,20.686
1215,07/25/2026 12:55:55,20.364
1216,07/25/2026 13:10:55,20.139
1217,07/25/2026 13:25:55,20.118
1218,07/25/2026 13:40:55,19.882
1219,07/25/2026 13:55:55,19.399
1220,07/25/2026 14:10:55,19.249
1221,07/25/2026 14:25:55,18.798
1222,07/25/2026 14:40:55,18.680
1223,07/25/2026 14:55:55,18.466
1224,07/25/2026 15:10:55,18.412
1225,07/25/2026 15:25:55,18.401
1226,07/25/2026 15:40:55,18.359
1227,07/25/2026 15:55:55,18.466
1228,07/25/2026 16:10:55,18.326
1229,07/25/2026 16:25:55,18.176
1230,07/25/2026 16:40:55,17.908
1231,07/25/2026 16:55:55,17.779
1232,07/25/2026 17:10:55,17.468
1233,07/25/2026 17:25:55,17.211
1234,07/25/2026 17:40:55,17.211
1235,07/25/2026 17:55:55,17.157
1236,07/25/2026 18:10:55,17.147
1237,07/25/2026 18:25:55,17.104
1238,07/25/2026 18:40:55,17.093
1239,07/25/2026 18:55:55,17.136
1240,07/25/2026 19:10:55,17.361
1241,07/25/2026 19:25:55,17.640
1242,07/25/2026 19:40:55,17.801
1243,07/25/2026 19:55:55,17.876
1244,07/25/2026 20:10:55,17.726
1245,07/25/2026 20:25:55,17.543
1246,07/25/2026 20:40:55,17.511
1247,07/25/2026 20:55:55,17.501
1248,07/25/2026 21:10:55,17.522
1249,07/25/2026 21:25:55,17.565
1250,07/25/2026 21:40:55,17.522
1251,07/25/2026 21:55:55,17.522
1252,07/25/2026 22:10:55,17.608
1253,07/25/2026 22:25:55,17.694
1254,07/25/2026 22:40:55,17.640
1255,07/25/2026 22:55:55,17.640
1256,07/25/2026 23:10:55,17.683
1257,07/25/2026 23:25:55,17.715
1258,07/25/2026 23:40:55,17.769
1259,07/25/2026 23:55:55,17.640
1260,07/26/2026 00:10:55,17.640
1261,07/26/2026 00:25:55,17.586
1262,07/26/2026 00:40:55,17.554
1263,07/26/2026 00:55:55,17.522
1264,07/26/2026 01:10:55,17.383
1265,07/26/2026 01:25:55,17.232
1266,07/26/2026 01:40:55,17.157
1267,07/26/2026 01:55:55,17.007
1268,07/26/2026 02:10:55,17.007
1269,07/26/2026 02:25:55,17.007
1270,07/26/2026 02:40:55,17.061
1271,07/26/2026 02:55:55,17.179
1272,07/26/2026 03:10:55,17.275
1273,07/26/2026 03:25:55,17.318
1274,07/26/2026 03:40:55,17.318
1275,07/26/2026 03:55:55,17.318
1276,07/26/2026 04:10:55,17.318
1277,07/26/2026 04:25:55,17.297
1278,07/26/2026 04:40:55,17.297
1279,07/26/2026 04:55:55,17.286
1280,07/26/2026 05:10:55,17.254
1281,07/26/2026 05:25:55,17.200
1282,07/26/2026 05:40:55,17.157
1283,07/26/2026 05:55:55,17.136
1284,07/26/2026 06:10:55,17.147
1285,07/26/2026 06:25:55,17.179
1286,07/26/2026 06:40:55,17.029
1287,07/26/2026 06:55:55,16.932
1288,07/26/2026 07:10:55,17.082
1289,07/26/2026 07:25:55,17.308
1290,07/26/2026 07:40:55,17.436
1291,07/26/2026 07:55:55,17.608
1292,07/26/2026 08:10:55,17.726
1293,07/26/2026 08:25:55,17.908
1294,07/26/2026 08:40:55,18.337
1295,07/26/2026 08:55:55,18.788
1296,07/26/2026 09:10:55,18.906
1297,07/26/2026 09:25:55,19.270
1298,07/26/2026 09:40:55,19.292
1299,07/26/2026 09:55:55,19.924
1300,07/26/2026 10:10:55,19.892
1301,07/26/2026 10:25:55,20.343
1302,07/26/2026 10:40:55,20.557
1303,07/26/2026 10:55:55,20.933
1304,07/26/2026 11:10:55,21.447
1305,07/26/2026 11:25:55,21.737
1306,07/26/2026 11:40:55,22.263
1307,07/26/2026 11:55:55,22.005
1308,07/26/2026 12:10:55,21.866
1309,07/26/2026 12:25:55,22.220
1310,07/26/2026 12:40:55,22.756
1311,07/26/2026 12:55:55,23.614
1312,07/26/2026 13:10:55,23.453
1313,07/26/2026 13:25:55,21.340
1314,07/26/2026 13:40:55,19.967
1315,07/26/2026 13:55:55,19.324
1316,07/26/2026 14:10:55,19.024
1317,07/26/2026 14:25:55,18.670
1318,07/26/2026 14:40:55,18.466
1319,07/26/2026 14:55:55,18.123
1320,07/26/2026 15:10:55,17.951
1321,07/26/2026 15:25:55,17.865
1322,07/26/2026 15:40:55,17.801
1323,07/26/2026 15:55:55,17.769
1324,07/26/2026 16:10:55,17.661
1325,07/26/2026 16:25:55,17.608
1326,07/26/2026 16:40:55,17.576
1327,07/26/2026 16:55:55,17.511
1328,07/26/2026 17:10:55,17.468
1329,07/26/2026 17:25:55,17.404
1330,07/26/2026 17:40:55,17.404
1331,07/26/2026 17:55:55,17.383
1332,07/26/2026 18:10:55,17.340
1333,07/26/2026 18:25:55,17.297
1334,07/26/2026 18:40:55,17.243
1335,07/26/2026 18:55:55,17.200
1336,07/26/2026 19:10:55,17.157
1337,07/26/2026 19:25:55,17.125
1338,07/26/2026 19:40:55,17.114
1339,07/26/2026 19:55:55,17.093
1340,07/26/2026 20:10:55,17.061
1341,07/26/2026 20:25:55,17.029
1342,07/26/2026 20:40:55,16.964
1343,07/26/2026 20:55:55,16.975
1344,07/26/2026 21:10:55,17.061
1345,07/26/2026 21:25:55,17.114
1346,07/26/2026 21:40:55,17.147
1347,07/26/2026 21:55:55,17.147
1348,07/26/2026 22:10:55,17.114
1349,07/26/2026 22:25:55,17.114
1350,07/26/2026 22:40:55,17.104
1351,07/26/2026 22:55:55,17.104
1352,07/26/2026 23:10:55,17.190
1353,07/26/2026 23:25:55,17.243
1354,07/26/2026 23:40:55,17.265
1355,07/26/2026 23:55:55,17.222
1356,07/27/2026 00:10:55,17.190
1357,07/27/2026 00:25:55,17.168
1358,07/27/2026 00:40:55,17.125
1359,07/27/2026 00:55:55,17.061
1360,07/27/2026 01:10:55,17.029
1361,07/27/2026 01:25:55,17.029
1362,07/27/2026 01:40:55,17.018
1363,07/27/2026 01:55:55,16.986
1364,07/27/2026 02:10:55,16.964
1365,07/27/2026 02:25:55,16.954
1366,07/27/2026 02:40:55,16.954
1367,07/27/2026 02:55:55,16.943
1368,07/27/2026 03:10:55,16.932
1369,07/27/2026 03:25:55,16.921
1370,07/27/2026 03:40:55,16.900
1371,07/27/2026 03:55:55,16.879
1372,07/27/2026 04:10:55,16.857
1373,07/27/2026 04:25:55,16.803
1374,07/27/2026 04:40:55,16.771
1375,07/27/2026 04:55:55,16.782
1376,07/27/2026 05:10:55,16.782
1377,07/27/2026 05:25:55,16.782
1378,07/27/2026 05:40:55,16.771
1379,07/27/2026 05:55:55,16.750
1380,07/27/2026 06:10:55,16.664
1381,07/27/2026 06:25:55,16.632
1382,07/27/2026 06:40:55,16.578
1383,07/27/2026 06:55:55,16.525
1384,07/27/2026 07:10:55,16.503
1385,07/27/2026 07:25:55,16.482
1386,07/27/2026 07:40:55,16.814
1387,07/27/2026 07:55:55,17.147
1388,07/27/2026 08:10:55,17.329
1389,07/27/2026 08:25:55,18.015
1390,07/27/2026 08:40:55,18.155
1391,07/27/2026 08:55:55,17.897
1392,07/27/2026 09:10:55,18.938
1393,07/27/2026 09:25:55,19.453
1394,07/27/2026 09:40:55,19.603
1395,07/27/2026 09:55:55,20.375
1396,07/27/2026 10:10:55,21.072
1397,07/27/2026 10:25:55,21.984
1398,07/27/2026 10:40:55,23.378
1399,07/27/2026 10:55:55,23.850
1400,07/27/2026 11:10:55,24.397
1401,07/27/2026 11:25:55,26.070
1402,07/27/2026 11:40:55,26.553
1403,07/27/2026 11:55:55,26.413
1404,07/27/2026 12:10:55,26.488
1405,07/27/2026 12:25:55,27.593
1406,07/27/2026 12:40:55,28.194
1407,07/27/2026 12:55:55,28.547
1408,07/27/2026 13:10:55,29.191
1409,07/27/2026 13:25:55,29.674
1410,07/27/2026 13:40:55,30.049
1411,07/27/2026 13:55:55,30.489
1412,07/27/2026 14:10:55,26.209
1413,07/27/2026 14:25:55,22.220
1414,07/27/2026 14:40:55,20.600
1415,07/27/2026 14:55:55,19.849
1416,07/27/2026 15:10:55,19.420
1417,07/27/2026 15:25:55,19.131
1418,07/27/2026 15:40:55,18.906
1419,07/27/2026 15:55:55,18.713
1420,07/27/2026 16:10:55,18.584
1421,07/27/2026 16:25:55,18.487
1422,07/27/2026 16:40:55,18.455
1423,07/27/2026 16:55:55,18.401
1424,07/27/2026 17:10:55,18.305
1425,07/27/2026 17:25:55,18.273
1426,07/27/2026 17:40:55,18.219
1427,07/27/2026 17:55:55,18.208
1428,07/27/2026 18:10:55,18.187
1429,07/27/2026 18:25:55,18.144
1430,07/27/2026 18:40:55,18.101
1431,07/27/2026 18:55:55,17.747
1432,07/27/2026 19:10:55,17.136
1433,07/27/2026 19:25:55,16.943
1434,07/27/2026 19:40:55,16.814
1435,07/27/2026 19:55:55,16.707
1436,07/27/2026 20:10:55,16.568
1437,07/27/2026 20:25:55,16.471
1438,07/27/2026 20:40:55,16.417
1439,07/27/2026 20:55:55,16.407
1440,07/27/2026 21:10:55,16.385
1441,07/27/2026 21:25:55,16.332
1442,07/27/2026 21:40:55,16.278
1443,07/27/2026 21:55:55,16.235
1444,07/27/2026 22:10:55,16.246
1445,07/27/2026 22:25:55,16.289
1446,07/27/2026 22:40:55,16.385
1447,07/27/2026 22:55:55,16.471
1448,07/27/2026 23:10:55,16.568
1449,07/27/2026 23:25:55,16.503
1450,07/27/2026 23:40:55,16.428
1451,07/27/2026 23:55:55,16.374
1452,07/28/2026 00:10:55,16.396
1453,07/28/2026 00:25:55,16.535
1454,07/28/2026 00:40:55,16.589
1455,07/28/2026 00:55:55,16.450
1456,07/28/2026 01:10:55,16.428
1457,07/28/2026 01:25:55,16.514
1458,07/28/2026 01:40:55,16.525
1459,07/28/2026 01:55:55,16.342
1460,07/28/2026 02:10:55,16.396
1461,07/28/2026 02:25:55,16.342
1462,07/28/2026 02:40:55,16.246
1463,07/28/2026 02:55:55,16.235
1464,07/28/2026 03:10:55,16.235
1465,07/28/2026 03:25:55,16.246
1466,07/28/2026 03:40:55,16.278
1467,07/28/2026 03:55:55,16.385
1468,07/28/2026 04:10:55,16.664
1469,07/28/2026 04:25:55,16.771
1470,07/28/2026 04:40:55,16.803
1471,07/28/2026 04:55:55,16.761
1472,07/28/2026 05:10:55,16.771
1473,07/28/2026 05:25:55,16.771
1474,07/28/2026 05:40:55,16.739
1475,07/28/2026 05:55:55,16.707
1476,07/28/2026 06:10:55,16.675
1477,07/28/2026 06:25:55,16.621
1478,07/28/2026 06:40:55,16.546
1479,07/28/2026 06:55:55,16.514
1480,07/28/2026 07:10:55,16.482
1481,07/28/2026 07:25:55,16.364
1482,07/28/2026 07:40:55,16.289
1483,07/28/2026 07:55:55,16.299
1484,07/28/2026 08:10:55,16.707
1485,07/28/2026 08:25:55,17.490
1486,07/28/2026 08:40:55,17.715
1487,07/28/2026 08:55:55,18.123
1488,07/28/2026 09:10:55,18.348
1489,07/28/2026 09:25:55,18.359
1490,07/28/2026 09:40:55,18.648
1491,07/28/2026 09:55:55,19.217
1492,07/28/2026 10:10:55,19.678
1493,07/28/2026 10:25:55,20.321
1494,07/28/2026 10:40:55,22.456
1495,07/28/2026 10:55:55,22.145
1496,07/28/2026 11:10:55,21.984
1497,07/28/2026 11:25:55,24.247
1498,07/28/2026 11:40:55,23.056
1499,07/28/2026 11:55:55,23.110
1500,07/28/2026 12:10:55,24.912
1501,07/28/2026 12:25:55,26.381
1502,07/28/2026 12:40:55,27.121
1503,07/28/2026 12:55:55,28.108
1504,07/28/2026 13:10:55,29.309
1505,07/28/2026 13:25:55,29.598
1506,07/28/2026 13:40:55,29.759
1507,07/28/2026 13:55:55,30.263
1508,07/28/2026 14:10:55,31.272
1509,07/28/2026 14:25:55,30.124
1510,07/28/2026 14:40:55,28.397
1511,07/28/2026 14:55:55,23.024
1512,07/28/2026 15:10:55,21.061
1513,07/28/2026 15:25:55,20.096
1514,07/28/2026 15:40:55,19.474
1515,07/28/2026 15:55:55,19.056
1516,07/28/2026 16:10:55,18.798
1517,07/28/2026 16:25:55,18.552
1518,07/28/2026 16:40:55,18.380
1519,07/28/2026 16:55:55,18.251
1520,07/28/2026 17:10:55,18.080
1521,07/28/2026 17:25:55,17.865
1522,07/28/2026 17:40:55,17.865
1523,07/28/2026 17:55:55,17.694
1524,07/28/2026 18:10:55,17.565
1525,07/28/2026 18:25:55,17.511
1526,07/28/2026 18:40:55,17.275
1527,07/28/2026 18:55:55,17.093
1528,07/28/2026 19:10:55,16.997
1529,07/28/2026 19:25:55,16.889
1530,07/28/2026 19:40:55,16.803
1531,07/28/2026 19:55:55,16.739
1532,07/28/2026 20:10:55,16.664
1533,07/28/2026 20:25:55,16.643
1534,07/28/2026 20:40:55,16.610
1535,07/28/2026 20:55:55,16.600
1536,07/28/2026 21:10:55,16.514
1537,07/28/2026 21:25:55,16.482
1538,07/28/2026 21:40:55,16.492
1539,07/28/2026 21:55:55,16.482
1540,07/28/2026 22:10:55,16.482
1541,07/28/2026 22:25:55,16.374
1542,07/28/2026 22:40:55,16.321
1543,07/28/2026 22:55:55,16.310
1544,07/28/2026 23:10:55,16.374
1545,07/28/2026 23:25:55,16.428
1546,07/28/2026 23:40:55,16.428
1547,07/28/2026 23:55:55,16.460
1548,07/29/2026 00:10:55,16.514
1549,07/29/2026 00:25:55,16.557
1550,07/29/2026 00:40:55,16.514
1551,07/29/2026 00:55:55,16.396
1552,07/29/2026 01:10:55,16.310
1553,07/29/2026 01:25:55,16.278
1554,07/29/2026 01:40:55,16.214
1555,07/29/2026 01:55:55,16.181
1556,07/29/2026 02:10:55,16.160
1557,07/29/2026 02:25:55,16.128
1558,07/29/2026 02:40:55,16.106
1559,07/29/2026 02:55:55,16.085
1560,07/29/2026 03:10:55,16.063
1561,07/29/2026 03:25:55,16.053
1562,07/29/2026 03:40:55,16.053
1563,07/29/2026 03:55:55,16.053
1564,07/29/2026 04:10:55,16.053
1565,07/29/2026 04:25:55,16.053
1566,07/29/2026 04:40:55,16.063
1567,07/29/2026 04:55:55,16.053
1568,07/29/2026 05:10:55,16.063
1569,07/29/2026 05:25:55,16.085
1570,07/29/2026 05:40:55,16.085
1571,07/29/2026 05:55:55,16.085
1572,07/29/2026 06:10:55,16.096
1573,07/29/2026 06:25:55,16.096
1574,07/29/2026 06:40:55,16.053
1575,07/29/2026 06:55:55,16.085
1576,07/29/2026 07:10:55,16.096
1577,07/29/2026 07:25:55,16.138
1578,07/29/2026 07:40:55,16.181
1579,07/29/2026 07:55:55,16.181
1580,07/29/2026 08:10:55,16.310
1581,07/29/2026 08:25:55,16.610
1582,07/29/2026 08:40:55,16.986
1583,07/29/2026 08:55:55,17.286
1584,07/29/2026 09:10:55,17.747
1585,07/29/2026 09:25:55,19.420
1586,07/29/2026 09:40:55,21.104
1587,07/29/2026 09:55:55,22.284
1588,07/29/2026 10:10:55,23.099
1589,07/29/2026 10:25:55,23.968
1590,07/29/2026 10:40:55,25.051
1591,07/29/2026 10:55:55,25.898
1592,07/29/2026 11:10:55,26.499
1593,07/29/2026 11:25:55,27.346
1594,07/29/2026 11:40:55,26.831
1595,07/29/2026 11:55:55,26.713
1596,07/29/2026 12:10:55,27.132
1597,07/29/2026 12:25:55,27.550
1598,07/29/2026 12:40:55,27.936
1599,07/29/2026 12:55:55,28.011
1600,07/29/2026 13:10:55,28.901
1601,07/29/2026 13:25:55,28.601
1602,07/29/2026 13:40:55,28.043
1603,07/29/2026 13:55:55,28.547
1604,07/29/2026 14:10:55,28.344
1605,07/29/2026 14:25:55,28.183
1606,07/29/2026 14:40:55,29.631
1607,07/29/2026 14:55:55,29.191
1608,07/29/2026 15:10:55,27.947
1609,07/29/2026 15:25:55,25.169
1610,07/29/2026 15:40:55,22.155
1611,07/29/2026 15:55:55,20.997
1612,07/29/2026 16:10:55,19.978
1613,07/29/2026 16:25:55,19.195
1614,07/29/2026 16:40:55,18.788
1615,07/29/2026 16:55:55,18.444
1616,07/29/2026 17:10:55,18.101
1617,07/29/2026 17:25:55,17.876
1618,07/29/2026 17:40:55,17.715
1619,07/29/2026 17:55:55,17.554
1620,07/29/2026 18:10:55,17.383
1621,07/29/2026 18:25:55,17.254
1622,07/29/2026 18:40:55,17.275
1623,07/29/2026 18:55:55,17.318
1624,07/29/2026 19:10:55,17.179
1625,07/29/2026 19:25:55,16.997
1626,07/29/2026 19:40:55,16.911
1627,07/29/2026 19:55:55,16.696
1628,07/29/2026 20:10:55,16.546
1629,07/29/2026 20:25:55,16.460
1630,07/29/2026 20:40:55,16.428
1631,07/29/2026 20:55:55,16.385
1632,07/29/2026 21:10:55,16.342
1633,07/29/2026 21:25:55,16.321
1634,07/29/2026 21:40:55,16.278
1635,07/29/2026 21:55:55,16.224
1636,07/29/2026 22:10:55,16.214
1637,07/29/2026 22:25:55,16.246
1638,07/29/2026 22:40:55,16.289
1639,07/29/2026 22:55:55,16.256
1640,07/29/2026 23:10:55,16.256
1641,07/29/2026 23:25:55,16.224
1642,07/29/2026 23:40:55,16.203
1643,07/29/2026 23:55:55,16.214
1644,07/30/2026 00:10:55,16.256
1645,07/30/2026 00:25:55,16.246
1646,07/30/2026 00:40:55,16.224
1647,07/30/2026 00:55:55,16.203
1648,07/30/2026 01:10:55,16.181
1649,07/30/2026 01:25:55,16.149
1650,07/30/2026 01:40:55,16.096
1651,07/30/2026 01:55:55,16.053
1652,07/30/2026 02:10:55,15.913
1653,07/30/2026 02:25:55,15.774
1654,07/30/2026 02:40:55,15.817
1655,07/30/2026 02:55:55,15.849
1656,07/30/2026 03:10:55,15.988
1657,07/30/2026 03:25:55,16.063
1658,07/30/2026 03:40:55,15.763
1659,07/30/2026 03:55:55,15.656
1660,07/30/2026 04:10:55,15.677
1661,07/30/2026 04:25:55,15.849
1662,07/30/2026 04:40:55,15.924
1663,07/30/2026 04:55:55,15.838
1664,07/30/2026 05:10:55,15.795
1665,07/30/2026 05:25:55,15.742
1666,07/30/2026 05:40:55,15.709
1667,07/30/2026 05:55:55,15.742
1668,07/30/2026 06:10:55,15.763
1669,07/30/2026 06:25:55,15.720
1670,07/30/2026 06:40:55,15.742
1671,07/30/2026 06:55:55,15.763
1672,07/30/2026 07:10:55,15.731
1673,07/30/2026 07:25:55,15.742
1674,07/30/2026 07:40:55,15.763
1675,07/30/2026 07:55:55,15.870
1676,07/30/2026 08:10:55,15.988
1677,07/30/2026 08:25:55,16.096
1678,07/30/2026 08:40:55,16.171
1679,07/30/2026 08:55:55,16.546
1680,07/30/2026 09:10:55,17.265
1681,07/30/2026 09:25:55,18.798
1682,07/30/2026 09:40:55,19.796
1683,07/30/2026 09:55:55,20.922
1684,07/30/2026 10:10:55,22.112
1685,07/30/2026 10:25:55,23.292
1686,07/30/2026 10:40:55,24.440
1687,07/30/2026 10:55:55,25.609
1688,07/30/2026 11:10:55,26.617
1689,07/30/2026 11:25:55,27.132
1690,07/30/2026 11:40:55,28.236
1691,07/30/2026 11:55:55,29.062
1692,07/30/2026 12:10:55,29.706
1693,07/30/2026 12:25:55,30.263
1694,07/30/2026 12:40:55,30.703
1695,07/30/2026 12:55:55,31.154
1696,07/30/2026 13:10:55,31.679
1697,07/30/2026 13:25:55,32.108
1698,07/30/2026 13:40:55,32.269
1699,07/30/2026 13:55:55,32.505
1700,07/30/2026 14:10:55,32.827
1701,07/30/2026 14:25:55,33.213
1702,07/30/2026 14:40:55,33.288
1703,07/30/2026 14:55:55,33.685
1704,07/30/2026 15:10:55,33.738
1705,07/30/2026 15:25:55,33.749
1706,07/30/2026 15:40:55,33.803
1707,07/30/2026 15:55:55,26.756
1708,07/30/2026 16:10:55,22.616
1709,07/30/2026 16:25:55,21.222
1710,07/30/2026 16:40:55,19.699
1711,07/30/2026 16:55:55,18.927
1712,07/30/2026 17:10:55,18.380
1713,07/30/2026 17:25:55,17.930
1714,07/30/2026 17:40:55,17.855
1715,07/30/2026 17:55:55,17.479
1716,07/30/2026 18:10:55,17.211
1717,07/30/2026 18:25:55,17.061
1718,07/30/2026 18:40:55,16.836
1719,07/30/2026 18:55:55,16.857
1720,07/30/2026 19:10:55,16.911
1721,07/30/2026 19:25:55,17.018
1722,07/30/2026 19:40:55,17.093
1723,07/30/2026 19:55:55,17.050
1724,07/30/2026 20:10:55,16.664
1725,07/30/2026 20:25:55,16.546
1726,07/30/2026 20:40:55,16.460
1727,07/30/2026 20:55:55,16.203
1728,07/30/2026 21:10:55,16.138
1729,07/30/2026 21:25:55,16.117
1730,07/30/2026 21:40:55,15.999
1731,07/30/2026 21:55:55,15.978
1732,07/30/2026 22:10:55,15.935
1733,07/30/2026 22:25:55,15.903
1734,07/30/2026 22:40:55,15.945
1735,07/30/2026 22:55:55,16.063
1736,07/30/2026 23:10:55,16.106
1737,07/30/2026 23:25:55,16.138
1738,07/30/2026 23:40:55,16.192
1739,07/30/2026 23:55:55,16.224
1740,07/31/2026 00:10:55,16.246
1741,07/31/2026 00:25:55,16.332
1742,07/31/2026 00:40:55,16.482
1743,07/31/2026 00:55:55,16.514
1744,07/31/2026 01:10:55,16.460
1745,07/31/2026 01:25:55,16.482
1746,07/31/2026 01:40:55,16.482
1747,07/31/2026 01:55:55,16.460
1748,07/31/2026 02:10:55,16.407
1749,07/31/2026 02:25:55,16.353
1750,07/31/2026 02:40:55,16.385
1751,07/31/2026 02:55:55,16.181
1752,07/31/2026 03:10:55,15.935
1753,07/31/2026 03:25:55,15.763
1754,07/31/2026 03:40:55,15.667
1755,07/31/2026 03:55:55,15.602
1756,07/31/2026 04:10:55,15.538
1757,07/31/2026 04:25:55,15.484
1758,07/31/2026 04:40:55,15.484
1759,07/31/2026 04:55:55,15.570
1760,07/31/2026 05:10:55,15.581
1761,07/31/2026 05:25:55,15.592
1762,07/31/2026 05:40:55,15.774
1763,07/31/2026 05:55:55,15.763
1764,07/31/2026 06:10:55,15.892
1765,07/31/2026 06:25:55,15.967
1766,07/31/2026 06:40:55,15.945
1767,07/31/2026 06:55:55,15.903
1768,07/31/2026 07:10:55,15.860
1769,07/31/2026 07:25:55,15.849
1770,07/31/2026 07:40:55,15.709
1771,07/31/2026 07:55:55,15.581
1772,07/31/2026 08:10:55,15.516
1773,07/31/2026 08:25:55,15.624
1774,07/31/2026 08:40:55,15.677
1775,07/31/2026 08:55:55,15.795
1776,07/31/2026 09:10:55,16.010
1777,07/31/2026 09:25:55,16.321
1778,07/31/2026 09:40:55,17.093
1779,07/31/2026 09:55:55,18.616
1780,07/31/2026 10:10:55,20.364
1781,07/31/2026 10:25:55,21.490
1782,07/31/2026 10:40:55,22.820
1783,07/31/2026 10:55:55,24.064
1784,07/31/2026 11:10:55,25.233
1785,07/31/2026 11:25:55,26.295
1786,07/31/2026 11:40:55,27.421
1787,07/31/2026 11:55:55,28.076
1788,07/31/2026 12:10:55,28.783
1789,07/31/2026 12:25:55,29.320
1790,07/31/2026 12:40:55,29.781
1791,07/31/2026 12:55:55,30.210
1792,07/31/2026 13:10:55,30.692
1793,07/31/2026 13:25:55,30.886
1794,07/31/2026 13:40:55,30.961
1795,07/31/2026 13:55:55,31.239
1796,07/31/2026 14:10:55,31.615
1797,07/31/2026 14:25:55,31.937
1798,07/31/2026 14:40:55,31.851
1799,07/31/2026 14:55:55,31.819
1800,07/31/2026 15:10:55,32.108
1801,07/31/2026 15:25:55,32.108
1802,07/31/2026 15:40:55,32.097
1803,07/31/2026 15:55:55,32.055
1804,07/31/2026 16:10:55,30.564
1805,07/31/2026 16:25:55,24.547
1806,07/31/2026 16:40:55,22.413
1807,07/31/2026 16:55:55,21.244
1808,07/31/2026 17:10:55,20.193
1809,07/31/2026 17:25:55,19.849
1810,07/31/2026 17:40:55,19.270
1811,07/31/2026 17:55:55,18.745
1812,07/31/2026 18:10:55,18.090
1813,07/31/2026 18:25:55,17.608
1814,07/31/2026 18:40:55,17.554
1815,07/31/2026 18:55:55,17.350
1816,07/31/2026 19:10:55,17.265
1817,07/31/2026 19:25:55,17.072
1818,07/31/2026 19:40:55,17.329
1819,07/31/2026 19:55:55,17.265
1820,07/31/2026 20:10:55,16.964
1821,07/31/2026 20:25:55,16.900
1822,07/31/2026 20:40:55,16.750
1823,07/31/2026 20:55:55,16.632
1824,07/31/2026 21:10:55,16.450
1825,07/31/2026 21:25:55,16.332
1826,07/31/2026 21:40:55,16.203
1827,07/31/2026 21:55:55,16.128
1828,07/31/2026 22:10:55,16.063
1829,07/31/2026 22:25:55,15.988
1830,07/31/2026 22:40:55,15.924
1831,07/31/2026 22:55:55,15.913
1832,07/31/2026 23:10:55,15.892
1833,07/31/2026 23:25:55,15.913
1834,07/31/2026 23:40:55,16.128
1835,07/31/2026 23:55:55,16.138
1836,08/01/2026 00:10:55,16.171
1837,08/01/2026 00:25:55,16.171
1838,08/01/2026 00:40:55,16.171
1839,08/01/2026 00:55:55,16.149
1840,08/01/2026 01:10:55,16.192
1841,08/01/2026 01:25:55,16.224
1842,08/01/2026 01:40:55,16.085
1843,08/01/2026 01:55:55,15.988
1844,08/01/2026 02:10:55,15.945
1845,08/01/2026 02:25:55,15.945
1846,08/01/2026 02:40:55,15.924
1847,08/01/2026 02:55:55,15.881
1848,08/01/2026 03:10:55,15.838
1849,08/01/2026 03:25:55,15.806
1850,08/01/2026 03:40:55,15.827
1851,08/01/2026 03:55:55,15.827
1852,08/01/2026 04:10:55,15.838
1853,08/01/2026 04:25:55,15.870
1854,08/01/2026 04:40:55,15.978
1855,08/01/2026 04:55:55,16.128
1856,08/01/2026 05:10:55,16.224
1857,08/01/2026 05:25:55,16.278
1858,08/01/2026 05:40:55,16.310
1859,08/01/2026 05:55:55,16.299
1860,08/01/2026 06:10:55,16.299
1861,08/01/2026 06:25:55,16.310
1862,08/01/2026 06:40:55,16.310
1863,08/01/2026 06:55:55,16.310
1864,08/01/2026 07:10:55,16.310
1865,08/01/2026 07:25:55,16.310
1866,08/01/2026 07:40:55,16.321
1867,08/01/2026 07:55:55,16.332
1868,08/01/2026 08:10:55,16.342
1869,08/01/2026 08:25:55,16.353
1870,08/01/2026 08:40:55,16.374
1871,08/01/2026 08:55:55,16.417
1872,08/01/2026 09:10:55,16.460
1873,08/01/2026 09:25:55,16.514
1874,08/01/2026 09:40:55,16.535
1875,08/01/2026 09:55:55,16.568
1876,08/01/2026 10:10:55,16.621
1877,08/01/2026 10:25:55,16.782
1878,08/01/2026 10:40:55,17.554
1879,08/01/2026 10:55:55,18.562
1880,08/01/2026 11:10:55,19.742
1881,08/01/2026 11:25:55,20.729
1882,08/01/2026 11:40:55,20.622
1883,08/01/2026 11:55:55,20.085
1884,08/01/2026 12:10:55,22.166
1885,08/01/2026 12:25:55,22.069
1886,08/01/2026 12:40:55,22.391
1887,08/01/2026 12:55:55,23.356
1888,08/01/2026 13:10:55,24.225
1889,08/01/2026 13:25:55,24.783
1890,08/01/2026 13:40:55,25.212
1891,08/01/2026 13:55:55,25.341
1892,08/01/2026 14:10:55,25.544
1893,08/01/2026 14:25:55,25.813
1894,08/01/2026 14:40:55,25.823
1895,08/01/2026 14:55:55,25.984
1896,08/01/2026 15:10:55,25.298
1897,08/01/2026 15:25:55,24.826
1898,08/01/2026 15:40:55,25.083
1899,08/01/2026 15:55:55,24.933
1900,08/01/2026 16:10:55,25.619
1901,08/01/2026 16:25:55,25.823
1902,08/01/2026 16:40:55,23.303
1903,08/01/2026 16:55:55,20.611
1904,08/01/2026 17:10:55,19.377
1905,08/01/2026 17:25:55,18.755
1906,08/01/2026 17:40:55,18.069
1907,08/01/2026 17:55:55,17.586
1908,08/01/2026 18:10:55,17.447
1909,08/01/2026 18:25:55,17.318
1910,08/01/2026 18:40:55,17.168
1911,08/01/2026 18:55:55,17.157
1912,08/01/2026 19:10:55,17.190
1913,08/01/2026 19:25:55,17.093
1914,08/01/2026 19:40:55,17.072
1915,08/01/2026 19:55:55,17.039
1916,08/01/2026 20:10:55,16.975
1917,08/01/2026 20:25:55,16.975
1918,08/01/2026 20:40:55,16.986
1919,08/01/2026 20:55:55,16.943
1920,08/01/2026 21:10:55,16.889
1921,08/01/2026 21:25:55,16.846
1922,08/01/2026 21:40:55,16.943
1923,08/01/2026 21:55:55,16.900
1924,08/01/2026 22:10:55,16.803
1925,08/01/2026 22:25:55,16.825
1926,08/01/2026 22:40:55,16.825
1927,08/01/2026 22:55:55,16.846
1928,08/01/2026 23:10:55,16.803
1929,08/01/2026 23:25:55,16.803
1930,08/01/2026 23:40:55,16.771
1931,08/01/2026 23:55:55,16.771
1932,08/02/2026 00:10:55,16.750
1933,08/02/2026 00:25:55,16.718
1934,08/02/2026 00:40:55,16.707
1935,08/02/2026 00:55:55,16.664
1936,08/02/2026 01:10:55,16.568
1937,08/02/2026 01:25:55,16.396
1938,08/02/2026 01:40:55,15.709
1939,08/02/2026 01:55:55,15.388
1940,08/02/2026 02:10:55,15.184
1941,08/02/2026 02:25:55,15.045
1942,08/02/2026 02:40:55,14.980
1943,08/02/2026 02:55:55,14.927
1944,08/02/2026 03:10:55,15.002
1945,08/02/2026 03:25:55,14.905
1946,08/02/2026 03:40:55,15.313
1947,08/02/2026 03:55:55,15.506
1948,08/02/2026 04:10:55,15.645
1949,08/02/2026 04:25:55,15.774
1950,08/02/2026 04:40:55,15.903
1951,08/02/2026 04:55:55,15.956
1952,08/02/2026 05:10:55,16.031
1953,08/02/2026 05:25:55,16.085
1954,08/02/2026 05:40:55,16.192
1955,08/02/2026 05:55:55,16.214
1956,08/02/2026 06:10:55,16.310
1957,08/02/2026 06:25:55,16.439
1958,08/02/2026 06:40:55,16.417
1959,08/02/2026 06:55:55,16.396
1960,08/02/2026 07:10:55,16.417
1961,08/02/2026 07:25:55,16.450
1962,08/02/2026 07:40:55,16.471
1963,08/02/2026 07:55:55,16.396
1964,08/02/2026 08:10:55,16.460
1965,08/02/2026 08:25:55,16.546
1966,08/02/2026 08:40:55,16.535
1967,08/02/2026 08:55:55,16.632
1968,08/02/2026 09:10:55,16.664
1969,08/02/2026 09:25:55,16.696
1970,08/02/2026 09:40:55,16.728
1971,08/02/2026 09:55:55,16.803
1972,08/02/2026 10:10:55,16.932
1973,08/02/2026 10:25:55,17.125
1974,08/02/2026 10:40:55,17.340
1975,08/02/2026 10:55:55,17.490
1976,08/02/2026 11:10:55,18.369
1977,08/02/2026 11:25:55,20.246
1978,08/02/2026 11:40:55,20.375
1979,08/02/2026 11:55:55,19.978
1980,08/02/2026 12:10:55,19.946
1981,08/02/2026 12:25:55,20.600
1982,08/02/2026 12:40:55,20.064
1983,08/02/2026 12:55:55,20.450
1984,08/02/2026 13:10:55,21.565
1985,08/02/2026 13:25:55,23.163
1986,08/02/2026 13:40:55,24.644
1987,08/02/2026 13:55:55,27.196
1988,08/02/2026 14:10:55,27.807
1989,08/02/2026 14:25:55,24.869
1990,08/02/2026 14:40:55,24.761
1991,08/02/2026 14:55:55,25.051
1992,08/02/2026 15:10:55,27.024
1993,08/02/2026 15:25:55,27.915
1994,08/02/2026 15:40:55,25.834
1995,08/02/2026 15:55:55,24.944
1996,08/02/2026 16:10:55,24.729
1997,08/02/2026 16:25:55,24.804
1998,08/02/2026 16:40:55,23.968
1999,08/02/2026 16:55:55,22.745
2000,08/02/2026 17:10:55,21.147
2001,08/02/2026 17:25:55,20.139
2002,08/02/2026 17:40:55,19.335
2003,08/02/2026 17:55:55,18.841
2004,08/02/2026 18:10:55,18.466
2005,08/02/2026 18:25:55,18.316
2006,08/02/2026 18:40:55,18.101
2007,08/02/2026 18:55:55,17.876
2008,08/02/2026 19:10:55,17.822
2009,08/02/2026 19:25:55,17.586
2010,08/02/2026 19:40:55,17.479
2011,08/02/2026 19:55:55,17.329
2012,08/02/2026 20:10:55,17.222
2013,08/02/2026 20:25:55,17.104
2014,08/02/2026 20:40:55,17.007
2015,08/02/2026 20:55:55,16.932
2016,08/02/2026 21:10:55,16.889
2017,08/02/2026 21:25:55,16.814
2018,08/02/2026 21:40:55,16.696
2019,08/02/2026 21:55:55,16.664
2020,08/02/2026 22:10:55,16.568
2021,08/02/2026 22:25:55,16.568
2022,08/02/2026 22:40:55,16.546
2023,08/02/2026 22:55:55,16.310
2024,08/02/2026 23:10:55,16.171
2025,08/02/2026 23:25:55,16.085
2026,08/02/2026 23:40:55,15.967
2027,08/02/2026 23:55:55,15.978
2028,08/03/2026 00:10:55,16.010
2029,08/03/2026 00:25:55,16.031
2030,08/03/2026 00:40:55,15.956
2031,08/03/2026 00:55:55,15.945
2032,08/03/2026 01:10:55,15.913
2033,08/03/2026 01:25:55,15.549
2034,08/03/2026 01:40:55,14.358
2035,08/03/2026 01:55:55,13.929
2036,08/03/2026 02:10:55,13.640
2037,08/03/2026 02:25:55,13.382
2038,08/03/2026 02:40:55,13.178
2039,08/03/2026 02:55:55,12.996
2040,08/03/2026 03:10:55,12.771
2041,08/03/2026 03:25:55,12.621
2042,08/03/2026 03:40:55,12.460
2043,08/03/2026 03:55:55,12.310
2044,08/03/2026 04:10:55,12.202
2045,08/03/2026 04:25:55,12.117
2046,08/03/2026 04:40:55,12.009
2047,08/03/2026 04:55:55,11.902
2048,08/03/2026 05:10:55,13.125
2049,08/03/2026 05:25:55,13.972
2050,08/03/2026 05:40:55,14.305
2051,08/03/2026 05:55:55,14.530
2052,08/03/2026 06:10:55,14.583
2053,08/03/2026 06:25:55,14.680
2054,08/03/2026 06:40:55,14.787
2055,08/03/2026 06:55:55,14.830
2056,08/03/2026 07:10:55,14.937
2057,08/03/2026 07:25:55,14.991
2058,08/03/2026 07:40:55,15.120
2059,08/03/2026 07:55:55,15.366
2060,08/03/2026 08:10:55,15.452
2061,08/03/2026 08:25:55,15.613
2062,08/03/2026 08:40:55,15.742
2063,08/03/2026 08:55:55,15.849
2064,08/03/2026 09:10:55,15.860
2065,08/03/2026 09:25:55,15.924
2066,08/03/2026 09:40:55,15.967
2067,08/03/2026 09:55:55,15.999
2068,08/03/2026 10:10:55,15.913
2069,08/03/2026 10:25:55,15.967
2070,08/03/2026 10:40:55,15.935
2071,08/03/2026 10:55:55,16.085
2072,08/03/2026 11:10:55,16.203
2073,08/03/2026 11:25:55,16.396
2074,08/03/2026 11:40:55,16.793
2075,08/03/2026 11:55:55,17.597
2076,08/03/2026 12:10:55,18.809
2077,08/03/2026 12:25:55,20.386
2078,08/03/2026 12:40:55,22.187
2079,08/03/2026 12:55:55,22.670
2080,08/03/2026 13:10:55,23.507
2081,08/03/2026 13:25:55,24.118
2082,08/03/2026 13:40:55,24.311
2083,08/03/2026 13:55:55,24.804
2084,08/03/2026 14:10:55,25.577
2085,08/03/2026 14:25:55,26.081
2086,08/03/2026 14:40:55,26.306
2087,08/03/2026 14:55:55,26.842
2088,08/03/2026 15:10:55,26.896
2089,08/03/2026 15:25:55,27.571
2090,08/03/2026 15:40:55,28.161
2091,08/03/2026 15:55:55,28.311
2092,08/03/2026 16:10:55,28.451
2093,08/03/2026 16:25:55,27.861
2094,08/03/2026 16:40:55,27.561
2095,08/03/2026 16:55:55,27.561
2096,08/03/2026 17:10:55,23.453
2097,08/03/2026 17:25:55,19.635
2098,08/03/2026 17:40:55,17.983
2099,08/03/2026 17:55:55,17.318
2100,08/03/2026 18:10:55,17.072
2101,08/03/2026 18:25:55,16.460
2102,08/03/2026 18:40:55,16.203
2103,08/03/2026 18:55:55,16.096
2104,08/03/2026 19:10:55,15.967
2105,08/03/2026 19:25:55,15.752
2106,08/03/2026 19:40:55,15.752
2107,08/03/2026 19:55:55,15.860
2108,08/03/2026 20:10:55,15.967
2109,08/03/2026 20:25:55,16.053
2110,08/03/2026 20:40:55,16.203
2111,08/03/2026 20:55:55,16.289
2112,08/03/2026 21:10:55,16.289
2113,08/03/2026 21:25:55,16.267
2114,08/03/2026 21:40:55,16.214
2115,08/03/2026 21:55:55,16.171
2116,08/03/2026 22:10:55,16.203
2117,08/03/2026 22:25:55,16.224
2118,08/03/2026 22:40:55,16.214
2119,08/03/2026 22:55:55,16.181
2120,08/03/2026 23:10:55,16.192
2121,08/03/2026 23:25:55,16.031
2122,08/03/2026 23:40:55,15.849
2123,08/03/2026 23:55:55,15.656
2124,08/04/2026 00:10:55,15.795
2125,08/04/2026 00:25:55,15.870
2126,08/04/2026 00:40:55,15.913
2127,08/04/2026 00:55:55,15.978
2128,08/04/2026 01:10:55,16.010
2129,08/04/2026 01:25:55,15.988
2130,08/04/2026 01:40:55,15.656
2131,08/04/2026 01:55:55,14.916
2132,08/04/2026 02:10:55,14.519
2133,08/04/2026 02:25:55,14.294
2134,08/04/2026 02:40:55,14.122
2135,08/04/2026 02:55:55,13.972
2136,08/04/2026 03:10:55,13.811
2137,08/04/2026 03:25:55,13.640
2138,08/04/2026 03:40:55,13.554
2139,08/04/2026 03:55:55,13.404
2140,08/04/2026 04:10:55,13.307
2141,08/04/2026 04:25:55,13.189
2142,08/04/2026 04:40:55,13.125
2143,08/04/2026 04:55:55,13.039
2144,08/04/2026 05:10:55,12.975
2145,08/04/2026 05:25:55,12.878
2146,08/04/2026 05:40:55,12.803
2147,08/04/2026 05:55:55,12.771
2148,08/04/2026 06:10:55,12.760
2149,08/04/2026 06:25:55,12.889
2150,08/04/2026 06:40:55,13.854
2151,08/04/2026 06:55:55,14.154
2152,08/04/2026 07:10:55,14.444
2153,08/04/2026 07:25:55,14.680
2154,08/04/2026 07:40:55,14.755
2155,08/04/2026 07:55:55,14.959
2156,08/04/2026 08:10:55,15.163
2157,08/04/2026 08:25:55,15.248
2158,08/04/2026 08:40:55,15.280
2159,08/04/2026 08:55:55,15.205
2160,08/04/2026 09:10:55,15.227
2161,08/04/2026 09:25:55,15.238
2162,08/04/2026 09:40:55,15.248
2163,08/04/2026 09:55:55,15.280
2164,08/04/2026 10:10:55,15.356
2165,08/04/2026 10:25:55,15.452
2166,08/04/2026 10:40:55,15.484
2167,08/04/2026 10:55:55,15.549
2168,08/04/2026 11:10:55,15.602
2169,08/04/2026 11:25:55,15.613
2170,08/04/2026 11:40:55,15.602
2171,08/04/2026 11:55:55,15.731
2172,08/04/2026 12:10:55,15.988
2173,08/04/2026 12:25:55,16.138
2174,08/04/2026 12:40:55,16.246
2175,08/04/2026 12:55:55,16.868
2176,08/04/2026 13:10:55,17.222
2177,08/04/2026 13:25:55,17.962
2178,08/04/2026 13:40:55,19.152
2179,08/04/2026 13:55:55,22.295
2180,08/04/2026 14:10:55,24.107
2181,08/04/2026 14:25:55,24.922
2182,08/04/2026 14:40:55,25.555
2183,08/04/2026 14:55:55,26.177
2184,08/04/2026 15:10:55,26.617
2185,08/04/2026 15:25:55,26.553
2186,08/04/2026 15:40:55,26.756
2187,08/04/2026 15:55:55,27.003
2188,08/04/2026 16:10:55,27.121
2189,08/04/2026 16:25:55,27.035
2190,08/04/2026 16:40:55,27.003
2191,08/04/2026 16:55:55,23.925
2192,08/04/2026 17:10:55,20.300
2193,08/04/2026 17:25:55,18.359
2194,08/04/2026 17:40:55,17.415
2195,08/04/2026 17:55:55,17.114
2196,08/04/2026 18:10:55,16.771
2197,08/04/2026 18:25:55,16.568
2198,08/04/2026 18:40:55,16.460
2199,08/04/2026 18:55:55,16.342
2200,08/04/2026 19:10:55,16.149
2201,08/04/2026 19:25:55,16.096
2202,08/04/2026 19:40:55,16.117
2203,08/04/2026 19:55:55,16.171
2204,08/04/2026 20:10:55,16.214
2205,08/04/2026 20:25:55,16.203
2206,08/04/2026 20:40:55,16.181
2207,08/04/2026 20:55:55,16.192
2208,08/04/2026 21:10:55,16.192
2209,08/04/2026 21:25:55,16.203
2210,08/04/2026 21:40:55,16.224
2211,08/04/2026 21:55:55,16.224
2212,08/04/2026 22:10:55,16.224
2213,08/04/2026 22:25:55,16.224
2214,08/04/2026 22:40:55,16.224
2215,08/04/2026 22:55:55,16.246
2216,08/04/2026 23:10:55,16.235
2217,08/04/2026 23:25:55,16.224
2218,08/04/2026 23:40:55,16.246
2219,08/04/2026 23:55:55,16.256
2220,08/05/2026 00:10:55,16.214
2221,08/05/2026 00:25:55,16.149
2222,08/05/2026 00:40:55,16.149
2223,08/05/2026 00:55:55,16.171
2224,08/05/2026 01:10:55,16.203
2225,08/05/2026 01:25:55,16.203
2226,08/05/2026 01:40:55,16.192
2227,08/05/2026 01:55:55,16.085
2228,08/05/2026 02:10:55,15.216
2229,08/05/2026 02:25:55,14.498
2230,08/05/2026 02:40:55,14.122
2231,08/05/2026 02:55:55,13.843
2232,08/05/2026 03:10:55,13.607
2233,08/05/2026 03:25:55,13.425
2234,08/05/2026 03:40:55,13.211
2235,08/05/2026 03:55:55,13.082
2236,08/05/2026 04:10:55,13.007
2237,08/05/2026 04:25:55,12.878
2238,08/05/2026 04:40:55,12.696
2239,08/05/2026 04:55:55,12.524
2240,08/05/2026 05:10:55,12.406
2241,08/05/2026 05:25:55,12.449
2242,08/05/2026 05:40:55,12.288
2243,08/05/2026 05:55:55,12.170
2244,08/05/2026 06:10:55,12.138
2245,08/05/2026 06:25:55,12.192
2246,08/05/2026 06:40:55,12.310
2247,08/05/2026 06:55:55,12.492
2248,08/05/2026 07:10:55,12.803
2249,08/05/2026 07:25:55,13.157
2250,08/05/2026 07:40:55,13.554
2251,08/05/2026 07:55:55,14.444
2252,08/05/2026 08:10:55,14.626
2253,08/05/2026 08:25:55,14.862
2254,08/05/2026 08:40:55,15.120
2255,08/05/2026 08:55:55,15.398
2256,08/05/2026 09:10:55,15.613
2257,08/05/2026 09:25:55,15.709
2258,08/05/2026 09:40:55,15.677
2259,08/05/2026 09:55:55,15.656
2260,08/05/2026 10:10:55,15.634
2261,08/05/2026 10:25:55,15.506
2262,08/05/2026 10:40:55,15.763
2263,08/05/2026 10:55:55,15.935
2264,08/05/2026 11:10:55,16.085
2265,08/05/2026 11:25:55,16.074
2266,08/05/2026 11:40:55,16.031
2267,08/05/2026 11:55:55,15.956
2268,08/05/2026 12:10:55,15.849
2269,08/05/2026 12:25:55,15.870
2270,08/05/2026 12:40:55,15.978
2271,08/05/2026 12:55:55,15.903
2272,08/05/2026 13:10:55,15.988
2273,08/05/2026 13:25:55,16.160
2274,08/05/2026 13:40:55,16.138
2275,08/05/2026 13:55:55,16.256
2276,08/05/2026 14:10:55,16.503
2277,08/05/2026 14:25:55,16.589
2278,08/05/2026 14:40:55,16.653
2279,08/05/2026 14:55:55,18.337
2280,08/05/2026 15:10:55,19.249
2281,08/05/2026 15:25:55,20.160
2282,08/05/2026 15:40:55,20.107
2283,08/05/2026 15:55:55,20.139
2284,08/05/2026 16:10:55,20.064
2285,08/05/2026 16:25:55,20.096
2286,08/05/2026 16:40:55,19.978
2287,08/05/2026 16:55:55,19.946
2288,08/05/2026 17:10:55,20.343
2289,08/05/2026 17:25:55,20.321
2290,08/05/2026 17:40:55,20.053
2291,08/05/2026 17:55:55,19.560
2292,08/05/2026 18:10:55,18.959
2293,08/05/2026 18:25:55,18.616
2294,08/05/2026 18:40:55,18.498
2295,08/05/2026 18:55:55,18.273
2296,08/05/2026 19:10:55,18.048
2297,08/05/2026 19:25:55,17.865
2298,08/05/2026 19:40:55,17.479
2299,08/05/2026 19:55:55,17.232
2300,08/05/2026 20:10:55,17.136
2301,08/05/2026 20:25:55,17.018
2302,08/05/2026 20:40:55,16.997
2303,08/05/2026 20:55:55,16.975
2304,08/05/2026 21:10:55,16.943
2305,08/05/2026 21:25:55,16.900
2306,08/05/2026 21:40:55,16.900
2307,08/05/2026 21:55:55,16.900
2308,08/05/2026 22:10:55,16.943
2309,08/05/2026 22:25:55,16.964
2310,08/05/2026 22:40:55,16.750
2311,08/05/2026 22:55:55,16.718
2312,08/05/2026 23:10:55,16.761
2313,08/05/2026 23:25:55,16.825
2314,08/05/2026 23:40:55,16.632
2315,08/05/2026 23:55:55,16.407
2316,08/06/2026 00:10:55,16.235
2317,08/06/2026 00:25:55,16.214
2318,08/06/2026 00:40:55,16.171
2319,08/06/2026 00:55:55,16.053
2320,08/06/2026 01:10:55,16.063
2321,08/06/2026 01:25:55,16.310
2322,08/06/2026 01:40:55,16.364
2323,08/06/2026 01:55:55,16.246
2324,08/06/2026 02:10:55,16.396
2325,08/06/2026 02:25:55,16.374
2326,08/06/2026 02:40:55,15.892
2327,08/06/2026 02:55:55,15.173
2328,08/06/2026 03:10:55,14.787
2329,08/06/2026 03:25:55,14.519
2330,08/06/2026 03:40:55,14.283
2331,08/06/2026 03:55:55,14.101
2332,08/06/2026 04:10:55,13.908
2333,08/06/2026 04:25:55,13.704
2334,08/06/2026 04:40:55,13.575
2335,08/06/2026 04:55:55,13.436
2336,08/06/2026 05:10:55,13.296
2337,08/06/2026 05:25:55,13.200
2338,08/06/2026 05:40:55,13.071
2339,08/06/2026 05:55:55,13.017
2340,08/06/2026 06:10:55,12.985
2341,08/06/2026 06:25:55,13.007
2342,08/06/2026 06:40:55,13.114
2343,08/06/2026 06:55:55,13.286
2344,08/06/2026 07:10:55,13.532
2345,08/06/2026 07:25:55,13.790
2346,08/06/2026 07:40:55,14.079
2347,08/06/2026 07:55:55,14.412
2348,08/06/2026 08:10:55,14.819
2349,08/06/2026 08:25:55,15.345
2350,08/06/2026 08:40:55,16.063
2351,08/06/2026 08:55:55,16.975
2352,08/06/2026 09:10:55,17.007
2353,08/06/2026 09:25:55,16.750
2354,08/06/2026 09:40:55,16.803
2355,08/06/2026 09:55:55,16.685
2356,08/06/2026 10:10:55,16.975
2357,08/06/2026 10:25:55,17.243
2358,08/06/2026 10:40:55,17.383
2359,08/06/2026 10:55:55,17.372
2360,08/06/2026 11:10:55,17.318
2361,08/06/2026 11:25:55,17.232
2362,08/06/2026 11:40:55,17.232
2363,08/06/2026 11:55:55,17.254
2364,08/06/2026 12:10:55,17.093
2365,08/06/2026 12:25:55,17.232
2366,08/06/2026 12:40:55,17.050
2367,08/06/2026 12:55:55,16.868
2368,08/06/2026 13:10:55,16.514
2369,08/06/2026 13:25:55,16.546
2370,08/06/2026 13:40:55,16.632
2371,08/06/2026 13:55:55,16.632
2372,08/06/2026 14:10:55,16.803
2373,08/06/2026 14:25:55,17.265
2374,08/06/2026 14:40:55,17.747
2375,08/06/2026 14:55:55,17.222
2376,08/06/2026 15:10:55,16.986
2377,08/06/2026 15:25:55,17.726
2378,08/06/2026 15:40:55,17.436
2379,08/06/2026 15:55:55,17.887
2380,08/06/2026 16:10:55,17.908
2381,08/06/2026 16:25:55,18.187
2382,08/06/2026 16:40:55,18.219
2383,08/06/2026 16:55:55,18.326
2384,08/06/2026 17:10:55,18.284
2385,08/06/2026 17:25:55,18.037
2386,08/06/2026 17:40:55,17.919
2387,08/06/2026 17:55:55,17.930
2388,08/06/2026 18:10:55,18.015
2389,08/06/2026 18:25:55,17.908
2390,08/06/2026 18:40:55,17.694
2391,08/06/2026 18:55:55,17.586
2392,08/06/2026 19:10:55,17.415
2393,08/06/2026 19:25:55,17.383
2394,08/06/2026 19:40:55,17.468
2395,08/06/2026 19:55:55,17.522
2396,08/06/2026 20:10:55,17.608
2397,08/06/2026 20:25:55,17.265
2398,08/06/2026 20:40:55,17.136
2399,08/06/2026 20:55:55,17.232
2400,08/06/2026 21:10:55,17.200
2401,08/06/2026 21:25:55,17.275
2402,08/06/2026 21:40:55,17.426
2403,08/06/2026 21:55:55,17.501
2404,08/06/2026 22:10:55,17.554
2405,08/06/2026 22:25:55,17.586
2406,08/06/2026 22:40:55,17.608
2407,08/06/2026 22:55:55,17.640
2408,08/06/2026 23:10:55,17.554
2409,08/06/2026 23:25:55,17.608
2410,08/06/2026 23:40:55,17.651
2411,08/06/2026 23:55:55,17.704
2412,08/07/2026 00:10:55,17.726
2413,08/07/2026 00:25:55,17.769
2414,08/07/2026 00:40:55,17.769
2415,08/07/2026 00:55:55,17.779
2416,08/07/2026 01:10:55,17.779
2417,08/07/2026 01:25:55,17.286
2418,08/07/2026 01:40:55,17.050
2419,08/07/2026 01:55:55,17.318
2420,08/07/2026 02:10:55,17.554
2421,08/07/2026 02:25:55,17.576
2422,08/07/2026 02:40:55,17.576
2423,08/07/2026 02:55:55,17.490
2424,08/07/2026 03:10:55,17.383
2425,08/07/2026 03:25:55,16.621
2426,08/07/2026 03:40:55,15.795
2427,08/07/2026 03:55:55,15.388
2428,08/07/2026 04:10:55,15.130
2429,08/07/2026 04:25:55,14.905
2430,08/07/2026 04:40:55,14.712
2431,08/07/2026 04:55:55,14.487
2432,08/07/2026 05:10:55,14.272
2433,08/07/2026 05:25:55,14.101
2434,08/07/2026 05:40:55,13.940
2435,08/07/2026 05:55:55,13.822
2436,08/07/2026 06:10:55,13.747
2437,08/07/2026 06:25:55,13.768
2438,08/07/2026 06:40:55,13.843
2439,08/07/2026 06:55:55,13.940
2440,08/07/2026 07:10:55,14.176
2441,08/07/2026 07:25:55,14.444
2442,08/07/2026 07:40:55,14.755
2443,08/07/2026 07:55:55,15.184
2444,08/07/2026 08:10:55,15.763
2445,08/07/2026 08:25:55,16.600
2446,08/07/2026 08:40:55,17.511
2447,08/07/2026 08:55:55,18.595
2448,08/07/2026 09:10:55,19.742
2449,08/07/2026 09:25:55,20.943
2450,08/07/2026 09:40:55,22.155
2451,08/07/2026 09:55:55,23.303
2452,08/07/2026 10:10:55,21.984
2453,08/07/2026 10:25:55,19.345
2454,08/07/2026 10:40:55,18.058
2455,08/07/2026 10:55:55,17.779
2456,08/07/2026 11:10:55,17.833
2457,08/07/2026 11:25:55,17.972
2458,08/07/2026 11:40:55,18.241
2459,08/07/2026 11:55:55,18.198
2460,08/07/2026 12:10:55,18.316
2461,08/07/2026 12:25:55,18.294
2462,08/07/2026 12:40:55,18.015
2463,08/07/2026 12:55:55,17.597
2464,08/07/2026 13:10:55,17.222
2465,08/07/2026 13:25:55,17.887
2466,08/07/2026 13:40:55,18.015
2467,08/07/2026 13:55:55,17.962
2468,08/07/2026 14:10:55,17.726
2469,08/07/2026 14:25:55,17.093
2470,08/07/2026 14:40:55,16.718
2471,08/07/2026 14:55:55,17.190
2472,08/07/2026 15:10:55,18.584
2473,08/07/2026 15:25:55,19.377
2474,08/07/2026 15:40:55,19.828
2475,08/07/2026 15:55:55,19.453
2476,08/07/2026 16:10:55,18.959
2477,08/07/2026 16:25:55,17.887
2478,08/07/2026 16:40:55,18.284
2479,08/07/2026 16:55:55,17.286
2480,08/07/2026 17:10:55,17.694
2481,08/07/2026 17:25:55,18.541
2482,08/07/2026 17:40:55,18.530
2483,08/07/2026 17:55:55,17.769
2484,08/07/2026 18:10:55,17.318
2485,08/07/2026 18:25:55,17.383
2486,08/07/2026 18:40:55,18.284
2487,08/07/2026 18:55:55,18.337
2488,08/07/2026 19:10:55,18.873
2489,08/07/2026 19:25:55,18.927
2490,08/07/2026 19:40:55,18.294
2491,08/07/2026 19:55:55,18.155
2492,08/07/2026 20:10:55,17.340
2493,08/07/2026 20:25:55,17.415
2494,08/07/2026 20:40:55,18.133
2495,08/07/2026 20:55:55,18.788
2496,08/07/2026 21:10:55,19.249
2497,08/07/2026 21:25:55,19.517
2498,08/07/2026 21:40:55,19.592
2499,08/07/2026 21:55:55,19.560
2500,08/07/2026 22:10:55,18.562
2501,08/07/2026 22:25:55,18.487
2502,08/07/2026 22:40:55,17.930
2503,08/07/2026 22:55:55,17.726
2504,08/07/2026 23:10:55,17.651
2505,08/07/2026 23:25:55,17.415
2506,08/07/2026 23:40:55,17.436
2507,08/07/2026 23:55:55,17.211
2508,08/08/2026 00:10:55,17.029
2509,08/08/2026 00:25:55,16.739
2510,08/08/2026 00:40:55,16.578
2511,08/08/2026 00:55:55,16.535
2512,08/08/2026 01:10:55,16.460
2513,08/08/2026 01:25:55,16.385
2514,08/08/2026 01:40:55,16.289
2515,08/08/2026 01:55:55,16.546
2516,08/08/2026 02:10:55,16.739
2517,08/08/2026 02:25:55,16.600
2518,08/08/2026 02:40:55,16.460
2519,08/08/2026 02:55:55,16.696
2520,08/08/2026 03:10:55,17.436
2521,08/08/2026 03:25:55,17.779
2522,08/08/2026 03:40:55,17.962
2523,08/08/2026 03:55:55,18.048
2524,08/08/2026 04:10:55,17.908
2525,08/08/2026 04:25:55,17.114
2526,08/08/2026 04:40:55,16.643
2527,08/08/2026 04:55:55,16.374
2528,08/08/2026 05:10:55,16.138
2529,08/08/2026 05:25:55,15.935
2530,08/08/2026 05:40:55,15.795
2531,08/08/2026 05:55:55,15.731
2532,08/08/2026 06:10:55,15.667
2533,08/08/2026 06:25:55,15.592
2534,08/08/2026 06:40:55,15.677
2535,08/08/2026 06:55:55,15.806
2536,08/08/2026 07:10:55,16.085
2537,08/08/2026 07:25:55,16.224
2538,08/08/2026 07:40:55,16.310
2539,08/08/2026 07:55:55,16.525
2540,08/08/2026 08:10:55,16.771
2541,08/08/2026 08:25:55,17.361
2542,08/08/2026 08:40:55,18.069
2543,08/08/2026 08:55:55,18.552
2544,08/08/2026 09:10:55,19.453
2545,08/08/2026 09:25:55,19.710
2546,08/08/2026 09:40:55,20.171
2547,08/08/2026 09:55:55,21.008
2548,08/08/2026 10:10:55,20.600
2549,08/08/2026 10:25:55,22.327
2550,08/08/2026 10:40:55,22.295
2551,08/08/2026 10:55:55,22.820
2552,08/08/2026 11:10:55,22.895
2553,08/08/2026 11:25:55,21.812
2554,08/08/2026 11:40:55,20.568
2555,08/08/2026 11:55:55,20.182
2556,08/08/2026 12:10:55,19.967
2557,08/08/2026 12:25:55,19.249
2558,08/08/2026 12:40:55,18.938
2559,08/08/2026 12:55:55,18.713
2560,08/08/2026 13:10:55,18.637
2561,08/08/2026 13:25:55,18.434
2562,08/08/2026 13:40:55,17.983
2563,08/08/2026 13:55:55,17.812
2564,08/08/2026 14:10:55,17.468
2565,08/08/2026 14:25:55,17.147
2566,08/08/2026 14:40:55,17.297
2567,08/08/2026 14:55:55,17.447
2568,08/08/2026 15:10:55,16.986
2569,08/08/2026 15:25:55,16.771
2570,08/08/2026 15:40:55,16.857
2571,08/08/2026 15:55:55,16.718
2572,08/08/2026 16:10:55,16.632
2573,08/08/2026 16:25:55,16.600
2574,08/08/2026 16:40:55,18.208
2575,08/08/2026 16:55:55,18.562
2576,08/08/2026 17:10:55,17.608
2577,08/08/2026 17:25:55,17.576
2578,08/08/2026 17:40:55,16.943
2579,08/08/2026 17:55:55,16.771
2580,08/08/2026 18:10:55,16.868
2581,08/08/2026 18:25:55,16.911
2582,08/08/2026 18:40:55,17.007
2583,08/08/2026 18:55:55,16.964
2584,08/08/2026 19:10:55,16.846
2585,08/08/2026 19:25:55,17.050
2586,08/08/2026 19:40:55,17.672
2587,08/08/2026 19:55:55,17.404
2588,08/08/2026 20:10:55,17.779
2589,08/08/2026 20:25:55,17.983
2590,08/08/2026 20:40:55,17.361
2591,08/08/2026 20:55:55,17.951
2592,08/08/2026 21:10:55,17.897
2593,08/08/2026 21:25:55,18.262
2594,08/08/2026 21:40:55,17.812
2595,08/08/2026 21:55:55,17.468
2596,08/08/2026 22:10:55,17.404
2597,08/08/2026 22:25:55,17.350
2598,08/08/2026 22:40:55,17.554
2599,08/08/2026 22:55:55,18.080
2600,08/08/2026 23:10:55,18.541
2601,08/08/2026 23:25:55,17.930
2602,08/08/2026 23:40:55,17.490
2603,08/08/2026 23:55:55,17.554
2604,08/09/2026 00:10:55,17.275
2605,08/09/2026 00:25:55,17.179
2606,08/09/2026 00:40:55,17.125
2607,08/09/2026 00:55:55,17.554
2608,08/09/2026 01:10:55,16.975
2609,08/09/2026 01:25:55,16.803
2610,08/09/2026 01:40:55,16.739
2611,08/09/2026 01:55:55,16.685
2612,08/09/2026 02:10:55,17.586
2613,08/09/2026 02:25:55,16.750
2614,08/09/2026 02:40:55,16.728
2615,08/09/2026 02:55:55,16.921
2616,08/09/2026 03:10:55,17.050
2617,08/09/2026 03:25:55,17.007
2618,08/09/2026 03:40:55,16.814
2619,08/09/2026 03:55:55,17.082
2620,08/09/2026 04:10:55,17.779
2621,08/09/2026 04:25:55,18.069
2622,08/09/2026 04:40:55,18.176
2623,08/09/2026 04:55:55,18.069
2624,08/09/2026 05:10:55,17.543
2625,08/09/2026 05:25:55,16.224
2626,08/09/2026 05:40:55,15.592
2627,08/09/2026 05:55:55,15.195
2628,08/09/2026 06:10:55,14.916
2629,08/09/2026 06:25:55,14.787
2630,08/09/2026 06:40:55,14.916
2631,08/09/2026 06:55:55,15.045
2632,08/09/2026 07:10:55,15.366
2633,08/09/2026 07:25:55,15.592
2634,08/09/2026 07:40:55,15.827
2635,08/09/2026 07:55:55,16.085
2636,08/09/2026 08:10:55,16.428
2637,08/09/2026 08:25:55,16.342
2638,08/09/2026 08:40:55,16.600
2639,08/09/2026 08:55:55,17.865
2640,08/09/2026 09:10:55,19.184
2641,08/09/2026 09:25:55,20.589
2642,08/09/2026 09:40:55,21.898
2643,08/09/2026 09:55:55,23.067
2644,08/09/2026 10:10:55,24.300
2645,08/09/2026 10:25:55,25.351
2646,08/09/2026 10:40:55,26.124
2647,08/09/2026 10:55:55,26.563
2648,08/09/2026 11:10:55,27.689
2649,08/09/2026 11:25:55,28.858
2650,08/09/2026 11:40:55,28.934
2651,08/09/2026 11:55:55,29.405
2652,08/09/2026 12:10:55,29.995
2653,08/09/2026 12:25:55,29.084
2654,08/09/2026 12:40:55,23.925
2655,08/09/2026 12:55:55,21.651
2656,08/09/2026 13:10:55,20.911
2657,08/09/2026 13:25:55,20.632
2658,08/09/2026 13:40:55,20.235
2659,08/09/2026 13:55:55,19.302
2660,08/09/2026 14:10:55,18.820
2661,08/09/2026 14:25:55,18.702
2662,08/09/2026 14:40:55,18.241
2663,08/09/2026 14:55:55,17.951
2664,08/09/2026 15:10:55,17.479
2665,08/09/2026 15:25:55,17.254
2666,08/09/2026 15:40:55,17.243
2667,08/09/2026 15:55:55,17.426
2668,08/09/2026 16:10:55,17.436
2669,08/09/2026 16:25:55,17.190
2670,08/09/2026 16:40:55,16.879
2671,08/09/2026 16:55:55,16.739
2672,08/09/2026 17:10:55,16.846
2673,08/09/2026 17:25:55,17.629
2674,08/09/2026 17:40:55,18.005
2675,08/09/2026 17:55:55,17.608
2676,08/09/2026 18:10:55,17.640
2677,08/09/2026 18:25:55,17.393
2678,08/09/2026 18:40:55,17.436
2679,08/09/2026 18:55:55,17.350
2680,08/09/2026 19:10:55,17.404
2681,08/09/2026 19:25:55,17.983
2682,08/09/2026 19:40:55,18.562
2683,08/09/2026 19:55:55,18.627
2684,08/09/2026 20:10:55,18.241
2685,08/09/2026 20:25:55,18.123
2686,08/09/2026 20:40:55,18.101
2687,08/09/2026 20:55:55,17.833
2688,08/09/2026 21:10:55,17.876
2689,08/09/2026 21:25:55,17.361
2690,08/09/2026 21:40:55,16.975
2691,08/09/2026 21:55:55,16.771
2692,08/09/2026 22:10:55,17.951
2693,08/09/2026 22:25:55,18.584
2694,08/09/2026 22:40:55,18.820
2695,08/09/2026 22:55:55,18.906
2696,08/09/2026 23:10:55,18.991
2697,08/09/2026 23:25:55,19.109
2698,08/09/2026 23:40:55,19.099
2699,08/09/2026 23:55:55,18.991
2700,08/10/2026 00:10:55,19.034
2701,08/10/2026 00:25:55,19.013
2702,08/10/2026 00:40:55,18.734
2703,08/10/2026 00:55:55,18.198
2704,08/10/2026 01:10:55,18.230
2705,08/10/2026 01:25:55,18.401
2706,08/10/2026 01:40:55,18.477
2707,08/10/2026 01:55:55,17.779
2708,08/10/2026 02:10:55,17.479
2709,08/10/2026 02:25:55,17.426
2710,08/10/2026 02:40:55,17.147
2711,08/10/2026 02:55:55,16.986
2712,08/10/2026 03:10:55,16.857
2713,08/10/2026 03:25:55,16.782
2714,08/10/2026 03:40:55,16.728
2715,08/10/2026 03:55:55,16.707
2716,08/10/2026 04:10:55,16.718
2717,08/10/2026 04:25:55,16.750
2718,08/10/2026 04:40:55,16.503
2719,08/10/2026 04:55:55,16.428
2720,08/10/2026 05:10:55,16.514
2721,08/10/2026 05:25:55,16.889
2722,08/10/2026 05:40:55,17.200
2723,08/10/2026 05:55:55,17.436
2724,08/10/2026 06:10:55,17.254
2725,08/10/2026 06:25:55,16.364
2726,08/10/2026 06:40:55,16.117
2727,08/10/2026 06:55:55,16.171
2728,08/10/2026 07:10:55,16.321
2729,08/10/2026 07:25:55,16.396
2730,08/10/2026 07:40:55,16.471
2731,08/10/2026 07:55:55,16.428
2732,08/10/2026 08:10:55,17.039
2733,08/10/2026 08:25:55,17.468
2734,08/10/2026 08:40:55,17.994
2735,08/10/2026 08:55:55,17.833
2736,08/10/2026 09:10:55,18.176
2737,08/10/2026 09:25:55,18.519
2738,08/10/2026 09:40:55,18.723
2739,08/10/2026 09:55:55,19.045
2740,08/10/2026 10:10:55,19.474
2741,08/10/2026 10:25:55,20.171
2742,08/10/2026 10:40:55,20.632
2743,08/10/2026 10:55:55,20.740
2744,08/10/2026 11:10:55,21.008
2745,08/10/2026 11:25:55,21.662
2746,08/10/2026 11:40:55,21.952
2747,08/10/2026 11:55:55,22.359
2748,08/10/2026 12:10:55,22.155
2749,08/10/2026 12:25:55,22.713
2750,08/10/2026 12:40:55,24.493
2751,08/10/2026 12:55:55,26.542
2752,08/10/2026 13:10:55,27.142
2753,08/10/2026 13:25:55,27.378
2754,08/10/2026 13:40:55,21.855
2755,08/10/2026 13:55:55,20.343
2756,08/10/2026 14:10:55,20.085
2757,08/10/2026 14:25:55,19.849
2758,08/10/2026 14:40:55,19.678
2759,08/10/2026 14:55:55,19.474
2760,08/10/2026 15:10:55,19.302
2761,08/10/2026 15:25:55,19.646
2762,08/10/2026 15:40:55,18.798
2763,08/10/2026 15:55:55,18.573
2764,08/10/2026 16:10:55,19.420
2765,08/10/2026 16:25:55,19.646
2766,08/10/2026 16:40:55,18.477
2767,08/10/2026 16:55:55,17.876
2768,08/10/2026 17:10:55,17.436
2769,08/10/2026 17:25:55,17.297
2770,08/10/2026 17:40:55,17.179
2771,08/10/2026 17:55:55,17.275
2772,08/10/2026 18:10:55,17.125
2773,08/10/2026 18:25:55,17.029
2774,08/10/2026 18:40:55,17.018
2775,08/10/2026 18:55:55,16.921
2776,08/10/2026 19:10:55,16.836
2777,08/10/2026 19:25:55,16.836
2778,08/10/2026 19:40:55,16.836
2779,08/10/2026 19:55:55,17.565
2780,08/10/2026 20:10:55,16.868
2781,08/10/2026 20:25:55,17.265
2782,08/10/2026 20:40:55,17.200
2783,08/10/2026 20:55:55,17.286
2784,08/10/2026 21:10:55,16.900
2785,08/10/2026 21:25:55,16.975
2786,08/10/2026 21:40:55,17.072
2787,08/10/2026 21:55:55,17.072
2788,08/10/2026 22:10:55,17.018
2789,08/10/2026 22:25:55,17.093
2790,08/10/2026 22:40:55,17.061
2791,08/10/2026 22:55:55,17.136
2792,08/10/2026 23:10:55,17.125
2793,08/10/2026 23:25:55,16.954
2794,08/10/2026 23:40:55,16.921
2795,08/10/2026 23:55:55,16.846
2796,08/11/2026 00:10:55,17.093
2797,08/11/2026 00:25:55,17.629
2798,08/11/2026 00:40:55,17.930
2799,08/11/2026 00:55:55,18.069
2800,08/11/2026 01:10:55,18.058
2801,08/11/2026 01:25:55,18.005
2802,08/11/2026 01:40:55,18.015
2803,08/11/2026 01:55:55,17.940
2804,08/11/2026 02:10:55,17.876
2805,08/11/2026 02:25:55,17.855
2806,08/11/2026 02:40:55,17.833
2807,08/11/2026 02:55:55,17.726
2808,08/11/2026 03:10:55,17.297
2809,08/11/2026 03:25:55,16.975
2810,08/11/2026 03:40:55,16.739
2811,08/11/2026 03:55:55,16.482
2812,08/11/2026 04:10:55,16.385
2813,08/11/2026 04:25:55,16.256
2814,08/11/2026 04:40:55,16.203
2815,08/11/2026 04:55:55,16.138
2816,08/11/2026 05:10:55,16.085
2817,08/11/2026 05:25:55,16.117
2818,08/11/2026 05:40:55,16.096
2819,08/11/2026 05:55:55,16.138
2820,08/11/2026 06:10:55,16.181
2821,08/11/2026 06:25:55,16.138
2822,08/11/2026 06:40:55,16.138
2823,08/11/2026 06:55:55,16.128
2824,08/11/2026 07:10:55,16.010
2825,08/11/2026 07:25:55,15.935
2826,08/11/2026 07:40:55,15.935
2827,08/11/2026 07:55:55,16.246
2828,08/11/2026 08:10:55,16.482
2829,08/11/2026 08:25:55,16.857
2830,08/11/2026 08:40:55,17.254
2831,08/11/2026 08:55:55,17.661
2832,08/11/2026 09:10:55,18.498
2833,08/11/2026 09:25:55,19.399
2834,08/11/2026 09:40:55,20.257
2835,08/11/2026 09:55:55,21.115
2836,08/11/2026 10:10:55,21.930
2837,08/11/2026 10:25:55,22.702
2838,08/11/2026 10:40:55,23.721
2839,08/11/2026 10:55:55,24.761
2840,08/11/2026 11:10:55,25.609
2841,08/11/2026 11:25:55,25.855
2842,08/11/2026 11:40:55,26.070
2843,08/11/2026 11:55:55,26.456
2844,08/11/2026 12:10:55,27.132
2845,08/11/2026 12:25:55,27.185
2846,08/11/2026 12:40:55,27.743
2847,08/11/2026 12:55:55,28.397
2848,08/11/2026 13:10:55,29.030
2849,08/11/2026 13:25:55,29.523
2850,08/11/2026 13:40:55,29.792
2851,08/11/2026 13:55:55,29.727
2852,08/11/2026 14:10:55,29.942
2853,08/11/2026 14:25:55,24.493
2854,08/11/2026 14:40:55,21.919
2855,08/11/2026 14:55:55,20.825
2856,08/11/2026 15:10:55,20.268
2857,08/11/2026 15:25:55,19.474
2858,08/11/2026 15:40:55,18.616
2859,08/11/2026 15:55:55,18.241
2860,08/11/2026 16:10:55,18.058
2861,08/11/2026 16:25:55,17.779
2862,08/11/2026 16:40:55,17.468
2863,08/11/2026 16:55:55,17.222
2864,08/11/2026 17:10:55,17.050
2865,08/11/2026 17:25:55,16.921
2866,08/11/2026 17:40:55,16.857
2867,08/11/2026 17:55:55,16.857
2868,08/11/2026 18:10:55,16.975
2869,08/11/2026 18:25:55,16.879
2870,08/11/2026 18:40:55,16.857
2871,08/11/2026 18:55:55,16.900
2872,08/11/2026 19:10:55,17.147
2873,08/11/2026 19:25:55,17.318
2874,08/11/2026 19:40:55,16.771
2875,08/11/2026 19:55:55,16.621
2876,08/11/2026 20:10:55,16.600
2877,08/11/2026 20:25:55,16.707
2878,08/11/2026 20:40:55,16.814
2879,08/11/2026 20:55:55,17.029
2880,08/11/2026 21:10:55,17.168
2881,08/11/2026 21:25:55,17.254
2882,08/11/2026 21:40:55,17.308
2883,08/11/2026 21:55:55,17.297
2884,08/11/2026 22:10:55,17.265
2885,08/11/2026 22:25:55,17.318
2886,08/11/2026 22:40:55,17.329
2887,08/11/2026 22:55:55,17.340
2888,08/11/2026 23:10:55,17.308
2889,08/11/2026 23:25:55,17.265
2890,08/11/2026 23:40:55,17.254
2891,08/11/2026 23:55:55,17.265
2892,08/12/2026 00:10:55,17.265
2893,08/12/2026 00:25:55,17.190
2894,08/12/2026 00:40:55,17.136
2895,08/12/2026 00:55:55,17.072
2896,08/12/2026 01:10:55,16.975
2897,08/12/2026 01:25:55,16.921
2898,08/12/2026 01:40:55,16.868
2899,08/12/2026 01:55:55,16.921
2900,08/12/2026 02:10:55,17.050
2901,08/12/2026 02:25:55,17.136
2902,08/12/2026 02:40:55,17.232
2903,08/12/2026 02:55:55,17.318
2904,08/12/2026 03:10:55,17.372
2905,08/12/2026 03:25:55,17.468
2906,08/12/2026 03:40:55,17.522
2907,08/12/2026 03:55:55,17.458
2908,08/12/2026 04:10:55,16.997
2909,08/12/2026 04:25:55,16.482
2910,08/12/2026 04:40:55,16.396
2911,08/12/2026 04:55:55,16.374
2912,08/12/2026 05:10:55,16.332
2913,08/12/2026 05:25:55,16.299
2914,08/12/2026 05:40:55,16.289
2915,08/12/2026 05:55:55,16.235
2916,08/12/2026 06:10:55,16.128
2917,08/12/2026 06:25:55,16.085
2918,08/12/2026 06:40:55,16.074
2919,08/12/2026 06:55:55,16.117
2920,08/12/2026 07:10:55,16.149
2921,08/12/2026 07:25:55,16.203
2922,08/12/2026 07:40:55,16.256
2923,08/12/2026 07:55:55,16.310
2924,08/12/2026 08:10:55,16.632
2925,08/12/2026 08:25:55,17.286
2926,08/12/2026 08:40:55,17.865
2927,08/12/2026 08:55:55,18.702
2928,08/12/2026 09:10:55,19.571
2929,08/12/2026 09:25:55,20.257
2930,08/12/2026 09:40:55,20.396
2931,08/12/2026 09:55:55,21.362
2932,08/12/2026 10:10:55,22.027
2933,08/12/2026 10:25:55,23.045
2934,08/12/2026 10:40:55,24.547
2935,08/12/2026 10:55:55,25.909
2936,08/12/2026 11:10:55,26.853
2937,08/12/2026 11:25:55,27.389
2938,08/12/2026 11:40:55,28.204
2939,08/12/2026 11:55:55,28.397
2940,08/12/2026 12:10:55,29.009
2941,08/12/2026 12:25:55,29.438
2942,08/12/2026 12:40:55,29.910
2943,08/12/2026 12:55:55,30.521
2944,08/12/2026 13:10:55,31.272
2945,08/12/2026 13:25:55,31.937
2946,08/12/2026 13:40:55,31.422
2947,08/12/2026 13:55:55,30.971
2948,08/12/2026 14:10:55,29.298
2949,08/12/2026 14:25:55,28.151
2950,08/12/2026 14:40:55,29.169
2951,08/12/2026 14:55:55,28.290
2952,08/12/2026 15:10:55,23.163
2953,08/12/2026 15:25:55,20.858
2954,08/12/2026 15:40:55,20.225
2955,08/12/2026 15:55:55,19.753
2956,08/12/2026 16:10:55,19.002
2957,08/12/2026 16:25:55,18.584
2958,08/12/2026 16:40:55,18.058
2959,08/12/2026 16:55:55,17.930
2960,08/12/2026 17:10:55,17.661
2961,08/12/2026 17:25:55,17.361
2962,08/12/2026 17:40:55,17.147
2963,08/12/2026 17:55:55,17.061
2964,08/12/2026 18:10:55,16.932
2965,08/12/2026 18:25:55,16.921
2966,08/12/2026 18:40:55,16.932
2967,08/12/2026 18:55:55,16.889
2968,08/12/2026 19:10:55,16.846
2969,08/12/2026 19:25:55,16.771
2970,08/12/2026 19:40:55,16.621
2971,08/12/2026 19:55:55,16.557
2972,08/12/2026 20:10:55,16.482
2973,08/12/2026 20:25:55,16.428
2974,08/12/2026 20:40:55,16.342
2975,08/12/2026 20:55:55,16.310
2976,08/12/2026 21:10:55,16.342
2977,08/12/2026 21:25:55,16.460
2978,08/12/2026 21:40:55,16.578
2979,08/12/2026 21:55:55,16.728
2980,08/12/2026 22:10:55,16.857
2981,08/12/2026 22:25:55,16.943
2982,08/12/2026 22:40:55,16.921
2983,08/12/2026 22:55:55,16.900
2984,08/12/2026 23:10:55,16.911
2985,08/12/2026 23:25:55,16.836
2986,08/12/2026 23:40:55,16.857
2987,08/12/2026 23:55:55,16.889
2988,08/13/2026 00:10:55,16.889
2989,08/13/2026 00:25:55,16.793
2990,08/13/2026 00:40:55,16.761
2991,08/13/2026 00:55:55,16.728
2992,08/13/2026 01:10:55,16.707
2993,08/13/2026 01:25:55,16.718
2994,08/13/2026 01:40:55,16.696
2995,08/13/2026 01:55:55,16.535
2996,08/13/2026 02:10:55,16.428
2997,08/13/2026 02:25:55,16.396
2998,08/13/2026 02:40:55,16.428
2999,08/13/2026 02:55:55,16.439
3000,08/13/2026 03:10:55,16.825
3001,08/13/2026 03:25:55,16.921
3002,08/13/2026 03:40:55,16.921
3003,08/13/2026 03:55:55,16.664
3004,08/13/2026 04:10:55,16.492
3005,08/13/2026 04:25:55,16.492
3006,08/13/2026 04:40:55,16.310
3007,08/13/2026 04:55:55,16.246
3008,08/13/2026 05:10:55,16.106
3009,08/13/2026 05:25:55,16.074
3010,08/13/2026 05:40:55,16.042
3011,08/13/2026 05:55:55,16.042
3012,08/13/2026 06:10:55,16.021
3013,08/13/2026 06:25:55,16.010
3014,08/13/2026 06:40:55,15.999
3015,08/13/2026 06:55:55,15.967
3016,08/13/2026 07:10:55,15.978
3017,08/13/2026 07:25:55,16.031
3018,08/13/2026 07:40:55,16.085
3019,08/13/2026 07:55:55,16.128
3020,08/13/2026 08:10:55,16.138
3021,08/13/2026 08:25:55,16.181
3022,08/13/2026 08:40:55,16.289
3023,08/13/2026 08:55:55,16.514
3024,08/13/2026 09:10:55,17.061
3025,08/13/2026 09:25:55,18.241
3026,08/13/2026 09:40:55,19.195
3027,08/13/2026 09:55:55,20.182
3028,08/13/2026 10:10:55,21.072
3029,08/13/2026 10:25:55,21.962
3030,08/13/2026 10:40:55,22.927
3031,08/13/2026 10:55:55,23.968
3032,08/13/2026 11:10:55,24.740
3033,08/13/2026 11:25:55,24.955
3034,08/13/2026 11:40:55,25.909
3035,08/13/2026 11:55:55,26.660
3036,08/13/2026 12:10:55,27.185
3037,08/13/2026 12:25:55,28.000
3038,08/13/2026 12:40:55,28.773
3039,08/13/2026 12:55:55,29.427
3040,08/13/2026 13:10:55,29.899
3041,08/13/2026 13:25:55,30.253
3042,08/13/2026 13:40:55,30.532
3043,08/13/2026 13:55:55,31.003
3044,08/13/2026 14:10:55,31.079
3045,08/13/2026 14:25:55,31.400
3046,08/13/2026 14:40:55,31.679
3047,08/13/2026 14:55:55,31.851
3048,08/13/2026 15:10:55,31.701
3049,08/13/2026 15:25:55,29.910
3050,08/13/2026 15:40:55,22.820
3051,08/13/2026 15:55:55,21.158
3052,08/13/2026 16:10:55,20.289
3053,08/13/2026 16:25:55,19.796
3054,08/13/2026 16:40:55,19.388
3055,08/13/2026 16:55:55,18.970
3056,08/13/2026 17:10:55,18.927
3057,08/13/2026 17:25:55,19.260
3058,08/13/2026 17:40:55,19.367
3059,08/13/2026 17:55:55,19.356
3060,08/13/2026 18:10:55,19.013
3061,08/13/2026 18:25:55,18.766
3062,08/13/2026 18:40:55,18.273
3063,08/13/2026 18:55:55,17.897
3064,08/13/2026 19:10:55,17.543
3065,08/13/2026 19:25:55,17.308
3066,08/13/2026 19:40:55,17.082
3067,08/13/2026 19:55:55,16.921
3068,08/13/2026 20:10:55,16.836
3069,08/13/2026 20:25:55,16.653
3070,08/13/2026 20:40:55,16.664
3071,08/13/2026 20:55:55,16.664
3072,08/13/2026 21:10:55,16.546
3073,08/13/2026 21:25:55,16.385
3074,08/13/2026 21:40:55,16.396
3075,08/13/2026 21:55:55,16.450
3076,08/13/2026 22:10:55,16.664
3077,08/13/2026 22:25:55,16.921
3078,08/13/2026 22:40:55,17.114
3079,08/13/2026 22:55:55,17.265
3080,08/13/2026 23:10:55,17.318
3081,08/13/2026 23:25:55,17.318
3082,08/13/2026 23:40:55,17.297
3083,08/13/2026 23:55:55,17.232
3084,08/14/2026 00:10:55,17.147
3085,08/14/2026 00:25:55,17.018
3086,08/14/2026 00:40:55,16.568
3087,08/14/2026 00:55:55,16.256
3088,08/14/2026 01:10:55,16.181
3089,08/14/2026 01:25:55,16.428
3090,08/14/2026 01:40:55,16.525
3091,08/14/2026 01:55:55,16.696
3092,08/14/2026 02:10:55,16.750
3093,08/14/2026 02:25:55,16.868
3094,08/14/2026 02:40:55,16.900
3095,08/14/2026 02:55:55,16.782
3096,08/14/2026 03:10:55,16.964
3097,08/14/2026 03:25:55,17.029
3098,08/14/2026 03:40:55,17.179
3099,08/14/2026 03:55:55,17.350
3100,08/14/2026 04:10:55,17.361
3101,08/14/2026 04:25:55,17.350
3102,08/14/2026 04:40:55,17.318
3103,08/14/2026 04:55:55,17.297
3104,08/14/2026 05:10:55,17.297
3105,08/14/2026 05:25:55,17.243
3106,08/14/2026 05:40:55,17.222
3107,08/14/2026 05:55:55,17.093
3108,08/14/2026 06:10:55,16.954
3109,08/14/2026 06:25:55,16.889
3110,08/14/2026 06:40:55,16.846
3111,08/14/2026 06:55:55,16.653
3112,08/14/2026 07:10:55,16.535
3113,08/14/2026 07:25:55,16.428
3114,08/14/2026 07:40:55,16.364
3115,08/14/2026 07:55:55,16.299
3116,08/14/2026 08:10:55,16.299
3117,08/14/2026 08:25:55,16.310
3118,08/14/2026 08:40:55,16.310
3119,08/14/2026 08:55:55,16.417
3120,08/14/2026 09:10:55,16.439
3121,08/14/2026 09:25:55,16.503
3122,08/14/2026 09:40:55,16.632
3123,08/14/2026 09:55:55,16.814
3124,08/14/2026 10:10:55,17.157
3125,08/14/2026 10:25:55,17.704
3126,08/14/2026 10:40:55,18.401
3127,08/14/2026 10:55:55,18.691
3128,08/14/2026 11:10:55,19.453
3129,08/14/2026 11:25:55,20.514
3130,08/14/2026 11:40:55,22.381
3131,08/14/2026 11:55:55,23.485
3132,08/14/2026 12:10:55,24.504
3133,08/14/2026 12:25:55,25.373
3134,08/14/2026 12:40:55,26.134
3135,08/14/2026 12:55:55,26.467
3136,08/14/2026 13:10:55,26.660
3137,08/14/2026 13:25:55,27.207
3138,08/14/2026 13:40:55,27.539
3139,08/14/2026 13:55:55,27.539
3140,08/14/2026 14:10:55,27.732
3141,08/14/2026 14:25:55,28.279
3142,08/14/2026 14:40:55,28.311
3143,08/14/2026 14:55:55,28.258
3144,08/14/2026 15:10:55,28.537
3145,08/14/2026 15:25:55,28.655
3146,08/14/2026 15:40:55,28.311
3147,08/14/2026 15:55:55,26.177
3148,08/14/2026 16:10:55,21.598
3149,08/14/2026 16:25:55,20.643
3150,08/14/2026 16:40:55,19.774
3151,08/14/2026 16:55:55,19.195
3152,08/14/2026 17:10:55,18.873
3153,08/14/2026 17:25:55,18.498
3154,08/14/2026 17:40:55,17.833
3155,08/14/2026 17:55:55,17.200
3156,08/14/2026 18:10:55,17.147
3157,08/14/2026 18:25:55,17.147
3158,08/14/2026 18:40:55,17.125
3159,08/14/2026 18:55:55,17.265
3160,08/14/2026 19:10:55,17.426
3161,08/14/2026 19:25:55,17.608
3162,08/14/2026 19:40:55,17.694
3163,08/14/2026 19:55:55,17.565
3164,08/14/2026 20:10:55,17.318
3165,08/14/2026 20:25:55,17.179
3166,08/14/2026 20:40:55,16.932
3167,08/14/2026 20:55:55,16.825
3168,08/14/2026 21:10:55,16.696
3169,08/14/2026 21:25:55,16.632
3170,08/14/2026 21:40:55,16.643
3171,08/14/2026 21:55:55,16.632
3172,08/14/2026 22:10:55,16.707
3173,08/14/2026 22:25:55,16.685
3174,08/14/2026 22:40:55,16.728
3175,08/14/2026 22:55:55,16.718
3176,08/14/2026 23:10:55,16.761
3177,08/14/2026 23:25:55,16.846
3178,08/14/2026 23:40:55,16.879
3179,08/14/2026 23:55:55,16.900
3180,08/15/2026 00:10:55,16.889
3181,08/15/2026 00:25:55,16.782
3182,08/15/2026 00:40:55,16.546
3183,08/15/2026 00:55:55,16.364
3184,08/15/2026 01:10:55,16.224
3185,08/15/2026 01:25:55,16.117
3186,08/15/2026 01:40:55,16.053
3187,08/15/2026 01:55:55,15.988
3188,08/15/2026 02:10:55,15.935
3189,08/15/2026 02:25:55,15.913
3190,08/15/2026 02:40:55,15.935
3191,08/15/2026 02:55:55,16.010
3192,08/15/2026 03:10:55,15.967
3193,08/15/2026 03:25:55,16.138
3194,08/15/2026 03:40:55,16.278
3195,08/15/2026 03:55:55,16.224
3196,08/15/2026 04:10:55,16.074
3197,08/15/2026 04:25:55,15.935
3198,08/15/2026 04:40:55,15.945
3199,08/15/2026 04:55:55,16.085
3200,08/15/2026 05:10:55,16.267
3201,08/15/2026 05:25:55,16.396
3202,08/15/2026 05:40:55,16.600
3203,08/15/2026 05:55:55,16.879
3204,08/15/2026 06:10:55,17.007
3205,08/15/2026 06:25:55,17.061
3206,08/15/2026 06:40:55,17.082
3207,08/15/2026 06:55:55,17.114
3208,08/15/2026 07:10:55,17.136
3209,08/15/2026 07:25:55,17.147
3210,08/15/2026 07:40:55,17.147
3211,08/15/2026 07:55:55,17.136
3212,08/15/2026 08:10:55,16.900
3213,08/15/2026 08:25:55,16.868
3214,08/15/2026 08:40:55,16.964
3215,08/15/2026 08:55:55,16.932
3216,08/15/2026 09:10:55,16.997
3217,08/15/2026 09:25:55,17.018
3218,08/15/2026 09:40:55,17.029
3219,08/15/2026 09:55:55,16.943
3220,08/15/2026 10:10:55,16.900
3221,08/15/2026 10:25:55,16.975
3222,08/15/2026 10:40:55,17.232
3223,08/15/2026 10:55:55,18.037
3224,08/15/2026 11:10:55,20.536
3225,08/15/2026 11:25:55,21.640
3226,08/15/2026 11:40:55,22.552
3227,08/15/2026 11:55:55,22.767
3228,08/15/2026 12:10:55,23.271
3229,08/15/2026 12:25:55,23.753
3230,08/15/2026 12:40:55,24.922
3231,08/15/2026 12:55:55,26.048
3232,08/15/2026 13:10:55,27.282
3233,08/15/2026 13:25:55,27.797
3234,08/15/2026 13:40:55,28.580
3235,08/15/2026 13:55:55,29.030
3236,08/15/2026 14:10:55,29.330
3237,08/15/2026 14:25:55,29.137
3238,08/15/2026 14:40:55,29.352
3239,08/15/2026 14:55:55,29.545
3240,08/15/2026 15:10:55,29.781
3241,08/15/2026 15:25:55,29.556
3242,08/15/2026 15:40:55,28.730
3243,08/15/2026 15:55:55,29.169
3244,08/15/2026 16:10:55,28.558
3245,08/15/2026 16:25:55,23.389
3246,08/15/2026 16:40:55,20.793
3247,08/15/2026 16:55:55,20.064
3248,08/15/2026 17:10:55,19.227
3249,08/15/2026 17:25:55,19.066
3250,08/15/2026 17:40:55,18.884
3251,08/15/2026 17:55:55,18.584
3252,08/15/2026 18:10:55,18.262
3253,08/15/2026 18:25:55,17.919
3254,08/15/2026 18:40:55,17.779
3255,08/15/2026 18:55:55,17.694
3256,08/15/2026 19:10:55,17.458
3257,08/15/2026 19:25:55,17.404
3258,08/15/2026 19:40:55,17.533
3259,08/15/2026 19:55:55,17.726
3260,08/15/2026 20:10:55,17.865
3261,08/15/2026 20:25:55,17.769
3262,08/15/2026 20:40:55,17.576
3263,08/15/2026 20:55:55,17.661
3264,08/15/2026 21:10:55,17.737
3265,08/15/2026 21:25:55,17.522
3266,08/15/2026 21:40:55,17.179
3267,08/15/2026 21:55:55,16.932
3268,08/15/2026 22:10:55,16.761
3269,08/15/2026 22:25:55,16.685
3270,08/15/2026 22:40:55,16.771
3271,08/15/2026 22:55:55,16.889
3272,08/15/2026 23:10:55,17.007
3273,08/15/2026 23:25:55,17.007
3274,08/15/2026 23:40:55,17.050
3275,08/15/2026 23:55:55,17.125
3276,08/16/2026 00:10:55,17.136
3277,08/16/2026 00:25:55,17.093
3278,08/16/2026 00:40:55,16.836
3279,08/16/2026 00:55:55,16.439
3280,08/16/2026 01:10:55,16.256
3281,08/16/2026 01:25:55,16.128
3282,08/16/2026 01:40:55,16.053
3283,08/16/2026 01:55:55,16.117
3284,08/16/2026 02:10:55,16.171
3285,08/16/2026 02:25:55,16.138
3286,08/16/2026 02:40:55,16.096
3287,08/16/2026 02:55:55,16.096
3288,08/16/2026 03:10:55,16.117
3289,08/16/2026 03:25:55,16.117
3290,08/16/2026 03:40:55,16.085
3291,08/16/2026 03:55:55,16.074
3292,08/16/2026 04:10:55,16.063
3293,08/16/2026 04:25:55,16.053
3294,08/16/2026 04:40:55,16.203
3295,08/16/2026 04:55:55,16.342
3296,08/16/2026 05:10:55,16.224
3297,08/16/2026 05:25:55,16.085
3298,08/16/2026 05:40:55,16.278
3299,08/16/2026 05:55:55,16.439
3300,08/16/2026 06:10:55,16.546
3301,08/16/2026 06:25:55,16.675
3302,08/16/2026 06:40:55,16.739
3303,08/16/2026 06:55:55,16.761
3304,08/16/2026 07:10:55,16.771
3305,08/16/2026 07:25:55,16.803
3306,08/16/2026 07:40:55,16.803
3307,08/16/2026 07:55:55,16.836
3308,08/16/2026 08:10:55,16.932
3309,08/16/2026 08:25:55,17.050
3310,08/16/2026 08:40:55,17.157
3311,08/16/2026 08:55:55,17.168
3312,08/16/2026 09:10:55,17.179
3313,08/16/2026 09:25:55,17.275
3314,08/16/2026 09:40:55,17.318
3315,08/16/2026 09:55:55,17.318
3316,08/16/2026 10:10:55,17.061
3317,08/16/2026 10:25:55,16.846
3318,08/16/2026 10:40:55,16.750
3319,08/16/2026 10:55:55,16.718
3320,08/16/2026 11:10:55,16.846
3321,08/16/2026 11:25:55,17.479
3322,08/16/2026 11:40:55,18.048
3323,08/16/2026 11:55:55,18.519
3324,08/16/2026 12:10:55,19.914
3325,08/16/2026 12:25:55,22.230
3326,08/16/2026 12:40:55,23.088
3327,08/16/2026 12:55:55,25.105
3328,08/16/2026 13:10:55,25.931
3329,08/16/2026 13:25:55,26.842
3330,08/16/2026 13:40:55,27.496
3331,08/16/2026 13:55:55,28.311
3332,08/16/2026 14:10:55,28.934
3333,08/16/2026 14:25:55,29.427
3334,08/16/2026 14:40:55,29.684
3335,08/16/2026 14:55:55,29.566
3336,08/16/2026 15:10:55,29.834
3337,08/16/2026 15:25:55,29.609
3338,08/16/2026 15:40:55,29.287
3339,08/16/2026 15:55:55,29.277
3340,08/16/2026 16:10:55,28.955
3341,08/16/2026 16:25:55,27.593
3342,08/16/2026 16:40:55,23.925
3343,08/16/2026 16:55:55,21.426
3344,08/16/2026 17:10:55,20.482
3345,08/16/2026 17:25:55,20.107
3346,08/16/2026 17:40:55,19.603
3347,08/16/2026 17:55:55,19.335
3348,08/16/2026 18:10:55,19.002
3349,08/16/2026 18:25:55,18.755
3350,08/16/2026 18:40:55,18.359
3351,08/16/2026 18:55:55,18.198
3352,08/16/2026 19:10:55,17.855
3353,08/16/2026 19:25:55,17.436
3354,08/16/2026 19:40:55,17.350
3355,08/16/2026 19:55:55,17.350
3356,08/16/2026 20:10:55,17.479
3357,08/16/2026 20:25:55,17.640
3358,08/16/2026 20:40:55,17.758
3359,08/16/2026 20:55:55,17.769
3360,08/16/2026 21:10:55,17.790
3361,08/16/2026 21:25:55,17.769
3362,08/16/2026 21:40:55,17.694
3363,08/16/2026 21:55:55,17.576
3364,08/16/2026 22:10:55,17.533
3365,08/16/2026 22:25:55,17.318
3366,08/16/2026 22:40:55,17.050
3367,08/16/2026 22:55:55,16.932
3368,08/16/2026 23:10:55,16.943
3369,08/16/2026 23:25:55,16.975
3370,08/16/2026 23:40:55,16.932
3371,08/16/2026 23:55:55,16.975
3372,08/17/2026 00:10:55,17.072
3373,08/17/2026 00:25:55,17.104
3374,08/17/2026 00:40:55,17.114
3375,08/17/2026 00:55:55,17.007
3376,08/17/2026 01:10:55,16.374
3377,08/17/2026 01:25:55,15.967
3378,08/17/2026 01:40:55,15.752
3379,08/17/2026 01:55:55,15.538
3380,08/17/2026 02:10:55,15.323
3381,08/17/2026 02:25:55,15.163
3382,08/17/2026 02:40:55,15.045
3383,08/17/2026 02:55:55,14.927
3384,08/17/2026 03:10:55,14.798
3385,08/17/2026 03:25:55,14.669
3386,08/17/2026 03:40:55,14.551
3387,08/17/2026 03:55:55,14.551
3388,08/17/2026 04:10:55,14.583
3389,08/17/2026 04:25:55,14.658
3390,08/17/2026 04:40:55,14.669
3391,08/17/2026 04:55:55,14.562
3392,08/17/2026 05:10:55,14.412
3393,08/17/2026 05:25:55,14.498
3394,08/17/2026 05:40:55,14.487
3395,08/17/2026 05:55:55,14.873
3396,08/17/2026 06:10:55,15.238
3397,08/17/2026 06:25:55,15.227
3398,08/17/2026 06:40:55,15.356
3399,08/17/2026 06:55:55,15.570
3400,08/17/2026 07:10:55,15.870
3401,08/17/2026 07:25:55,16.074
3402,08/17/2026 07:40:55,16.235
3403,08/17/2026 07:55:55,16.342
3404,08/17/2026 08:10:55,16.246
3405,08/17/2026 08:25:55,16.171
3406,08/17/2026 08:40:55,16.181
3407,08/17/2026 08:55:55,16.203
3408,08/17/2026 09:10:55,16.171
3409,08/17/2026 09:25:55,16.160
3410,08/17/2026 09:40:55,16.138
3411,08/17/2026 09:55:55,16.181
3412,08/17/2026 10:10:55,16.138
3413,08/17/2026 10:25:55,16.224
3414,08/17/2026 10:40:55,16.138
3415,08/17/2026 10:55:55,16.138
3416,08/17/2026 11:10:55,16.171
3417,08/17/2026 11:25:55,16.256
3418,08/17/2026 11:40:55,16.450
3419,08/17/2026 11:55:55,16.525
3420,08/17/2026 12:10:55,16.664
3421,08/17/2026 12:25:55,16.761
3422,08/17/2026 12:40:55,17.458
3423,08/17/2026 12:55:55,18.498
3424,08/17/2026 13:10:55,19.195
3425,08/17/2026 13:25:55,20.139
3426,08/17/2026 13:40:55,21.909
3427,08/17/2026 13:55:55,23.646
3428,08/17/2026 14:10:55,24.719
3429,08/17/2026 14:25:55,25.233
3430,08/17/2026 14:40:55,25.523
3431,08/17/2026 14:55:55,25.973
3432,08/17/2026 15:10:55,26.413
3433,08/17/2026 15:25:55,26.617
3434,08/17/2026 15:40:55,26.638
3435,08/17/2026 15:55:55,26.542
3436,08/17/2026 16:10:55,26.402
3437,08/17/2026 16:25:55,23.796
3438,08/17/2026 16:40:55,22.466
3439,08/17/2026 16:55:55,21.083
3440,08/17/2026 17:10:55,20.450
3441,08/17/2026 17:25:55,19.721
3442,08/17/2026 17:40:55,19.420
3443,08/17/2026 17:55:55,19.313
3444,08/17/2026 18:10:55,19.045
3445,08/17/2026 18:25:55,18.938
3446,08/17/2026 18:40:55,18.927
3447,08/17/2026 18:55:55,18.873
3448,08/17/2026 19:10:55,18.820
3449,08/17/2026 19:25:55,18.702
3450,08/17/2026 19:40:55,18.530
3451,08/17/2026 19:55:55,18.284
3452,08/17/2026 20:10:55,18.101
3453,08/17/2026 20:25:55,17.994
3454,08/17/2026 20:40:55,17.779
3455,08/17/2026 20:55:55,17.790
3456,08/17/2026 21:10:55,17.458
3457,08/17/2026 21:25:55,17.361
3458,08/17/2026 21:40:55,17.415
3459,08/17/2026 21:55:55,17.190
3460,08/17/2026 22:10:55,16.975
3461,08/17/2026 22:25:55,16.771
3462,08/17/2026 22:40:55,16.610
3463,08/17/2026 22:55:55,16.482
3464,08/17/2026 23:10:55,16.332
3465,08/17/2026 23:25:55,16.299
3466,08/17/2026 23:40:55,16.342
3467,08/17/2026 23:55:55,16.342
3468,08/18/2026 00:10:55,16.321
3469,08/18/2026 00:25:55,16.514
3470,08/18/2026 00:40:55,16.771
3471,08/18/2026 00:55:55,16.921
3472,08/18/2026 01:10:55,16.975
3473,08/18/2026 01:25:55,16.921
3474,08/18/2026 01:40:55,16.482
3475,08/18/2026 01:55:55,16.171
3476,08/18/2026 02:10:55,15.935
3477,08/18/2026 02:25:55,15.763
3478,08/18/2026 02:40:55,15.581
3479,08/18/2026 02:55:55,15.452
3480,08/18/2026 03:10:55,15.323
3481,08/18/2026 03:25:55,15.238
3482,08/18/2026 03:40:55,15.130
3483,08/18/2026 03:55:55,15.045
3484,08/18/2026 04:10:55,14.969
3485,08/18/2026 04:25:55,14.873
3486,08/18/2026 04:40:55,14.819
3487,08/18/2026 04:55:55,14.734
3488,08/18/2026 05:10:55,14.701
3489,08/18/2026 05:25:55,14.658
3490,08/18/2026 05:40:55,14.658
3491,08/18/2026 05:55:55,14.648
3492,08/18/2026 06:10:55,14.701
3493,08/18/2026 06:25:55,14.851
3494,08/18/2026 06:40:55,14.948
3495,08/18/2026 06:55:55,15.130
3496,08/18/2026 07:10:55,15.388
3497,08/18/2026 07:25:55,15.484
3498,08/18/2026 07:40:55,15.795
3499,08/18/2026 07:55:55,16.224
3500,08/18/2026 08:10:55,16.482
3501,08/18/2026 08:25:55,16.621
3502,08/18/2026 08:40:55,16.696
3503,08/18/2026 08:55:55,16.836
3504,08/18/2026 09:10:55,16.921
3505,08/18/2026 09:25:55,16.964
3506,08/18/2026 09:40:55,17.029
3507,08/18/2026 09:55:55,17.093
3508,08/18/2026 10:10:55,17.168
3509,08/18/2026 10:25:55,17.265
3510,08/18/2026 10:40:55,17.329
3511,08/18/2026 10:55:55,17.265
3512,08/18/2026 11:10:55,17.029
3513,08/18/2026 11:25:55,16.771
3514,08/18/2026 11:40:55,16.696
3515,08/18/2026 11:55:55,16.718
3516,08/18/2026 12:10:55,17.093
3517,08/18/2026 12:25:55,17.383
3518,08/18/2026 12:40:55,17.619
3519,08/18/2026 12:55:55,17.833
3520,08/18/2026 13:10:55,17.651
3521,08/18/2026 13:25:55,18.326
3522,08/18/2026 13:40:55,18.444
3523,08/18/2026 13:55:55,18.466
3524,08/18/2026 14:10:55,18.509
3525,08/18/2026 14:25:55,18.670
3526,08/18/2026 14:40:55,18.863
3527,08/18/2026 14:55:55,19.088
3528,08/18/2026 15:10:55,19.871
3529,08/18/2026 15:25:55,20.868
3530,08/18/2026 15:40:55,21.265
3531,08/18/2026 15:55:55,20.997
3532,08/18/2026 16:10:55,21.029
3533,08/18/2026 16:25:55,21.051
3534,08/18/2026 16:40:55,20.879
3535,08/18/2026 16:55:55,20.622
3536,08/18/2026 17:10:55,20.407
3537,08/18/2026 17:25:55,19.828
3538,08/18/2026 17:40:55,19.678
3539,08/18/2026 17:55:55,19.592
3540,08/18/2026 18:10:55,19.453
3541,08/18/2026 18:25:55,19.538
3542,08/18/2026 18:40:55,19.903
3543,08/18/2026 18:55:55,20.010
3544,08/18/2026 19:10:55,19.710
3545,08/18/2026 19:25:55,19.474
3546,08/18/2026 19:40:55,19.249
3547,08/18/2026 19:55:55,18.895
3548,08/18/2026 20:10:55,18.466
3549,08/18/2026 20:25:55,18.144
3550,08/18/2026 20:40:55,17.983
3551,08/18/2026 20:55:55,17.876
3552,08/18/2026 21:10:55,17.855
3553,08/18/2026 21:25:55,17.812
3554,08/18/2026 21:40:55,17.769
3555,08/18/2026 21:55:55,17.779
3556,08/18/2026 22:10:55,18.015
3557,08/18/2026 22:25:55,18.273
3558,08/18/2026 22:40:55,18.208
3559,08/18/2026 22:55:55,18.241
3560,08/18/2026 23:10:55,18.423
3561,08/18/2026 23:25:55,18.101
3562,08/18/2026 23:40:55,17.726
3563,08/18/2026 23:55:55,17.383
3564,08/19/2026 00:10:55,17.383
3565,08/19/2026 00:25:55,17.543
3566,08/19/2026 00:40:55,17.651
3567,08/19/2026 00:55:55,17.812
3568,08/19/2026 01:10:55,17.983
3569,08/19/2026 01:25:55,18.090
3570,08/19/2026 01:40:55,18.101
3571,08/19/2026 01:55:55,18.037
3572,08/19/2026 02:10:55,17.458
3573,08/19/2026 02:25:55,16.943
3574,08/19/2026 02:40:55,16.610
3575,08/19/2026 02:55:55,16.321
3576,08/19/2026 03:10:55,16.117
3577,08/19/2026 03:25:55,15.913
3578,08/19/2026 03:40:55,15.742
3579,08/19/2026 03:55:55,15.592
3580,08/19/2026 04:10:55,15.431
3581,08/19/2026 04:25:55,15.323
3582,08/19/2026 04:40:55,15.270
3583,08/19/2026 04:55:55,15.227
3584,08/19/2026 05:10:55,15.334
3585,08/19/2026 05:25:55,15.398
3586,08/19/2026 05:40:55,15.377
3587,08/19/2026 05:55:55,15.420
3588,08/19/2026 06:10:55,15.377
3589,08/19/2026 06:25:55,15.516
3590,08/19/2026 06:40:55,15.613
3591,08/19/2026 06:55:55,15.742
3592,08/19/2026 07:10:55,15.860
3593,08/19/2026 07:25:55,15.999
3594,08/19/2026 07:40:55,16.117
3595,08/19/2026 07:55:55,16.128
3596,08/19/2026 08:10:55,16.256
3597,08/19/2026 08:25:55,16.664
3598,08/19/2026 08:40:55,17.147
3599,08/19/2026 08:55:55,17.576
3600,08/19/2026 09:10:55,17.940
3601,08/19/2026 09:25:55,18.187
3602,08/19/2026 09:40:55,18.337
3603,08/19/2026 09:55:55,18.444
3604,08/19/2026 10:10:55,18.326
3605,08/19/2026 10:25:55,18.326
3606,08/19/2026 10:40:55,18.326
3607,08/19/2026 10:55:55,18.284
3608,08/19/2026 11:10:55,18.359
3609,08/19/2026 11:25:55,17.855
3610,08/19/2026 11:40:55,17.629
3611,08/19/2026 11:55:55,17.576
3612,08/19/2026 12:10:55,17.522
3613,08/19/2026 12:25:55,17.822
3614,08/19/2026 12:40:55,17.576
3615,08/19/2026 12:55:55,17.972
3616,08/19/2026 13:10:55,18.123
3617,08/19/2026 13:25:55,18.273
3618,08/19/2026 13:40:55,18.380
3619,08/19/2026 13:55:55,18.391
3620,08/19/2026 14:10:55,18.294
3621,08/19/2026 14:25:55,18.434
3622,08/19/2026 14:40:55,18.702
3623,08/19/2026 14:55:55,19.217
3624,08/19/2026 15:10:55,19.764
3625,08/19/2026 15:25:55,19.367
3626,08/19/2026 15:40:55,19.603
3627,08/19/2026 15:55:55,19.560
3628,08/19/2026 16:10:55,19.946
3629,08/19/2026 16:25:55,19.774
3630,08/19/2026 16:40:55,19.828
3631,08/19/2026 16:55:55,19.860
3632,08/19/2026 17:10:55,19.302
3633,08/19/2026 17:25:55,19.131
3634,08/19/2026 17:40:55,18.991
3635,08/19/2026 17:55:55,18.948
3636,08/19/2026 18:10:55,18.873
3637,08/19/2026 18:25:55,18.852
3638,08/19/2026 18:40:55,18.798
3639,08/19/2026 18:55:55,18.659
3640,08/19/2026 19:10:55,18.412
3641,08/19/2026 19:25:55,18.541
3642,08/19/2026 19:40:55,18.595
3643,08/19/2026 19:55:55,18.755
3644,08/19/2026 20:10:55,18.948
3645,08/19/2026 20:25:55,19.024
3646,08/19/2026 20:40:55,19.024
3647,08/19/2026 20:55:55,18.981
3648,08/19/2026 21:10:55,18.873
3649,08/19/2026 21:25:55,18.830
3650,08/19/2026 21:40:55,18.820
3651,08/19/2026 21:55:55,18.798
3652,08/19/2026 22:10:55,18.541
3653,08/19/2026 22:25:55,18.380
3654,08/19/2026 22:40:55,18.326
3655,08/19/2026 22:55:55,18.316
3656,08/19/2026 23:10:55,18.326
3657,08/19/2026 23:25:55,18.337
3658,08/19/2026 23:40:55,18.316
3659,08/19/2026 23:55:55,18.273
3660,08/20/2026 00:10:55,18.219
3661,08/20/2026 00:25:55,18.133
3662,08/20/2026 00:40:55,17.479
3663,08/20/2026 00:55:55,17.501
3664,08/20/2026 01:10:55,17.554
3665,08/20/2026 01:25:55,17.715
3666,08/20/2026 01:40:55,17.812
3667,08/20/2026 01:55:55,17.865
3668,08/20/2026 02:10:55,17.887
3669,08/20/2026 02:25:55,17.897
3670,08/20/2026 02:40:55,17.672
3671,08/20/2026 02:55:55,16.975
3672,08/20/2026 03:10:55,16.568
3673,08/20/2026 03:25:55,16.289
3674,08/20/2026 03:40:55,16.042
3675,08/20/2026 03:55:55,15.806
3676,08/20/2026 04:10:55,15.613
3677,08/20/2026 04:25:55,15.431
3678,08/20/2026 04:40:55,15.270
3679,08/20/2026 04:55:55,15.130
3680,08/20/2026 05:10:55,15.023
3681,08/20/2026 05:25:55,14.916
3682,08/20/2026 05:40:55,14.809
3683,08/20/2026 05:55:55,14.712
3684,08/20/2026 06:10:55,14.616
3685,08/20/2026 06:25:55,14.562
3686,08/20/2026 06:40:55,14.530
3687,08/20/2026 06:55:55,14.551
3688,08/20/2026 07:10:55,14.648
3689,08/20/2026 07:25:55,14.862
3690,08/20/2026 07:40:55,15.109
3691,08/20/2026 07:55:55,15.388
3692,08/20/2026 08:10:55,15.827
3693,08/20/2026 08:25:55,16.342
3694,08/20/2026 08:40:55,16.932
3695,08/20/2026 08:55:55,17.404
3696,08/20/2026 09:10:55,17.350
3697,08/20/2026 09:25:55,17.372
3698,08/20/2026 09:40:55,17.586
3699,08/20/2026 09:55:55,17.887
3700,08/20/2026 10:10:55,18.144
3701,08/20/2026 10:25:55,18.337
3702,08/20/2026 10:40:55,18.498
3703,08/20/2026 10:55:55,18.627
3704,08/20/2026 11:10:55,18.466
3705,08/20/2026 11:25:55,18.144
3706,08/20/2026 11:40:55,17.855
3707,08/20/2026 11:55:55,17.758
3708,08/20/2026 12:10:55,17.619
3709,08/20/2026 12:25:55,17.543
3710,08/20/2026 12:40:55,17.458
3711,08/20/2026 12:55:55,17.576
3712,08/20/2026 13:10:55,17.543
3713,08/20/2026 13:25:55,17.393
3714,08/20/2026 13:40:55,17.426
3715,08/20/2026 13:55:55,17.404
3716,08/20/2026 14:10:55,17.393
3717,08/20/2026 14:25:55,18.477
3718,08/20/2026 14:40:55,18.670
3719,08/20/2026 14:55:55,19.560
3720,08/20/2026 15:10:55,18.348
3721,08/20/2026 15:25:55,19.292
3722,08/20/2026 15:40:55,19.592
3723,08/20/2026 15:55:55,19.131
3724,08/20/2026 16:10:55,18.723
3725,08/20/2026 16:25:55,18.584
3726,08/20/2026 16:40:55,18.798
3727,08/20/2026 16:55:55,18.873
3728,08/20/2026 17:10:55,18.863
3729,08/20/2026 17:25:55,18.766
3730,08/20/2026 17:40:55,18.702
3731,08/20/2026 17:55:55,18.830
3732,08/20/2026 18:10:55,18.702
3733,08/20/2026 18:25:55,18.444
3734,08/20/2026 18:40:55,18.144
3735,08/20/2026 18:55:55,17.833
3736,08/20/2026 19:10:55,17.779
3737,08/20/2026 19:25:55,17.640
3738,08/20/2026 19:40:55,17.490
3739,08/20/2026 19:55:55,17.350
3740,08/20/2026 20:10:55,17.179
3741,08/20/2026 20:25:55,17.157
3742,08/20/2026 20:40:55,17.136
3743,08/20/2026 20:55:55,17.125
3744,08/20/2026 21:10:55,17.243
3745,08/20/2026 21:25:55,17.361
3746,08/20/2026 21:40:55,17.640
3747,08/20/2026 21:55:55,18.015
3748,08/20/2026 22:10:55,18.219
3749,08/20/2026 22:25:55,18.359
3750,08/20/2026 22:40:55,18.444
3751,08/20/2026 22:55:55,18.477
3752,08/20/2026 23:10:55,17.855
3753,08/20/2026 23:25:55,17.533
3754,08/20/2026 23:40:55,17.672
3755,08/20/2026 23:55:55,17.769
3756,08/21/2026 00:10:55,17.930
3757,08/21/2026 00:25:55,18.316
3758,08/21/2026 00:40:55,18.562
3759,08/21/2026 00:55:55,18.691
3760,08/21/2026 01:10:55,18.648
3761,08/21/2026 01:25:55,18.627
3762,08/21/2026 01:40:55,18.637
3763,08/21/2026 01:55:55,18.691
3764,08/21/2026 02:10:55,18.745
3765,08/21/2026 02:25:55,18.648
3766,08/21/2026 02:40:55,18.584
3767,08/21/2026 02:55:55,18.498
3768,08/21/2026 03:10:55,18.380
3769,08/21/2026 03:25:55,18.069
3770,08/21/2026 03:40:55,17.286
3771,08/21/2026 03:55:55,16.814
3772,08/21/2026 04:10:55,16.482
3773,08/21/2026 04:25:55,16.192
3774,08/21/2026 04:40:55,15.913
3775,08/21/2026 04:55:55,15.709
3776,08/21/2026 05:10:55,15.516
3777,08/21/2026 05:25:55,15.345
3778,08/21/2026 05:40:55,15.184
3779,08/21/2026 05:55:55,15.034
3780,08/21/2026 06:10:55,14.937
3781,08/21/2026 06:25:55,14.927
3782,08/21/2026 06:40:55,15.045
3783,08/21/2026 06:55:55,15.205
3784,08/21/2026 07:10:55,15.356
3785,08/21/2026 07:25:55,15.484
3786,08/21/2026 07:40:55,15.570
3787,08/21/2026 07:55:55,15.881
3788,08/21/2026 08:10:55,16.138
3789,08/21/2026 08:25:55,16.782
3790,08/21/2026 08:40:55,17.329
3791,08/21/2026 08:55:55,17.919
3792,08/21/2026 09:10:55,18.809
3793,08/21/2026 09:25:55,19.731
3794,08/21/2026 09:40:55,20.203
3795,08/21/2026 09:55:55,20.504
3796,08/21/2026 10:10:55,19.420
3797,08/21/2026 10:25:55,18.573
3798,08/21/2026 10:40:55,18.166
3799,08/21/2026 10:55:55,17.887
3800,08/21/2026 11:10:55,17.876
3801,08/21/2026 11:25:55,17.930
3802,08/21/2026 11:40:55,18.069
3803,08/21/2026 11:55:55,18.187
3804,08/21/2026 12:10:55,17.972
3805,08/21/2026 12:25:55,17.522
3806,08/21/2026 12:40:55,17.350
3807,08/21/2026 12:55:55,17.297
3808,08/21/2026 13:10:55,17.586
3809,08/21/2026 13:25:55,17.458
3810,08/21/2026 13:40:55,17.179
3811,08/21/2026 13:55:55,16.932
3812,08/21/2026 14:10:55,16.782
3813,08/21/2026 14:25:55,16.664
3814,08/21/2026 14:40:55,16.664
3815,08/21/2026 14:55:55,16.771
3816,08/21/2026 15:10:55,16.868
3817,08/21/2026 15:25:55,16.803
3818,08/21/2026 15:40:55,17.007
3819,08/21/2026 15:55:55,17.093
3820,08/21/2026 16:10:55,17.747
3821,08/21/2026 16:25:55,18.337
3822,08/21/2026 16:40:55,18.541
3823,08/21/2026 16:55:55,18.584
3824,08/21/2026 17:10:55,17.576
3825,08/21/2026 17:25:55,18.187
3826,08/21/2026 17:40:55,18.391
3827,08/21/2026 17:55:55,18.820
3828,08/21/2026 18:10:55,18.970
3829,08/21/2026 18:25:55,19.024
3830,08/21/2026 18:40:55,18.991
3831,08/21/2026 18:55:55,18.991
3832,08/21/2026 19:10:55,19.088
3833,08/21/2026 19:25:55,19.131
3834,08/21/2026 19:40:55,19.195
3835,08/21/2026 19:55:55,19.270
3836,08/21/2026 20:10:55,18.906
3837,08/21/2026 20:25:55,18.755
3838,08/21/2026 20:40:55,19.024
3839,08/21/2026 20:55:55,18.830
3840,08/21/2026 21:10:55,18.691
3841,08/21/2026 21:25:55,18.755
3842,08/21/2026 21:40:55,18.948
3843,08/21/2026 21:55:55,19.335
3844,08/21/2026 22:10:55,19.453
3845,08/21/2026 22:25:55,19.474
3846,08/21/2026 22:40:55,19.474
3847,08/21/2026 22:55:55,19.442
3848,08/21/2026 23:10:55,19.399
3849,08/21/2026 23:25:55,19.367
3850,08/21/2026 23:40:55,19.324
3851,08/21/2026 23:55:55,19.292
3852,08/22/2026 00:10:55,19.249
3853,08/22/2026 00:25:55,19.217
3854,08/22/2026 00:40:55,19.195
3855,08/22/2026 00:55:55,19.152
3856,08/22/2026 01:10:55,18.906
3857,08/22/2026 01:25:55,18.809
3858,08/22/2026 01:40:55,18.755
3859,08/22/2026 01:55:55,18.702
3860,08/22/2026 02:10:55,18.659
3861,08/22/2026 02:25:55,18.713
3862,08/22/2026 02:40:55,18.755
3863,08/22/2026 02:55:55,18.713
3864,08/22/2026 03:10:55,18.702
3865,08/22/2026 03:25:55,18.766
3866,08/22/2026 03:40:55,18.713
3867,08/22/2026 03:55:55,18.648
3868,08/22/2026 04:10:55,18.541
3869,08/22/2026 04:25:55,18.348
3870,08/22/2026 04:40:55,18.058
3871,08/22/2026 04:55:55,17.887
3872,08/22/2026 05:10:55,17.694
3873,08/22/2026 05:25:55,17.576
3874,08/22/2026 05:40:55,17.458
3875,08/22/2026 05:55:55,17.329
3876,08/22/2026 06:10:55,17.297
3877,08/22/2026 06:25:55,17.232
3878,08/22/2026 06:40:55,17.157
3879,08/22/2026 06:55:55,17.114
3880,08/22/2026 07:10:55,17.093
3881,08/22/2026 07:25:55,17.082
3882,08/22/2026 07:40:55,17.168
3883,08/22/2026 07:55:55,17.372
3884,08/22/2026 08:10:55,17.383
3885,08/22/2026 08:25:55,17.361
3886,08/22/2026 08:40:55,17.350
3887,08/22/2026 08:55:55,17.350
3888,08/22/2026 09:10:55,17.790
3889,08/22/2026 09:25:55,18.305
3890,08/22/2026 09:40:55,18.530
3891,08/22/2026 09:55:55,19.281
3892,08/22/2026 10:10:55,20.021
3893,08/22/2026 10:25:55,20.664
3894,08/22/2026 10:40:55,21.640
3895,08/22/2026 10:55:55,21.415
3896,08/22/2026 11:10:55,19.635
3897,08/22/2026 11:25:55,19.109
3898,08/22/2026 11:40:55,18.991
3899,08/22/2026 11:55:55,18.873
3900,08/22/2026 12:10:55,18.895
3901,08/22/2026 12:25:55,18.841
3902,08/22/2026 12:40:55,18.734
3903,08/22/2026 12:55:55,18.777
3904,08/22/2026 13:10:55,18.734
3905,08/22/2026 13:25:55,18.627
3906,08/22/2026 13:40:55,18.605
3907,08/22/2026 13:55:55,18.552
3908,08/22/2026 14:10:55,18.562
3909,08/22/2026 14:25:55,18.305
3910,08/22/2026 14:40:55,18.359
3911,08/22/2026 14:55:55,18.251
3912,08/22/2026 15:10:55,18.573
3913,08/22/2026 15:25:55,18.562
3914,08/22/2026 15:40:55,18.627
3915,08/22/2026 15:55:55,18.777
3916,08/22/2026 16:10:55,18.863
3917,08/22/2026 16:25:55,18.841
3918,08/22/2026 16:40:55,18.820
3919,08/22/2026 16:55:55,18.820
3920,08/22/2026 17:10:55,18.788
3921,08/22/2026 17:25:55,18.745
3922,08/22/2026 17:40:55,18.723
3923,08/22/2026 17:55:55,18.702
3924,08/22/2026 18:10:55,18.595
3925,08/22/2026 18:25:55,18.498
3926,08/22/2026 18:40:55,18.444
3927,08/22/2026 18:55:55,18.487
3928,08/22/2026 19:10:55,18.498
3929,08/22/2026 19:25:55,18.562
3930,08/22/2026 19:40:55,18.584
3931,08/22/2026 19:55:55,18.519
3932,08/22/2026 20:10:55,18.498
3933,08/22/2026 20:25:55,18.466
3934,08/22/2026 20:40:55,18.423
3935,08/22/2026 20:55:55,18.284
3936,08/22/2026 21:10:55,18.208
3937,08/22/2026 21:25:55,18.080
3938,08/22/2026 21:40:55,18.090
3939,08/22/2026 21:55:55,18.112
3940,08/22/2026 22:10:55,17.983
3941,08/22/2026 22:25:55,17.930
3942,08/22/2026 22:40:55,17.876
3943,08/22/2026 22:55:55,17.747
3944,08/22/2026 23:10:55,17.554
3945,08/22/2026 23:25:55,17.468
3946,08/22/2026 23:40:55,17.372
3947,08/22/2026 23:55:55,17.297
3948,08/23/2026 00:10:55,17.243
3949,08/23/2026 00:25:55,17.200
3950,08/23/2026 00:40:55,17.147
3951,08/23/2026 00:55:55,17.029
3952,08/23/2026 01:10:55,16.964
3953,08/23/2026 01:25:55,16.921
3954,08/23/2026 01:40:55,16.889
3955,08/23/2026 01:55:55,16.889
3956,08/23/2026 02:10:55,16.857
3957,08/23/2026 02:25:55,16.846
3958,08/23/2026 02:40:55,16.836
3959,08/23/2026 02:55:55,16.803
3960,08/23/2026 03:10:55,16.836
3961,08/23/2026 03:25:55,16.889
3962,08/23/2026 03:40:55,16.836
3963,08/23/2026 03:55:55,16.761
3964,08/23/2026 04:10:55,16.707
3965,08/23/2026 04:25:55,16.771
3966,08/23/2026 04:40:55,16.889
3967,08/23/2026 04:55:55,16.921
3968,08/23/2026 05:10:55,16.825
3969,08/23/2026 05:25:55,16.514
3970,08/23/2026 05:40:55,16.407
3971,08/23/2026 05:55:55,16.299
3972,08/23/2026 06:10:55,16.203
3973,08/23/2026 06:25:55,16.149
3974,08/23/2026 06:40:55,16.171
3975,08/23/2026 06:55:55,16.203
3976,08/23/2026 07:10:55,16.256
3977,08/23/2026 07:25:55,16.396
3978,08/23/2026 07:40:55,16.696
3979,08/23/2026 07:55:55,16.997
3980,08/23/2026 08:10:55,17.243
3981,08/23/2026 08:25:55,17.608
3982,08/23/2026 08:40:55,17.940
3983,08/23/2026 08:55:55,18.187
3984,08/23/2026 09:10:55,18.284
3985,08/23/2026 09:25:55,18.326
3986,08/23/2026 09:40:55,18.530
3987,08/23/2026 09:55:55,18.991
3988,08/23/2026 10:10:55,19.388
3989,08/23/2026 10:25:55,20.482
3990,08/23/2026 10:40:55,22.381
3991,08/23/2026 10:55:55,23.560
3992,08/23/2026 11:10:55,24.536
3993,08/23/2026 11:25:55,24.461
3994,08/23/2026 11:40:55,24.054
3995,08/23/2026 11:55:55,23.378
3996,08/23/2026 12:10:55,20.600
3997,08/23/2026 12:25:55,19.710
3998,08/23/2026 12:40:55,19.249
3999,08/23/2026 12:55:55,18.863
4000,08/23/2026 13:10:55,18.326
4001,08/23/2026 13:25:55,18.037
4002,08/23/2026 13:40:55,17.812
4003,08/23/2026 13:55:55,17.586
4004,08/23/2026 14:10:55,17.350
4005,08/23/2026 14:25:55,17.200
4006,08/23/2026 14:40:55,17.147
4007,08/23/2026 14:55:55,17.104
4008,08/23/2026 15:10:55,17.061
4009,08/23/2026 15:25:55,16.943
4010,08/23/2026 15:40:55,16.932
4011,08/23/2026 15:55:55,16.932
4012,08/23/2026 16:10:55,16.954
4013,08/23/2026 16:25:55,17.007
4014,08/23/2026 16:40:55,17.007
4015,08/23/2026 16:55:55,17.082
4016,08/23/2026 17:10:55,17.114
4017,08/23/2026 17:25:55,17.136
4018,08/23/2026 17:40:55,17.114
4019,08/23/2026 17:55:55,17.114
4020,08/23/2026 18:10:55,17.114
4021,08/23/2026 18:25:55,17.082
4022,08/23/2026 18:40:55,17.061
4023,08/23/2026 18:55:55,17.029
4024,08/23/2026 19:10:55,17.029
4025,08/23/2026 19:25:55,17.050
4026,08/23/2026 19:40:55,17.061
4027,08/23/2026 19:55:55,17.050
4028,08/23/2026 20:10:55,17.061
4029,08/23/2026 20:25:55,16.964
4030,08/23/2026 20:40:55,16.771
4031,08/23/2026 20:55:55,16.707
4032,08/23/2026 21:10:55,16.771
4033,08/23/2026 21:25:55,16.836
4034,08/23/2026 21:40:55,16.889
4035,08/23/2026 21:55:55,16.921
4036,08/23/2026 22:10:55,16.943
4037,08/23/2026 22:25:55,16.911
4038,08/23/2026 22:40:55,16.836
4039,08/23/2026 22:55:55,16.857
4040,08/23/2026 23:10:55,16.868
4041,08/23/2026 23:25:55,16.879
4042,08/23/2026 23:40:55,16.889
4043,08/23/2026 23:55:55,16.857
4044,08/24/2026 00:10:55,16.857
4045,08/24/2026 00:25:55,16.857
4046,08/24/2026 00:40:55,16.836
4047,08/24/2026 00:55:55,16.825
4048,08/24/2026 01:10:55,16.782
4049,08/24/2026 01:25:55,16.771
4050,08/24/2026 01:40:55,16.739
4051,08/24/2026 01:55:55,16.707
4052,08/24/2026 02:10:55,16.707
4053,08/24/2026 02:25:55,16.696
4054,08/24/2026 02:40:55,16.685
4055,08/24/2026 02:55:55,16.568
4056,08/24/2026 03:10:55,16.417
4057,08/24/2026 03:25:55,16.353
4058,08/24/2026 03:40:55,16.267
4059,08/24/2026 03:55:55,16.246
4060,08/24/2026 04:10:55,16.203
4061,08/24/2026 04:25:55,16.117
4062,08/24/2026 04:40:55,16.117
4063,08/24/2026 04:55:55,16.117
4064,08/24/2026 05:10:55,16.128
4065,08/24/2026 05:25:55,16.128
4066,08/24/2026 05:40:55,16.106
4067,08/24/2026 05:55:55,15.913
4068,08/24/2026 06:10:55,15.731
4069,08/24/2026 06:25:55,15.120
4070,08/24/2026 06:40:55,14.798
4071,08/24/2026 06:55:55,14.701
4072,08/24/2026 07:10:55,14.583
4073,08/24/2026 07:25:55,14.691
4074,08/24/2026 07:40:55,14.862
4075,08/24/2026 07:55:55,15.077
4076,08/24/2026 08:10:55,15.334
4077,08/24/2026 08:25:55,15.688
4078,08/24/2026 08:40:55,16.138
4079,08/24/2026 08:55:55,16.825
4080,08/24/2026 09:10:55,17.543
4081,08/24/2026 09:25:55,18.294
4082,08/24/2026 09:40:55,19.131
4083,08/24/2026 09:55:55,19.935
4084,08/24/2026 10:10:55,20.750
4085,08/24/2026 10:25:55,21.576
4086,08/24/2026 10:40:55,22.466
4087,08/24/2026 10:55:55,23.249
4088,08/24/2026 11:10:55,24.064
4089,08/24/2026 11:25:55,24.504
4090,08/24/2026 11:40:55,24.826
4091,08/24/2026 11:55:55,24.869
4092,08/24/2026 12:10:55,25.491
4093,08/24/2026 12:25:55,26.134
4094,08/24/2026 12:40:55,26.081
4095,08/24/2026 12:55:55,24.483
4096,08/24/2026 13:10:55,21.297
4097,08/24/2026 13:25:55,19.699
4098,08/24/2026 13:40:55,19.238
4099,08/24/2026 13:55:55,18.498
4100,08/24/2026 14:10:55,18.230
4101,08/24/2026 14:25:55,17.983
4102,08/24/2026 14:40:55,17.576
4103,08/24/2026 14:55:55,17.404
4104,08/24/2026 15:10:55,17.082
4105,08/24/2026 15:25:55,16.921
4106,08/24/2026 15:40:55,16.868
4107,08/24/2026 15:55:55,16.900
4108,08/24/2026 16:10:55,16.771
4109,08/24/2026 16:25:55,16.782
4110,08/24/2026 16:40:55,16.814
4111,08/24/2026 16:55:55,16.825
4112,08/24/2026 17:10:55,16.771
4113,08/24/2026 17:25:55,16.771
4114,08/24/2026 17:40:55,16.707
4115,08/24/2026 17:55:55,16.653
4116,08/24/2026 18:10:55,16.685
4117,08/24/2026 18:25:55,16.696
4118,08/24/2026 18:40:55,16.685
4119,08/24/2026 18:55:55,16.685
4120,08/24/2026 19:10:55,16.664
4121,08/24/2026 19:25:55,16.632
4122,08/24/2026 19:40:55,16.621
4123,08/24/2026 19:55:55,16.600
4124,08/24/2026 20:10:55,16.568
4125,08/24/2026 20:25:55,16.546
4126,08/24/2026 20:40:55,16.568
4127,08/24/2026 20:55:55,16.600
4128,08/24/2026 21:10:55,16.621
4129,08/24/2026 21:25:55,16.610
4130,08/24/2026 21:40:55,16.546
4131,08/24/2026 21:55:55,16.546
4132,08/24/2026 22:10:55,16.492
4133,08/24/2026 22:25:55,16.460
4134,08/24/2026 22:40:55,16.471
4135,08/24/2026 22:55:55,16.503
4136,08/24/2026 23:10:55,16.546
4137,08/24/2026 23:25:55,16.568
4138,08/24/2026 23:40:55,16.568
4139,08/24/2026 23:55:55,16.514
4140,08/25/2026 00:10:55,16.557
4141,08/25/2026 00:25:55,16.610
4142,08/25/2026 00:40:55,16.514
4143,08/25/2026 00:55:55,16.557
4144,08/25/2026 01:10:55,16.482
4145,08/25/2026 01:25:55,16.428
4146,08/25/2026 01:40:55,16.428
4147,08/25/2026 01:55:55,16.396
4148,08/25/2026 02:10:55,16.364
4149,08/25/2026 02:25:55,16.364
4150,08/25/2026 02:40:55,16.332
4151,08/25/2026 02:55:55,16.321
4152,08/25/2026 03:10:55,16.299
4153,08/25/2026 03:25:55,16.289
4154,08/25/2026 03:40:55,16.299
4155,08/25/2026 03:55:55,16.267
4156,08/25/2026 04:10:55,16.214
4157,08/25/2026 04:25:55,16.160
4158,08/25/2026 04:40:55,16.138
4159,08/25/2026 04:55:55,16.128
4160,08/25/2026 05:10:55,16.117
4161,08/25/2026 05:25:55,16.085
4162,08/25/2026 05:40:55,16.053
4163,08/25/2026 05:55:55,16.063
4164,08/25/2026 06:10:55,16.085
4165,08/25/2026 06:25:55,16.074
4166,08/25/2026 06:40:55,15.967
4167,08/25/2026 06:55:55,15.881
4168,08/25/2026 07:10:55,15.656
4169,08/25/2026 07:25:55,15.559
4170,08/25/2026 07:40:55,15.613
4171,08/25/2026 07:55:55,15.763
4172,08/25/2026 08:10:55,16.042
4173,08/25/2026 08:25:55,16.385
4174,08/25/2026 08:40:55,16.750
4175,08/25/2026 08:55:55,17.147
4176,08/25/2026 09:10:55,17.661
4177,08/25/2026 09:25:55,18.380
4178,08/25/2026 09:40:55,19.142
4179,08/25/2026 09:55:55,19.978
4180,08/25/2026 10:10:55,20.825
4181,08/25/2026 10:25:55,21.834
4182,08/25/2026 10:40:55,22.799
4183,08/25/2026 10:55:55,23.560
4184,08/25/2026 11:10:55,24.204
4185,08/25/2026 11:25:55,24.922
4186,08/25/2026 11:40:55,25.619
4187,08/25/2026 11:55:55,26.413
4188,08/25/2026 12:10:55,26.939
4189,08/25/2026 12:25:55,27.529
4190,08/25/2026 12:40:55,28.076
4191,08/25/2026 12:55:55,28.655
4192,08/25/2026 13:10:55,29.202
4193,08/25/2026 13:25:55,29.641
4194,08/25/2026 13:40:55,24.054
4195,08/25/2026 13:55:55,21.061
4196,08/25/2026 14:10:55,19.903
4197,08/25/2026 14:25:55,19.281
4198,08/25/2026 14:40:55,18.927
4199,08/25/2026 14:55:55,19.560
4200,08/25/2026 15:10:55,19.678
4201,08/25/2026 15:25:55,19.689
4202,08/25/2026 15:40:55,19.646
4203,08/25/2026 15:55:55,19.474
4204,08/25/2026 16:10:55,19.099
4205,08/25/2026 16:25:55,18.991
4206,08/25/2026 16:40:55,18.895
4207,08/25/2026 16:55:55,18.616
4208,08/25/2026 17:10:55,18.477
4209,08/25/2026 17:25:55,18.401
4210,08/25/2026 17:40:55,18.337
4211,08/25/2026 17:55:55,18.294
4212,08/25/2026 18:10:55,18.273
4213,08/25/2026 18:25:55,18.230
4214,08/25/2026 18:40:55,18.198
4215,08/25/2026 18:55:55,18.101
4216,08/25/2026 19:10:55,18.058
4217,08/25/2026 19:25:55,17.994
4218,08/25/2026 19:40:55,17.930
4219,08/25/2026 19:55:55,17.876
4220,08/25/2026 20:10:55,17.833
4221,08/25/2026 20:25:55,17.822
4222,08/25/2026 20:40:55,17.855
4223,08/25/2026 20:55:55,18.048
4224,08/25/2026 21:10:55,18.251
4225,08/25/2026 21:25:55,18.434
4226,08/25/2026 21:40:55,18.616
4227,08/25/2026 21:55:55,18.895
4228,08/25/2026 22:10:55,18.927
4229,08/25/2026 22:25:55,18.841
4230,08/25/2026 22:40:55,18.948
4231,08/25/2026 22:55:55,19.013
4232,08/25/2026 23:10:55,18.970
4233,08/25/2026 23:25:55,18.906
4234,08/25/2026 23:40:55,18.863
4235,08/25/2026 23:55:55,18.798
4236,08/26/2026 00:10:55,18.723
4237,08/26/2026 00:25:55,18.648
4238,08/26/2026 00:40:55,18.605
4239,08/26/2026 00:55:55,18.562
4240,08/26/2026 01:10:55,18.401
4241,08/26/2026 01:25:55,18.198
4242,08/26/2026 01:40:55,18.069
4243,08/26/2026 01:55:55,17.951
4244,08/26/2026 02:10:55,17.844
4245,08/26/2026 02:25:55,17.694
4246,08/26/2026 02:40:55,17.619
4247,08/26/2026 02:55:55,17.554
4248,08/26/2026 03:10:55,17.490
4249,08/26/2026 03:25:55,17.468
4250,08/26/2026 03:40:55,17.436
4251,08/26/2026 03:55:55,17.329
4252,08/26/2026 04:10:55,17.232
4253,08/26/2026 04:25:55,17.200
4254,08/26/2026 04:40:55,17.157
4255,08/26/2026 04:55:55,17.061
4256,08/26/2026 05:10:55,17.007
4257,08/26/2026 05:25:55,16.954
4258,08/26/2026 05:40:55,16.921
4259,08/26/2026 05:55:55,16.921
4260,08/26/2026 06:10:55,16.932
4261,08/26/2026 06:25:55,16.964
4262,08/26/2026 06:40:55,17.029
4263,08/26/2026 06:55:55,17.061
4264,08/26/2026 07:10:55,17.061
4265,08/26/2026 07:25:55,17.029
4266,08/26/2026 07:40:55,16.964
4267,08/26/2026 07:55:55,17.061
4268,08/26/2026 08:10:55,17.232
4269,08/26/2026 08:25:55,17.318
4270,08/26/2026 08:40:55,17.329
4271,08/26/2026 08:55:55,17.372
4272,08/26/2026 09:10:55,17.586
4273,08/26/2026 09:25:55,17.629
4274,08/26/2026 09:40:55,17.694
4275,08/26/2026 09:55:55,17.897
4276,08/26/2026 10:10:55,18.155
4277,08/26/2026 10:25:55,18.713
4278,08/26/2026 10:40:55,20.278
4279,08/26/2026 10:55:55,21.522
4280,08/26/2026 11:10:55,22.155
4281,08/26/2026 11:25:55,23.614
4282,08/26/2026 11:40:55,24.397
4283,08/26/2026 11:55:55,24.858
4284,08/26/2026 12:10:55,25.351
4285,08/26/2026 12:25:55,25.791
4286,08/26/2026 12:40:55,26.145
4287,08/26/2026 12:55:55,26.574
4288,08/26/2026 13:10:55,27.014
4289,08/26/2026 13:25:55,27.421
4290,08/26/2026 13:40:55,27.872
4291,08/26/2026 13:55:55,28.161
4292,08/26/2026 14:10:55,24.000
4293,08/26/2026 14:25:55,21.598
4294,08/26/2026 14:40:55,20.718
4295,08/26/2026 14:55:55,19.914
4296,08/26/2026 15:10:55,19.420
4297,08/26/2026 15:25:55,19.109
4298,08/26/2026 15:40:55,18.873
4299,08/26/2026 15:55:55,18.723
4300,08/26/2026 16:10:55,18.648
4301,08/26/2026 16:25:55,18.477
4302,08/26/2026 16:40:55,18.380
4303,08/26/2026 16:55:55,18.348
4304,08/26/2026 17:10:55,18.326
4305,08/26/2026 17:25:55,18.294
4306,08/26/2026 17:40:55,18.273
4307,08/26/2026 17:55:55,18.262
4308,08/26/2026 18:10:55,18.273
4309,08/26/2026 18:25:55,18.294
4310,08/26/2026 18:40:55,18.284
4311,08/26/2026 18:55:55,18.230
4312,08/26/2026 19:10:55,18.187
4313,08/26/2026 19:25:55,18.176
4314,08/26/2026 19:40:55,18.144
4315,08/26/2026 19:55:55,18.112
4316,08/26/2026 20:10:55,18.112
4317,08/26/2026 20:25:55,18.080
4318,08/26/2026 20:40:55,17.704
4319,08/26/2026 20:55:55,17.694
4320,08/26/2026 21:10:55,17.715
4321,08/26/2026 21:25:55,17.737
4322,08/26/2026 21:40:55,17.779
4323,08/26/2026 21:55:55,17.812
4324,08/26/2026 22:10:55,17.812
4325,08/26/2026 22:25:55,17.865
4326,08/26/2026 22:40:55,17.844
4327,08/26/2026 22:55:55,17.855
4328,08/26/2026 23:10:55,17.919
4329,08/26/2026 23:25:55,17.940
4330,08/26/2026 23:40:55,17.951
4331,08/26/2026 23:55:55,17.951
4332,08/27/2026 00:10:55,17.951
4333,08/27/2026 00:25:55,17.951
4334,08/27/2026 00:40:55,17.865
4335,08/27/2026 00:55:55,17.876
4336,08/27/2026 01:10:55,17.694
4337,08/27/2026 01:25:55,17.661
4338,08/27/2026 01:40:55,17.554
4339,08/27/2026 01:55:55,17.490
4340,08/27/2026 02:10:55,17.554
4341,08/27/2026 02:25:55,17.511
4342,08/27/2026 02:40:55,17.458
4343,08/27/2026 02:55:55,17.393
4344,08/27/2026 03:10:55,17.350
4345,08/27/2026 03:25:55,17.329
4346,08/27/2026 03:40:55,17.318
4347,08/27/2026 03:55:55,17.318
4348,08/27/2026 04:10:55,17.318
4349,08/27/2026 04:25:55,17.318
4350,08/27/2026 04:40:55,17.308
4351,08/27/2026 04:55:55,17.308
4352,08/27/2026 05:10:55,17.297
4353,08/27/2026 05:25:55,17.286
4354,08/27/2026 05:40:55,17.275
4355,08/27/2026 05:55:55,17.265
4356,08/27/2026 06:10:55,17.254
4357,08/27/2026 06:25:55,17.232
4358,08/27/2026 06:40:55,17.200
4359,08/27/2026 06:55:55,17.179
4360,08/27/2026 07:10:55,17.147
4361,08/27/2026 07:25:55,17.093
4362,08/27/2026 07:40:55,17.050
4363,08/27/2026 07:55:55,17.029
4364,08/27/2026 08:10:55,17.007
4365,08/27/2026 08:25:55,17.007
4366,08/27/2026 08:40:55,16.943
4367,08/27/2026 08:55:55,16.846
4368,08/27/2026 09:10:55,16.879
4369,08/27/2026 09:25:55,18.359
4370,08/27/2026 09:40:55,20.064
4371,08/27/2026 09:55:55,21.319
4372,08/27/2026 10:10:55,20.600
4373,08/27/2026 10:25:55,19.431
4374,08/27/2026 10:40:55,19.356
4375,08/27/2026 10:55:55,19.217
4376,08/27/2026 11:10:55,19.731
4377,08/27/2026 11:25:55,20.632
4378,08/27/2026 11:40:55,20.911
4379,08/27/2026 11:55:55,21.287
4380,08/27/2026 12:10:55,22.091
4381,08/27/2026 12:25:55,22.713
4382,08/27/2026 12:40:55,23.356
4383,08/27/2026 12:55:55,23.603
4384,08/27/2026 13:10:55,24.193
4385,08/27/2026 13:25:55,24.858
4386,08/27/2026 13:40:55,25.030
4387,08/27/2026 13:55:55,25.040
4388,08/27/2026 14:10:55,25.308
4389,08/27/2026 14:25:55,22.724
4390,08/27/2026 14:40:55,21.319
4391,08/27/2026 14:55:55,21.126
4392,08/27/2026 15:10:55,20.547
4393,08/27/2026 15:25:55,20.000
4394,08/27/2026 15:40:55,19.538
4395,08/27/2026 15:55:55,18.970
4396,08/27/2026 16:10:55,18.595
4397,08/27/2026 16:25:55,18.230
4398,08/27/2026 16:40:55,18.005
4399,08/27/2026 16:55:55,17.887
4400,08/27/2026 17:10:55,17.458
4401,08/27/2026 17:25:55,17.383
4402,08/27/2026 17:40:55,17.361
4403,08/27/2026 17:55:55,17.350
4404,08/27/2026 18:10:55,17.308
4405,08/27/2026 18:25:55,17.265
4406,08/27/2026 18:40:55,17.179
4407,08/27/2026 18:55:55,17.157
4408,08/27/2026 19:10:55,17.147
4409,08/27/2026 19:25:55,17.104
4410,08/27/2026 19:40:55,17.061
4411,08/27/2026 19:55:55,17.039
4412,08/27/2026 20:10:55,17.007
4413,08/27/2026 20:25:55,16.975
4414,08/27/2026 20:40:55,16.975
4415,08/27/2026 20:55:55,16.954
4416,08/27/2026 21:10:55,16.932
4417,08/27/2026 21:25:55,16.943
4418,08/27/2026 21:40:55,16.964
4419,08/27/2026 21:55:55,17.029
4420,08/27/2026 22:10:55,17.072
4421,08/27/2026 22:25:55,17.157
4422,08/27/2026 22:40:55,17.308
4423,08/27/2026 22:55:55,17.329
4424,08/27/2026 23:10:55,17.297
4425,08/27/2026 23:25:55,17.243
4426,08/27/2026 23:40:55,17.222
4427,08/27/2026 23:55:55,17.200
4428,08/28/2026 00:10:55,17.147
4429,08/28/2026 00:25:55,17.114
4430,08/28/2026 00:40:55,17.093
4431,08/28/2026 00:55:55,17.072
4432,08/28/2026 01:10:55,17.029
4433,08/28/2026 01:25:55,17.061
4434,08/28/2026 01:40:55,17.061
4435,08/28/2026 01:55:55,17.007
4436,08/28/2026 02:10:55,16.836
4437,08/28/2026 02:25:55,16.803
4438,08/28/2026 02:40:55,16.803
4439,08/28/2026 02:55:55,16.750
4440,08/28/2026 03:10:55,16.632
4441,08/28/2026 03:25:55,16.514
4442,08/28/2026 03:40:55,16.428
4443,08/28/2026 03:55:55,16.374
4444,08/28/2026 04:10:55,16.364
4445,08/28/2026 04:25:55,16.332
4446,08/28/2026 04:40:55,16.278
4447,08/28/2026 04:55:55,16.235
4448,08/28/2026 05:10:55,16.203
4449,08/28/2026 05:25:55,16.171
4450,08/28/2026 05:40:55,16.117
4451,08/28/2026 05:55:55,16.117
4452,08/28/2026 06:10:55,16.224
4453,08/28/2026 06:25:55,16.267
4454,08/28/2026 06:40:55,16.321
4455,08/28/2026 06:55:55,16.396
4456,08/28/2026 07:10:55,16.460
4457,08/28/2026 07:25:55,16.492
4458,08/28/2026 07:40:55,16.525
4459,08/28/2026 07:55:55,16.525
4460,08/28/2026 08:10:55,16.514
4461,08/28/2026 08:25:55,16.492
4462,08/28/2026 08:40:55,16.525
4463,08/28/2026 08:55:55,16.610
4464,08/28/2026 09:10:55,16.825
4465,08/28/2026 09:25:55,17.576
4466,08/28/2026 09:40:55,18.080
4467,08/28/2026 09:55:55,18.434
4468,08/28/2026 10:10:55,18.498
4469,08/28/2026 10:25:55,18.412
4470,08/28/2026 10:40:55,18.648
4471,08/28/2026 10:55:55,19.195
4472,08/28/2026 11:10:55,19.989
4473,08/28/2026 11:25:55,20.461
4474,08/28/2026 11:40:55,21.297
4475,08/28/2026 11:55:55,21.812
4476,08/28/2026 12:10:55,22.552
4477,08/28/2026 12:25:55,22.927
4478,08/28/2026 12:40:55,23.421
4479,08/28/2026 12:55:55,23.592
4480,08/28/2026 13:10:55,23.088
4481,08/28/2026 13:25:55,22.466
4482,08/28/2026 13:40:55,22.541
4483,08/28/2026 13:55:55,22.338
4484,08/28/2026 14:10:55,22.413
4485,08/28/2026 14:25:55,22.134
4486,08/28/2026 14:40:55,22.134
4487,08/28/2026 14:55:55,20.815
4488,08/28/2026 15:10:55,19.528
4489,08/28/2026 15:25:55,18.820
4490,08/28/2026 15:40:55,18.477
4491,08/28/2026 15:55:55,18.187
4492,08/28/2026 16:10:55,17.833
4493,08/28/2026 16:25:55,17.576
4494,08/28/2026 16:40:55,17.468
4495,08/28/2026 16:55:55,17.447
4496,08/28/2026 17:10:55,17.393
4497,08/28/2026 17:25:55,17.436
4498,08/28/2026 17:40:55,17.447
4499,08/28/2026 17:55:55,17.522
4500,08/28/2026 18:10:55,17.479
4501,08/28/2026 18:25:55,17.404
4502,08/28/2026 18:40:55,17.350
4503,08/28/2026 18:55:55,17.243
4504,08/28/2026 19:10:55,17.018
4505,08/28/2026 19:25:55,16.879
4506,08/28/2026 19:40:55,16.782
4507,08/28/2026 19:55:55,16.707
4508,08/28/2026 20:10:55,16.632
4509,08/28/2026 20:25:55,16.578
4510,08/28/2026 20:40:55,16.546
4511,08/28/2026 20:55:55,16.568
4512,08/28/2026 21:10:55,16.535
4513,08/28/2026 21:25:55,16.514
4514,08/28/2026 21:40:55,16.460
4515,08/28/2026 21:55:55,16.417
4516,08/28/2026 22:10:55,16.482
4517,08/28/2026 22:25:55,16.546
4518,08/28/2026 22:40:55,16.589
4519,08/28/2026 22:55:55,16.568
4520,08/28/2026 23:10:55,16.568
4521,08/28/2026 23:25:55,16.568
4522,08/28/2026 23:40:55,16.492
4523,08/28/2026 23:55:55,16.117
4524,08/29/2026 00:10:55,15.935
4525,08/29/2026 00:25:55,15.881
4526,08/29/2026 00:40:55,15.881
4527,08/29/2026 00:55:55,15.785
4528,08/29/2026 01:10:55,15.709
4529,08/29/2026 01:25:55,15.699
4530,08/29/2026 01:40:55,15.688
4531,08/29/2026 01:55:55,15.785
4532,08/29/2026 02:10:55,15.935
4533,08/29/2026 02:25:55,15.999
4534,08/29/2026 02:40:55,16.053
4535,08/29/2026 02:55:55,16.063
4536,08/29/2026 03:10:55,16.053
4537,08/29/2026 03:25:55,15.999
4538,08/29/2026 03:40:55,15.956
4539,08/29/2026 03:55:55,15.913
4540,08/29/2026 04:10:55,15.892
4541,08/29/2026 04:25:55,15.903
4542,08/29/2026 04:40:55,15.913
4543,08/29/2026 04:55:55,15.903
4544,08/29/2026 05:10:55,15.903
4545,08/29/2026 05:25:55,15.924
4546,08/29/2026 05:40:55,15.935
4547,08/29/2026 05:55:55,15.945
4548,08/29/2026 06:10:55,15.967
4549,08/29/2026 06:25:55,15.967
4550,08/29/2026 06:40:55,15.935
4551,08/29/2026 06:55:55,15.956
4552,08/29/2026 07:10:55,15.956
4553,08/29/2026 07:25:55,15.945
4554,08/29/2026 07:40:55,15.956
4555,08/29/2026 07:55:55,15.967
4556,08/29/2026 08:10:55,15.967
4557,08/29/2026 08:25:55,16.010
4558,08/29/2026 08:40:55,15.999
4559,08/29/2026 08:55:55,16.010
4560,08/29/2026 09:10:55,16.010
4561,08/29/2026 09:25:55,15.978
4562,08/29/2026 09:40:55,16.010
4563,08/29/2026 09:55:55,16.224
4564,08/29/2026 10:10:55,17.994
4565,08/29/2026 10:25:55,19.045
4566,08/29/2026 10:40:55,20.729
4567,08/29/2026 10:55:55,21.490
4568,08/29/2026 11:10:55,20.697
4569,08/29/2026 11:25:55,20.772
4570,08/29/2026 11:40:55,22.541
4571,08/29/2026 11:55:55,23.646
4572,08/29/2026 12:10:55,25.105
4573,08/29/2026 12:25:55,24.633
4574,08/29/2026 12:40:55,25.287
4575,08/29/2026 12:55:55,25.834
4576,08/29/2026 13:10:55,26.413
4577,08/29/2026 13:25:55,27.121
4578,08/29/2026 13:40:55,26.917
4579,08/29/2026 13:55:55,24.944
4580,08/29/2026 14:10:55,23.539
4581,08/29/2026 14:25:55,22.756
4582,08/29/2026 14:40:55,22.027
4583,08/29/2026 14:55:55,21.769
4584,08/29/2026 15:10:55,22.584
4585,08/29/2026 15:25:55,20.514
4586,08/29/2026 15:40:55,19.538
4587,08/29/2026 15:55:55,18.755
4588,08/29/2026 16:10:55,18.251
4589,08/29/2026 16:25:55,17.951
4590,08/29/2026 16:40:55,17.726
4591,08/29/2026 16:55:55,17.586
4592,08/29/2026 17:10:55,17.533
4593,08/29/2026 17:25:55,17.468
4594,08/29/2026 17:40:55,17.426
4595,08/29/2026 17:55:55,17.383
4596,08/29/2026 18:10:55,17.297
4597,08/29/2026 18:25:55,17.254
4598,08/29/2026 18:40:55,17.265
4599,08/29/2026 18:55:55,17.318
4600,08/29/2026 19:10:55,17.318
4601,08/29/2026 19:25:55,17.254
4602,08/29/2026 19:40:55,17.093
4603,08/29/2026 19:55:55,16.921
4604,08/29/2026 20:10:55,16.803
4605,08/29/2026 20:25:55,16.750
4606,08/29/2026 20:40:55,16.707
4607,08/29/2026 20:55:55,16.718
4608,08/29/2026 21:10:55,16.696
4609,08/29/2026 21:25:55,16.525
4610,08/29/2026 21:40:55,16.417
4611,08/29/2026 21:55:55,16.460
4612,08/29/2026 22:10:55,16.460
4613,08/29/2026 22:25:55,16.482
4614,08/29/2026 22:40:55,16.514
4615,08/29/2026 22:55:55,16.460
4616,08/29/2026 23:10:55,16.417
4617,08/29/2026 23:25:55,16.396
4618,08/29/2026 23:40:55,15.806
4619,08/29/2026 23:55:55,15.323
4620,08/30/2026 00:10:55,15.023
4621,08/30/2026 00:25:55,14.841
4622,08/30/2026 00:40:55,14.787
4623,08/30/2026 00:55:55,14.884
4624,08/30/2026 01:10:55,14.969
4625,08/30/2026 01:25:55,14.948
4626,08/30/2026 01:40:55,14.916
4627,08/30/2026 01:55:55,14.969
4628,08/30/2026 02:10:55,15.045
4629,08/30/2026 02:25:55,15.077
4630,08/30/2026 02:40:55,15.087
4631,08/30/2026 02:55:55,15.109
4632,08/30/2026 03:10:55,15.323
4633,08/30/2026 03:25:55,15.570
4634,08/30/2026 03:40:55,15.613
4635,08/30/2026 03:55:55,15.613
4636,08/30/2026 04:10:55,15.677
4637,08/30/2026 04:25:55,15.624
4638,08/30/2026 04:40:55,15.549
4639,08/30/2026 04:55:55,15.549
4640,08/30/2026 05:10:55,15.484
4641,08/30/2026 05:25:55,15.538
4642,08/30/2026 05:40:55,15.538
4643,08/30/2026 05:55:55,15.549
4644,08/30/2026 06:10:55,15.570
4645,08/30/2026 06:25:55,15.570
4646,08/30/2026 06:40:55,15.592
4647,08/30/2026 06:55:55,15.592
4648,08/30/2026 07:10:55,15.549
4649,08/30/2026 07:25:55,15.656
4650,08/30/2026 07:40:55,15.752
4651,08/30/2026 07:55:55,15.785
4652,08/30/2026 08:10:55,15.774
4653,08/30/2026 08:25:55,15.795
4654,08/30/2026 08:40:55,15.795
4655,08/30/2026 08:55:55,15.849
4656,08/30/2026 09:10:55,15.870
4657,08/30/2026 09:25:55,15.935
4658,08/30/2026 09:40:55,16.053
4659,08/30/2026 09:55:55,16.031
4660,08/30/2026 10:10:55,16.063
4661,08/30/2026 10:25:55,16.342
4662,08/30/2026 10:40:55,16.889
4663,08/30/2026 10:55:55,18.444
4664,08/30/2026 11:10:55,20.686
4665,08/30/2026 11:25:55,21.662
4666,08/30/2026 11:40:55,22.531
4667,08/30/2026 11:55:55,23.367
4668,08/30/2026 12:10:55,23.839
4669,08/30/2026 12:25:55,24.450
4670,08/30/2026 12:40:55,24.172
4671,08/30/2026 12:55:55,25.212
4672,08/30/2026 13:10:55,25.030
4673,08/30/2026 13:25:55,25.373
4674,08/30/2026 13:40:55,25.319
4675,08/30/2026 13:55:55,25.555
4676,08/30/2026 14:10:55,25.351
4677,08/30/2026 14:25:55,25.512
4678,08/30/2026 14:40:55,26.006
4679,08/30/2026 14:55:55,25.866
4680,08/30/2026 15:10:55,25.469
4681,08/30/2026 15:25:55,25.845
4682,08/30/2026 15:40:55,22.381
4683,08/30/2026 15:55:55,19.882
4684,08/30/2026 16:10:55,19.163
4685,08/30/2026 16:25:55,18.541
4686,08/30/2026 16:40:55,18.348
4687,08/30/2026 16:55:55,18.337
4688,08/30/2026 17:10:55,17.608
4689,08/30/2026 17:25:55,17.350
4690,08/30/2026 17:40:55,17.350
4691,08/30/2026 17:55:55,17.200
4692,08/30/2026 18:10:55,16.986
4693,08/30/2026 18:25:55,16.889
4694,08/30/2026 18:40:55,16.836
4695,08/30/2026 18:55:55,17.318
4696,08/30/2026 19:10:55,17.297
4697,08/30/2026 19:25:55,17.007
4698,08/30/2026 19:40:55,16.771
4699,08/30/2026 19:55:55,16.664
4700,08/30/2026 20:10:55,16.568
4701,08/30/2026 20:25:55,16.460
4702,08/30/2026 20:40:55,16.310
4703,08/30/2026 20:55:55,16.224
4704,08/30/2026 21:10:55,16.171
4705,08/30/2026 21:25:55,16.203
4706,08/30/2026 21:40:55,16.214
4707,08/30/2026 21:55:55,16.246
4708,08/30/2026 22:10:55,16.224
4709,08/30/2026 22:25:55,16.160
4710,08/30/2026 22:40:55,16.171
4711,08/30/2026 22:55:55,16.160
4712,08/30/2026 23:10:55,16.138
4713,08/30/2026 23:25:55,16.181
4714,08/30/2026 23:40:55,16.010
4715,08/30/2026 23:55:55,15.474
4716,08/31/2026 00:10:55,15.184
4717,08/31/2026 00:25:55,14.980
4718,08/31/2026 00:40:55,14.809
4719,08/31/2026 00:55:55,14.680
4720,08/31/2026 01:10:55,14.583
4721,08/31/2026 01:25:55,14.498
4722,08/31/2026 01:40:55,14.369
4723,08/31/2026 01:55:55,14.240
4724,08/31/2026 02:10:55,14.144
4725,08/31/2026 02:25:55,14.036
4726,08/31/2026 02:40:55,13.961
4727,08/31/2026 02:55:55,13.897
4728,08/31/2026 03:10:55,13.779
4729,08/31/2026 03:25:55,13.693
4730,08/31/2026 03:40:55,13.618
4731,08/31/2026 03:55:55,13.554
4732,08/31/2026 04:10:55,14.069
4733,08/31/2026 04:25:55,14.508
4734,08/31/2026 04:40:55,14.776
4735,08/31/2026 04:55:55,14.905
4736,08/31/2026 05:10:55,15.077
4737,08/31/2026 05:25:55,15.216
4738,08/31/2026 05:40:55,15.420
4739,08/31/2026 05:55:55,15.538
4740,08/31/2026 06:10:55,15.592
4741,08/31/2026 06:25:55,15.645
4742,08/31/2026 06:40:55,15.688
4743,08/31/2026 06:55:55,15.709
4744,08/31/2026 07:10:55,15.742
4745,08/31/2026 07:25:55,15.763
4746,08/31/2026 07:40:55,15.645
4747,08/31/2026 07:55:55,15.624
4748,08/31/2026 08:10:55,15.763
4749,08/31/2026 08:25:55,15.849
4750,08/31/2026 08:40:55,15.881
4751,08/31/2026 08:55:55,15.913
4752,08/31/2026 09:10:55,15.870
4753,08/31/2026 09:25:55,15.881
4754,08/31/2026 09:40:55,15.935
4755,08/31/2026 09:55:55,15.967
4756,08/31/2026 10:10:55,16.128
4757,08/31/2026 10:25:55,16.117
4758,08/31/2026 10:40:55,16.246
4759,08/31/2026 10:55:55,16.332
4760,08/31/2026 11:10:55,16.396
4761,08/31/2026 11:25:55,16.718
4762,08/31/2026 11:40:55,17.383
4763,08/31/2026 11:55:55,18.401
4764,08/31/2026 12:10:55,19.924
4765,08/31/2026 12:25:55,21.362
4766,08/31/2026 12:40:55,21.952
4767,08/31/2026 12:55:55,22.552
4768,08/31/2026 13:10:55,23.099
4769,08/31/2026 13:25:55,23.453
4770,08/31/2026 13:40:55,24.000
4771,08/31/2026 13:55:55,23.914
4772,08/31/2026 14:10:55,24.375
4773,08/31/2026 14:25:55,24.772
4774,08/31/2026 14:40:55,25.030
4775,08/31/2026 14:55:55,25.030
4776,08/31/2026 15:10:55,23.614
4777,08/31/2026 15:25:55,22.810
4778,08/31/2026 15:40:55,21.233
4779,08/31/2026 15:55:55,19.506
4780,08/31/2026 16:10:55,17.930
4781,08/31/2026 16:25:55,17.297
4782,08/31/2026 16:40:55,16.857
4783,08/31/2026 16:55:55,16.739
4784,08/31/2026 17:10:55,16.718
4785,08/31/2026 17:25:55,16.353
4786,08/31/2026 17:40:55,16.117
4787,08/31/2026 17:55:55,15.924
4788,08/31/2026 18:10:55,15.945
4789,08/31/2026 18:25:55,15.827
4790,08/31/2026 18:40:55,15.785
4791,08/31/2026 18:55:55,15.817
4792,08/31/2026 19:10:55,15.881
4793,08/31/2026 19:25:55,15.935
4794,08/31/2026 19:40:55,15.999
4795,08/31/2026 19:55:55,16.053
4796,08/31/2026 20:10:55,16.106
4797,08/31/2026 20:25:55,16.085
4798,08/31/2026 20:40:55,16.128
4799,08/31/2026 20:55:55,16.128
4800,08/31/2026 21:10:55,16.160
4801,08/31/2026 21:25:55,16.171
4802,08/31/2026 21:40:55,16.171
4803,08/31/2026 21:55:55,16.181
4804,08/31/2026 22:10:55,16.171
4805,08/31/2026 22:25:55,16.085
4806,08/31/2026 22:40:55,16.074
4807,08/31/2026 22:55:55,16.096
4808,08/31/2026 23:10:55,16.138
4809,08/31/2026 23:25:55,16.138
4810,08/31/2026 23:40:55,16.117
4811,08/31/2026 23:55:55,16.042
4812,09/01/2026 00:10:55,15.677
4813,09/01/2026 00:25:55,15.130
4814,09/01/2026 00:40:55,14.884
4815,09/01/2026 00:55:55,14.680
4816,09/01/2026 01:10:55,14.498
4817,09/01/2026 01:25:55,14.326
4818,09/01/2026 01:40:55,14.219
4819,09/01/2026 01:55:55,14.069
4820,09/01/2026 02:10:55,13.972
4821,09/01/2026 02:25:55,13.865
4822,09/01/2026 02:40:55,13.790
4823,09/01/2026 02:55:55,13.693
4824,09/01/2026 03:10:55,13.607
4825,09/01/2026 03:25:55,13.532
4826,09/01/2026 03:40:55,13.468
4827,09/01/2026 03:55:55,13.382
4828,09/01/2026 04:10:55,13.318
4829,09/01/2026 04:25:55,13.286
4830,09/01/2026 04:40:55,13.425
4831,09/01/2026 04:55:55,13.436
4832,09/01/2026 05:10:55,13.725
4833,09/01/2026 05:25:55,14.101
4834,09/01/2026 05:40:55,14.315
4835,09/01/2026 05:55:55,14.583
4836,09/01/2026 06:10:55,15.002
4837,09/01/2026 06:25:55,15.130
4838,09/01/2026 06:40:55,15.227
4839,09/01/2026 06:55:55,15.130
4840,09/01/2026 07:10:55,15.302
4841,09/01/2026 07:25:55,15.356
4842,09/01/2026 07:40:55,15.238
4843,09/01/2026 07:55:55,15.130
4844,09/01/2026 08:10:55,15.216
4845,09/01/2026 08:25:55,15.291
4846,09/01/2026 08:40:55,15.313
4847,09/01/2026 08:55:55,15.334
4848,09/01/2026 09:10:55,15.398
4849,09/01/2026 09:25:55,15.602
4850,09/01/2026 09:40:55,15.742
4851,09/01/2026 09:55:55,15.785
4852,09/01/2026 10:10:55,15.795
4853,09/01/2026 10:25:55,15.860
4854,09/01/2026 10:40:55,15.924
4855,09/01/2026 10:55:55,15.978
4856,09/01/2026 11:10:55,16.031
4857,09/01/2026 11:25:55,16.085
4858,09/01/2026 11:40:55,16.171
4859,09/01/2026 11:55:55,16.235
4860,09/01/2026 12:10:55,16.482
4861,09/01/2026 12:25:55,16.707
4862,09/01/2026 12:40:55,16.836
4863,09/01/2026 12:55:55,17.179
4864,09/01/2026 13:10:55,17.640
4865,09/01/2026 13:25:55,18.112
4866,09/01/2026 13:40:55,18.434
4867,09/01/2026 13:55:55,18.530
4868,09/01/2026 14:10:55,18.316
4869,09/01/2026 14:25:55,18.659
4870,09/01/2026 14:40:55,18.798
4871,09/01/2026 14:55:55,18.927
4872,09/01/2026 15:10:55,18.798
4873,09/01/2026 15:25:55,18.820
4874,09/01/2026 15:40:55,18.734
4875,09/01/2026 15:55:55,18.627
4876,09/01/2026 16:10:55,18.048
4877,09/01/2026 16:25:55,18.219
4878,09/01/2026 16:40:55,17.844
4879,09/01/2026 16:55:55,17.533
4880,09/01/2026 17:10:55,17.554
4881,09/01/2026 17:25:55,17.436
4882,09/01/2026 17:40:55,17.297
4883,09/01/2026 17:55:55,17.179
4884,09/01/2026 18:10:55,17.061
4885,09/01/2026 18:25:55,16.975
4886,09/01/2026 18:40:55,16.911
4887,09/01/2026 18:55:55,16.825
4888,09/01/2026 19:10:55,16.771
4889,09/01/2026 19:25:55,16.718
4890,09/01/2026 19:40:55,16.664
4891,09/01/2026 19:55:55,16.632
4892,09/01/2026 20:10:55,16.621
4893,09/01/2026 20:25:55,16.600
4894,09/01/2026 20:40:55,16.600
4895,09/01/2026 20:55:55,16.632
4896,09/01/2026 21:10:55,16.600
4897,09/01/2026 21:25:55,16.557
4898,09/01/2026 21:40:55,16.514
4899,09/01/2026 21:55:55,16.514
4900,09/01/2026 22:10:55,16.546
4901,09/01/2026 22:25:55,16.546
4902,09/01/2026 22:40:55,16.568
4903,09/01/2026 22:55:55,16.589
4904,09/01/2026 23:10:55,16.632
4905,09/01/2026 23:25:55,16.632
4906,09/01/2026 23:40:55,16.557
4907,09/01/2026 23:55:55,16.503
4908,09/02/2026 00:10:55,16.428
4909,09/02/2026 00:25:55,16.310
4910,09/02/2026 00:40:55,15.999
4911,09/02/2026 00:55:55,15.570
4912,09/02/2026 01:10:55,15.345
4913,09/02/2026 01:25:55,15.291
4914,09/02/2026 01:40:55,15.366
4915,09/02/2026 01:55:55,15.280
4916,09/02/2026 02:10:55,15.109
4917,09/02/2026 02:25:55,15.023
4918,09/02/2026 02:40:55,15.012
4919,09/02/2026 02:55:55,15.066
4920,09/02/2026 03:10:55,14.948
4921,09/02/2026 03:25:55,14.809
4922,09/02/2026 03:40:55,14.916
4923,09/02/2026 03:55:55,15.055
4924,09/02/2026 04:10:55,15.109
4925,09/02/2026 04:25:55,15.141
4926,09/02/2026 04:40:55,15.152
4927,09/02/2026 04:55:55,15.163
4928,09/02/2026 05:10:55,15.120
4929,09/02/2026 05:25:55,15.130
4930,09/02/2026 05:40:55,15.120
4931,09/02/2026 05:55:55,15.098
4932,09/02/2026 06:10:55,15.173
4933,09/02/2026 06:25:55,15.280
4934,09/02/2026 06:40:55,15.334
4935,09/02/2026 06:55:55,15.441
4936,09/02/2026 07:10:55,15.624
4937,09/02/2026 07:25:55,15.677
4938,09/02/2026 07:40:55,15.720
4939,09/02/2026 07:55:55,15.752
4940,09/02/2026 08:10:55,15.785
4941,09/02/2026 08:25:55,15.795
4942,09/02/2026 08:40:55,15.817
4943,09/02/2026 08:55:55,15.827
4944,09/02/2026 09:10:55,15.849
4945,09/02/2026 09:25:55,15.881
4946,09/02/2026 09:40:55,15.892
4947,09/02/2026 09:55:55,15.913
4948,09/02/2026 10:10:55,15.935
4949,09/02/2026 10:25:55,15.945
4950,09/02/2026 10:40:55,15.967
4951,09/02/2026 10:55:55,15.988
4952,09/02/2026 11:10:55,15.999
4953,09/02/2026 11:25:55,16.085
4954,09/02/2026 11:40:55,16.138
4955,09/02/2026 11:55:55,16.160
4956,09/02/2026 12:10:55,16.149
4957,09/02/2026 12:25:55,16.117
4958,09/02/2026 12:40:55,16.364
4959,09/02/2026 12:55:55,16.407
4960,09/02/2026 13:10:55,16.546
4961,09/02/2026 13:25:55,16.739
4962,09/02/2026 13:40:55,16.846
4963,09/02/2026 13:55:55,16.771
4964,09/02/2026 14:10:55,16.664
4965,09/02/2026 14:25:55,16.750
4966,09/02/2026 14:40:55,16.889
4967,09/02/2026 14:55:55,16.889
4968,09/02/2026 15:10:55,16.857
4969,09/02/2026 15:25:55,16.718
4970,09/02/2026 15:40:55,16.675
4971,09/02/2026 15:55:55,16.675
4972,09/02/2026 16:10:55,16.696
4973,09/02/2026 16:25:55,16.718
4974,09/02/2026 16:40:55,16.664
4975,09/02/2026 16:55:55,16.589
4976,09/02/2026 17:10:55,16.407
4977,09/02/2026 17:25:55,16.235
4978,09/02/2026 17:40:55,16.171
4979,09/02/2026 17:55:55,16.128
4980,09/02/2026 18:10:55,16.117
4981,09/02/2026 18:25:55,16.085
4982,09/02/2026 18:40:55,16.053
4983,09/02/2026 18:55:55,16.031
4984,09/02/2026 19:10:55,15.999
4985,09/02/2026 19:25:55,15.978
4986,09/02/2026 19:40:55,15.967
4987,09/02/2026 19:55:55,15.913
4988,09/02/2026 20:10:55,15.849
4989,09/02/2026 20:25:55,15.827
4990,09/02/2026 20:40:55,15.827
4991,09/02/2026 20:55:55,15.806
4992,09/02/2026 21:10:55,15.817
4993,09/02/2026 21:25:55,15.806
4994,09/02/2026 21:40:55,15.785
4995,09/02/2026 21:55:55,15.785
4996,09/02/2026 22:10:55,15.795
4997,09/02/2026 22:25:55,15.795
4998,09/02/2026 22:40:55,15.785
4999,09/02/2026 22:55:55,15.785
5000,09/02/2026 23:10:55,15.785
5001,09/02/2026 23:25:55,15.774
5002,09/02/2026 23:40:55,15.742
5003,09/02/2026 23:55:55,15.731
5004,09/03/2026 00:10:55,15.677
5005,09/03/2026 00:25:55,15.656
5006,09/03/2026 00:40:55,15.592
5007,09/03/2026 00:55:55,15.484
5008,09/03/2026 01:10:55,15.366
5009,09/03/2026 01:25:55,15.173
5010,09/03/2026 01:40:55,14.916
5011,09/03/2026 01:55:55,14.819
5012,09/03/2026 02:10:55,14.712
5013,09/03/2026 02:25:55,14.605
5014,09/03/2026 02:40:55,14.498
5015,09/03/2026 02:55:55,14.433
5016,09/03/2026 03:10:55,14.358
5017,09/03/2026 03:25:55,14.358
5018,09/03/2026 03:40:55,14.326
5019,09/03/2026 03:55:55,14.272
5020,09/03/2026 04:10:55,14.208
5021,09/03/2026 04:25:55,14.176
5022,09/03/2026 04:40:55,14.165
5023,09/03/2026 04:55:55,14.144
5024,09/03/2026 05:10:55,14.090
5025,09/03/2026 05:25:55,14.036
5026,09/03/2026 05:40:55,13.972
5027,09/03/2026 05:55:55,13.897
5028,09/03/2026 06:10:55,13.843
5029,09/03/2026 06:25:55,13.779
5030,09/03/2026 06:40:55,13.725
5031,09/03/2026 06:55:55,13.790
5032,09/03/2026 07:10:55,14.079
5033,09/03/2026 07:25:55,14.369
5034,09/03/2026 07:40:55,14.508
5035,09/03/2026 07:55:55,14.755
5036,09/03/2026 08:10:55,15.045
5037,09/03/2026 08:25:55,15.184
5038,09/03/2026 08:40:55,15.345
5039,09/03/2026 08:55:55,15.431
5040,09/03/2026 09:10:55,15.559
5041,09/03/2026 09:25:55,15.624
5042,09/03/2026 09:40:55,15.645
5043,09/03/2026 09:55:55,15.667
5044,09/03/2026 10:10:55,15.699
5045,09/03/2026 10:25:55,15.742
5046,09/03/2026 10:40:55,15.763
5047,09/03/2026 10:55:55,15.795
5048,09/03/2026 11:10:55,15.870
5049,09/03/2026 11:25:55,15.881
5050,09/03/2026 11:40:55,15.903
5051,09/03/2026 11:55:55,15.935
5052,09/03/2026 12:10:55,15.967
5053,09/03/2026 12:25:55,15.999
5054,09/03/2026 12:40:55,16.063
5055,09/03/2026 12:55:55,16.085
5056,09/03/2026 13:10:55,16.138
5057,09/03/2026 13:25:55,16.171
5058,09/03/2026 13:40:55,16.192
5059,09/03/2026 13:55:55,16.214
5060,09/03/2026 14:10:55,16.224
5061,09/03/2026 14:25:55,16.278
5062,09/03/2026 14:40:55,16.310
5063,09/03/2026 14:55:55,16.353
5064,09/03/2026 15:10:55,16.353
5065,09/03/2026 15:25:55,16.417
5066,09/03/2026 15:40:55,16.460
5067,09/03/2026 15:55:55,16.482
5068,09/03/2026 16:10:55,16.535
5069,09/03/2026 16:25:55,16.535
5070,09/03/2026 16:40:55,16.589
5071,09/03/2026 16:55:55,16.557
5072,09/03/2026 17:10:55,16.557
5073,09/03/2026 17:25:55,16.525
5074,09/03/2026 17:40:55,16.482
5075,09/03/2026 17:55:55,16.578
5076,09/03/2026 18:10:55,16.621
5077,09/03/2026 18:25:55,16.600
5078,09/03/2026 18:40:55,16.568
5079,09/03/2026 18:55:55,16.546
5080,09/03/2026 19:10:55,16.514
5081,09/03/2026 19:25:55,16.482
5082,09/03/2026 19:40:55,16.439
5083,09/03/2026 19:55:55,16.396
5084,09/03/2026 20:10:55,16.310
5085,09/03/2026 20:25:55,16.310
5086,09/03/2026 20:40:55,16.299
5087,09/03/2026 20:55:55,16.203
5088,09/03/2026 21:10:55,16.149
5089,09/03/2026 21:25:55,16.096
5090,09/03/2026 21:40:55,16.053
5091,09/03/2026 21:55:55,15.742
5092,09/03/2026 22:10:55,15.592
5093,09/03/2026 22:25:55,15.549
5094,09/03/2026 22:40:55,15.538
5095,09/03/2026 22:55:55,15.538
5096,09/03/2026 23:10:55,15.516
5097,09/03/2026 23:25:55,15.516
5098,09/03/2026 23:40:55,15.559
5099,09/03/2026 23:55:55,15.634
5100,09/04/2026 00:10:55,15.709
5101,09/04/2026 00:25:55,15.785
5102,09/04/2026 00:40:55,15.870
5103,09/04/2026 00:55:55,15.924
5104,09/04/2026 01:10:55,15.988
5105,09/04/2026 01:25:55,15.999
5106,09/04/2026 01:40:55,15.924
5107,09/04/2026 01:55:55,15.624
5108,09/04/2026 02:10:55,15.002
5109,09/04/2026 02:25:55,14.669
5110,09/04/2026 02:40:55,14.530
5111,09/04/2026 02:55:55,14.422
5112,09/04/2026 03:10:55,14.144
5113,09/04/2026 03:25:55,13.940
5114,09/04/2026 03:40:55,13.886
5115,09/04/2026 03:55:55,13.779
5116,09/04/2026 04:10:55,13.661
5117,09/04/2026 04:25:55,13.554
5118,09/04/2026 04:40:55,13.522
5119,09/04/2026 04:55:55,13.414
5120,09/04/2026 05:10:55,13.329
5121,09/04/2026 05:25:55,13.264
5122,09/04/2026 05:40:55,13.296
5123,09/04/2026 05:55:55,13.350
5124,09/04/2026 06:10:55,13.286
5125,09/04/2026 06:25:55,13.232
5126,09/04/2026 06:40:55,13.253
5127,09/04/2026 06:55:55,13.296
5128,09/04/2026 07:10:55,13.361
5129,09/04/2026 07:25:55,13.672
5130,09/04/2026 07:40:55,13.951
5131,09/04/2026 07:55:55,14.047
5132,09/04/2026 08:10:55,14.305
5133,09/04/2026 08:25:55,14.669
5134,09/04/2026 08:40:55,14.626
5135,09/04/2026 08:55:55,14.798
5136,09/04/2026 09:10:55,14.905
5137,09/04/2026 09:25:55,15.066
5138,09/04/2026 09:40:55,15.141
5139,09/04/2026 09:55:55,15.227
5140,09/04/2026 10:10:55,15.345
5141,09/04/2026 10:25:55,15.474
5142,09/04/2026 10:40:55,15.570
5143,09/04/2026 10:55:55,15.656
5144,09/04/2026 11:10:55,15.763
5145,09/04/2026 11:25:55,15.860
5146,09/04/2026 11:40:55,15.967
5147,09/04/2026 11:55:55,16.063
5148,09/04/2026 12:10:55,16.171
5149,09/04/2026 12:25:55,16.364
5150,09/04/2026 12:40:55,16.374
5151,09/04/2026 12:55:55,16.364
5152,09/04/2026 13:10:55,16.482
5153,09/04/2026 13:25:55,16.299
5154,09/04/2026 13:40:55,16.171
5155,09/04/2026 13:55:55,16.192
5156,09/04/2026 14:10:55,16.289
5157,09/04/2026 14:25:55,16.321
5158,09/04/2026 14:40:55,16.289
5159,09/04/2026 14:55:55,16.289
5160,09/04/2026 15:10:55,16.503
5161,09/04/2026 15:25:55,16.299
5162,09/04/2026 15:40:55,16.171
5163,09/04/2026 15:55:55,16.310
5164,09/04/2026 16:10:55,16.739
5165,09/04/2026 16:25:55,16.997
5166,09/04/2026 16:40:55,16.921
5167,09/04/2026 16:55:55,17.458
5168,09/04/2026 17:10:55,17.104
5169,09/04/2026 17:25:55,16.750
5170,09/04/2026 17:40:55,16.846
5171,09/04/2026 17:55:55,17.093
5172,09/04/2026 18:10:55,16.836
5173,09/04/2026 18:25:55,16.600
5174,09/04/2026 18:40:55,16.632
5175,09/04/2026 18:55:55,16.417
5176,09/04/2026 19:10:55,16.396
5177,09/04/2026 19:25:55,16.042
5178,09/04/2026 19:40:55,15.827
5179,09/04/2026 19:55:55,15.709
5180,09/04/2026 20:10:55,15.656
5181,09/04/2026 20:25:55,15.613
5182,09/04/2026 20:40:55,15.624
5183,09/04/2026 20:55:55,15.763
5184,09/04/2026 21:10:55,15.602
5185,09/04/2026 21:25:55,15.731
5186,09/04/2026 21:40:55,15.913
5187,09/04/2026 21:55:55,15.945
5188,09/04/2026 22:10:55,15.913
5189,09/04/2026 22:25:55,15.881
5190,09/04/2026 22:40:55,15.849
5191,09/04/2026 22:55:55,15.774
5192,09/04/2026 23:10:55,15.688
5193,09/04/2026 23:25:55,15.656
5194,09/04/2026 23:40:55,15.624
5195,09/04/2026 23:55:55,15.656
5196,09/05/2026 00:10:55,15.763
5197,09/05/2026 00:25:55,15.806
5198,09/05/2026 00:40:55,15.849
5199,09/05/2026 00:55:55,15.860
5200,09/05/2026 01:10:55,15.795
5201,09/05/2026 01:25:55,15.795
5202,09/05/2026 01:40:55,15.881
5203,09/05/2026 01:55:55,15.924
5204,09/05/2026 02:10:55,15.881
5205,09/05/2026 02:25:55,15.838
5206,09/05/2026 02:40:55,15.549
5207,09/05/2026 02:55:55,14.927
5208,09/05/2026 03:10:55,14.487
5209,09/05/2026 03:25:55,14.262
5210,09/05/2026 03:40:55,14.015
5211,09/05/2026 03:55:55,13.811
5212,09/05/2026 04:10:55,13.629
5213,09/05/2026 04:25:55,13.457
5214,09/05/2026 04:40:55,13.339
5215,09/05/2026 04:55:55,13.211
5216,09/05/2026 05:10:55,13.168
5217,09/05/2026 05:25:55,13.114
5218,09/05/2026 05:40:55,13.017
5219,09/05/2026 05:55:55,12.932
5220,09/05/2026 06:10:55,12.803
5221,09/05/2026 06:25:55,12.717
5222,09/05/2026 06:40:55,12.664
5223,09/05/2026 06:55:55,12.664
5224,09/05/2026 07:10:55,12.664
5225,09/05/2026 07:25:55,12.685
5226,09/05/2026 07:40:55,12.771
5227,09/05/2026 07:55:55,12.953
5228,09/05/2026 08:10:55,13.211
5229,09/05/2026 08:25:55,13.446
5230,09/05/2026 08:40:55,14.015
5231,09/05/2026 08:55:55,14.701
5232,09/05/2026 09:10:55,15.280
5233,09/05/2026 09:25:55,15.538
5234,09/05/2026 09:40:55,16.535
5235,09/05/2026 09:55:55,15.817
5236,09/05/2026 10:10:55,15.870
5237,09/05/2026 10:25:55,15.849
5238,09/05/2026 10:40:55,16.117
5239,09/05/2026 10:55:55,16.246
5240,09/05/2026 11:10:55,16.310
5241,09/05/2026 11:25:55,16.407
5242,09/05/2026 11:40:55,16.471
5243,09/05/2026 11:55:55,16.492
5244,09/05/2026 12:10:55,16.460
5245,09/05/2026 12:25:55,16.600
5246,09/05/2026 12:40:55,16.685
5247,09/05/2026 12:55:55,16.718
5248,09/05/2026 13:10:55,16.696
5249,09/05/2026 13:25:55,16.632
5250,09/05/2026 13:40:55,16.525
5251,09/05/2026 13:55:55,16.342
5252,09/05/2026 14:10:55,16.171
5253,09/05/2026 14:25:55,16.096
5254,09/05/2026 14:40:55,15.924
5255,09/05/2026 14:55:55,15.913
5256,09/05/2026 15:10:55,16.117
5257,09/05/2026 15:25:55,16.021
5258,09/05/2026 15:40:55,16.514
5259,09/05/2026 15:55:55,16.503
5260,09/05/2026 16:10:55,16.171
5261,09/05/2026 16:25:55,16.021
5262,09/05/2026 16:40:55,15.677
5263,09/05/2026 16:55:55,15.870
5264,09/05/2026 17:10:55,16.685
5265,09/05/2026 17:25:55,17.179
5266,09/05/2026 17:40:55,16.889
5267,09/05/2026 17:55:55,16.600
5268,09/05/2026 18:10:55,16.793
5269,09/05/2026 18:25:55,16.492
5270,09/05/2026 18:40:55,16.267
5271,09/05/2026 18:55:55,16.803
5272,09/05/2026 19:10:55,17.318
5273,09/05/2026 19:25:55,16.761
5274,09/05/2026 19:40:55,16.793
5275,09/05/2026 19:55:55,16.986
5276,09/05/2026 20:10:55,17.190
5277,09/05/2026 20:25:55,17.168
5278,09/05/2026 20:40:55,17.190
5279,09/05/2026 20:55:55,16.771
5280,09/05/2026 21:10:55,16.546
5281,09/05/2026 21:25:55,16.439
5282,09/05/2026 21:40:55,16.353
5283,09/05/2026 21:55:55,16.267
5284,09/05/2026 22:10:55,16.138
5285,09/05/2026 22:25:55,16.063
5286,09/05/2026 22:40:55,15.988
5287,09/05/2026 22:55:55,15.806
5288,09/05/2026 23:10:55,15.624
5289,09/05/2026 23:25:55,15.538
5290,09/05/2026 23:40:55,15.441
5291,09/05/2026 23:55:55,15.409
5292,09/06/2026 00:10:55,15.398
5293,09/06/2026 00:25:55,15.388
5294,09/06/2026 00:40:55,15.334
5295,09/06/2026 00:55:55,15.356
5296,09/06/2026 01:10:55,15.431
5297,09/06/2026 01:25:55,15.516
5298,09/06/2026 01:40:55,15.484
5299,09/06/2026 01:55:55,15.388
5300,09/06/2026 02:10:55,15.398
5301,09/06/2026 02:25:55,15.538
5302,09/06/2026 02:40:55,15.634
5303,09/06/2026 02:55:55,15.709
5304,09/06/2026 03:10:55,15.774
5305,09/06/2026 03:25:55,15.827
5306,09/06/2026 03:40:55,15.752
5307,09/06/2026 03:55:55,15.420
5308,09/06/2026 04:10:55,14.648
5309,09/06/2026 04:25:55,14.305
5310,09/06/2026 04:40:55,14.154
5311,09/06/2026 04:55:55,13.940
5312,09/06/2026 05:10:55,13.725
5313,09/06/2026 05:25:55,13.575
5314,09/06/2026 05:40:55,13.436
5315,09/06/2026 05:55:55,13.329
5316,09/06/2026 06:10:55,13.264
5317,09/06/2026 06:25:55,13.264
5318,09/06/2026 06:40:55,13.253
5319,09/06/2026 06:55:55,13.232
5320,09/06/2026 07:10:55,13.232
5321,09/06/2026 07:25:55,13.221
5322,09/06/2026 07:40:55,13.339
5323,09/06/2026 07:55:55,13.500
5324,09/06/2026 08:10:55,13.725
5325,09/06/2026 08:25:55,14.058
5326,09/06/2026 08:40:55,14.401
5327,09/06/2026 08:55:55,14.969
5328,09/06/2026 09:10:55,15.452
5329,09/06/2026 09:25:55,15.903
5330,09/06/2026 09:40:55,16.664
5331,09/06/2026 09:55:55,17.254
5332,09/06/2026 10:10:55,17.833
5333,09/06/2026 10:25:55,18.444
5334,09/06/2026 10:40:55,19.388
5335,09/06/2026 10:55:55,19.184
5336,09/06/2026 11:10:55,17.855
5337,09/06/2026 11:25:55,17.104
5338,09/06/2026 11:40:55,16.750
5339,09/06/2026 11:55:55,16.514
5340,09/06/2026 12:10:55,16.342
5341,09/06/2026 12:25:55,16.214
5342,09/06/2026 12:40:55,16.021
5343,09/06/2026 12:55:55,15.849
5344,09/06/2026 13:10:55,15.795
5345,09/06/2026 13:25:55,15.795
5346,09/06/2026 13:40:55,15.849
5347,09/06/2026 13:55:55,15.763
5348,09/06/2026 14:10:55,15.720
5349,09/06/2026 14:25:55,15.709
5350,09/06/2026 14:40:55,15.731
5351,09/06/2026 14:55:55,15.763
5352,09/06/2026 15:10:55,15.827
5353,09/06/2026 15:25:55,15.892
5354,09/06/2026 15:40:55,15.870
5355,09/06/2026 15:55:55,15.881
5356,09/06/2026 16:10:55,15.881
5357,09/06/2026 16:25:55,15.870
5358,09/06/2026 16:40:55,15.849
5359,09/06/2026 16:55:55,15.870
5360,09/06/2026 17:10:55,15.838
5361,09/06/2026 17:25:55,15.806
5362,09/06/2026 17:40:55,15.785
5363,09/06/2026 17:55:55,15.785
5364,09/06/2026 18:10:55,15.827
5365,09/06/2026 18:25:55,15.892
5366,09/06/2026 18:40:55,16.074
5367,09/06/2026 18:55:55,16.160
5368,09/06/2026 19:10:55,16.235
5369,09/06/2026 19:25:55,16.310
5370,09/06/2026 19:40:55,16.321
5371,09/06/2026 19:55:55,16.460
5372,09/06/2026 20:10:55,16.707
5373,09/06/2026 20:25:55,16.600
5374,09/06/2026 20:40:55,16.535
5375,09/06/2026 20:55:55,16.450
5376,09/06/2026 21:10:55,16.267
5377,09/06/2026 21:25:55,16.138
5378,09/06/2026 21:40:55,16.138
5379,09/06/2026 21:55:55,15.988
5380,09/06/2026 22:10:55,15.999
5381,09/06/2026 22:25:55,16.085
5382,09/06/2026 22:40:55,16.181
5383,09/06/2026 22:55:55,16.224
5384,09/06/2026 23:10:55,16.224
5385,09/06/2026 23:25:55,16.214
5386,09/06/2026 23:40:55,16.203
5387,09/06/2026 23:55:55,16.117
5388,09/07/2026 00:10:55,15.795
5389,09/07/2026 00:25:55,15.709
5390,09/07/2026 00:40:55,15.624
5391,09/07/2026 00:55:55,15.538
5392,09/07/2026 01:10:55,15.484
5393,09/07/2026 01:25:55,15.677
5394,09/07/2026 01:40:55,15.763
5395,09/07/2026 01:55:55,15.881
5396,09/07/2026 02:10:55,15.870
5397,09/07/2026 02:25:55,15.645
5398,09/07/2026 02:40:55,15.624
5399,09/07/2026 02:55:55,15.484
5400,09/07/2026 03:10:55,15.452
5401,09/07/2026 03:25:55,15.592
5402,09/07/2026 03:40:55,15.634
5403,09/07/2026 03:55:55,15.774
5404,09/07/2026 04:10:55,15.838
5405,09/07/2026 04:25:55,15.881
5406,09/07/2026 04:40:55,15.913
5407,09/07/2026 04:55:55,15.881
5408,09/07/2026 05:10:55,15.699
5409,09/07/2026 05:25:55,15.516
5410,09/07/2026 05:40:55,15.420
5411,09/07/2026 05:55:55,15.366
5412,09/07/2026 06:10:55,15.334
5413,09/07/2026 06:25:55,15.238
5414,09/07/2026 06:40:55,15.184
5415,09/07/2026 06:55:55,15.130
5416,09/07/2026 07:10:55,15.130
5417,09/07/2026 07:25:55,15.184
5418,09/07/2026 07:40:55,15.205
5419,09/07/2026 07:55:55,15.238
5420,09/07/2026 08:10:55,15.302
5421,09/07/2026 08:25:55,15.334
5422,09/07/2026 08:40:55,15.377
5423,09/07/2026 08:55:55,15.420
5424,09/07/2026 09:10:55,15.452
5425,09/07/2026 09:25:55,15.602
5426,09/07/2026 09:40:55,15.592
5427,09/07/2026 09:55:55,15.763
5428,09/07/2026 10:10:55,16.256
5429,09/07/2026 10:25:55,16.900
5430,09/07/2026 10:40:55,17.061
5431,09/07/2026 10:55:55,17.554
5432,09/07/2026 11:10:55,18.166
5433,09/07/2026 11:25:55,18.584
5434,09/07/2026 11:40:55,20.203
5435,09/07/2026 11:55:55,20.418
5436,09/07/2026 12:10:55,18.391
5437,09/07/2026 12:25:55,17.855
5438,09/07/2026 12:40:55,16.879
5439,09/07/2026 12:55:55,16.632
5440,09/07/2026 13:10:55,16.546
5441,09/07/2026 13:25:55,16.492
5442,09/07/2026 13:40:55,16.482
5443,09/07/2026 13:55:55,16.514
5444,09/07/2026 14:10:55,16.525
5445,09/07/2026 14:25:55,16.492
5446,09/07/2026 14:40:55,16.396
5447,09/07/2026 14:55:55,16.460
5448,09/07/2026 15:10:55,16.214
5449,09/07/2026 15:25:55,16.332
5450,09/07/2026 15:40:55,16.492
5451,09/07/2026 15:55:55,16.514
5452,09/07/2026 16:10:55,16.428
5453,09/07/2026 16:25:55,16.299
5454,09/07/2026 16:40:55,16.332
5455,09/07/2026 16:55:55,16.289
5456,09/07/2026 17:10:55,16.149
5457,09/07/2026 17:25:55,16.224
5458,09/07/2026 17:40:55,16.235
5459,09/07/2026 17:55:55,16.289
5460,09/07/2026 18:10:55,15.988
5461,09/07/2026 18:25:55,15.795
5462,09/07/2026 18:40:55,15.677
5463,09/07/2026 18:55:55,15.581
5464,09/07/2026 19:10:55,15.581
5465,09/07/2026 19:25:55,15.677
5466,09/07/2026 19:40:55,15.731
5467,09/07/2026 19:55:55,15.774
5468,09/07/2026 20:10:55,15.795
5469,09/07/2026 20:25:55,15.774
5470,09/07/2026 20:40:55,15.752
5471,09/07/2026 20:55:55,15.656
5472,09/07/2026 21:10:55,15.549
5473,09/07/2026 21:25:55,15.570
5474,09/07/2026 21:40:55,15.592
5475,09/07/2026 21:55:55,15.570
5476,09/07/2026 22:10:55,15.527
5477,09/07/2026 22:25:55,15.538
5478,09/07/2026 22:40:55,15.570
5479,09/07/2026 22:55:55,15.624
5480,09/07/2026 23:10:55,15.538
5481,09/07/2026 23:25:55,15.452
5482,09/07/2026 23:40:55,15.366
5483,09/07/2026 23:55:55,15.323
5484,09/08/2026 00:10:55,15.280
5485,09/08/2026 00:25:55,15.280
5486,09/08/2026 00:40:55,15.291
5487,09/08/2026 00:55:55,15.334
5488,09/08/2026 01:10:55,15.227
5489,09/08/2026 01:25:55,15.163
5490,09/08/2026 01:40:55,15.184
5491,09/08/2026 01:55:55,15.388
5492,09/08/2026 02:10:55,15.495
5493,09/08/2026 02:25:55,15.452
5494,09/08/2026 02:40:55,15.484
5495,09/08/2026 02:55:55,15.484
5496,09/08/2026 03:10:55,15.484
5497,09/08/2026 03:25:55,15.484
5498,09/08/2026 03:40:55,15.463
5499,09/08/2026 03:55:55,15.441
5500,09/08/2026 04:10:55,15.420
5501,09/08/2026 04:25:55,15.366
5502,09/08/2026 04:40:55,15.334
5503,09/08/2026 04:55:55,15.334
5504,09/08/2026 05:10:55,15.313
5505,09/08/2026 05:25:55,15.302
5506,09/08/2026 05:40:55,15.216
5507,09/08/2026 05:55:55,15.077
5508,09/08/2026 06:10:55,14.819
5509,09/08/2026 06:25:55,14.133
5510,09/08/2026 06:40:55,13.790
5511,09/08/2026 06:55:55,13.650
5512,09/08/2026 07:10:55,13.543
5513,09/08/2026 07:25:55,13.468
5514,09/08/2026 07:40:55,13.489
5515,09/08/2026 07:55:55,13.640
5516,09/08/2026 08:10:55,13.811
5517,09/08/2026 08:25:55,14.122
5518,09/08/2026 08:40:55,14.605
5519,09/08/2026 08:55:55,15.205
5520,09/08/2026 09:10:55,15.849
5521,09/08/2026 09:25:55,16.664
5522,09/08/2026 09:40:55,17.554
5523,09/08/2026 09:55:55,18.316
5524,09/08/2026 10:10:55,19.056
5525,09/08/2026 10:25:55,20.353
5526,09/08/2026 10:40:55,22.209
5527,09/08/2026 10:55:55,25.148
5528,09/08/2026 11:10:55,24.493
5529,09/08/2026 11:25:55,23.281