#,Date-Time (PDT),"Temperature , °C"
76,07/17/2026 10:07:03,18.852
77,07/17/2026 10:22:03,18.766
78,07/17/2026 10:37:03,18.68
79,07/17/2026 10:52:03,18.702
80,07/17/2026 11:07:03,21.437
81,07/17/2026 11:22:03,23.882
82,07/17/2026 11:37:03,23.367
83,07/17/2026 11:52:03,22.563
84,07/17/2026 12:07:03,21.726
85,07/17/2026 12:22:03,21.008
86,07/17/2026 12:37:03,20.547
87,07/17/2026 12:52:03,20.375
88,07/17/2026 13:07:03,20.868
89,07/17/2026 13:22:03,22.037
90,07/17/2026 13:37:03,25.373
91,07/17/2026 13:52:03,24.45
92,07/17/2026 14:07:03,24.794
93,07/17/2026 14:22:03,25.544
94,07/17/2026 14:37:03,26.07
95,07/17/2026 14:52:03,26.231
96,07/17/2026 15:07:03,26.295
97,07/17/2026 15:22:03,26.091
98,07/17/2026 15:37:03,26.284
99,07/17/2026 15:52:03,25.78
100,07/17/2026 16:07:03,25.619
101,07/17/2026 16:22:03,25.587
102,07/17/2026 16:37:03,25.566
103,07/17/2026 16:52:03,21.876
104,07/17/2026 17:07:03,19.764
105,07/17/2026 17:22:03,18.498
106,07/17/2026 17:37:03,17.683
107,07/17/2026 17:52:03,17.147
108,07/17/2026 18:07:03,16.589
109,07/17/2026 18:22:03,16.138
110,07/17/2026 18:37:03,15.581
111,07/17/2026 18:52:03,15.077
112,07/17/2026 19:07:03,14.648
113,07/17/2026 19:22:03,14.347
114,07/17/2026 19:37:03,14.122
115,07/17/2026 19:52:03,13.886
116,07/17/2026 20:07:03,13.693
117,07/17/2026 20:22:03,13.64
118,07/17/2026 20:37:03,13.629
119,07/17/2026 20:52:03,13.768
120,07/17/2026 21:07:03,14.208
121,07/17/2026 21:22:03,14.315
122,07/17/2026 21:37:03,14.305
123,07/17/2026 21:52:03,14.219
124,07/17/2026 22:07:03,13.843
125,07/17/2026 22:22:03,13.704
126,07/17/2026 22:37:03,13.725
127,07/17/2026 22:52:03,13.404
128,07/17/2026 23:07:03,13.318
129,07/17/2026 23:22:03,13.135
130,07/17/2026 23:37:03,13.039
131,07/17/2026 23:52:03,13.06
132,07/18/2026 0:07:03,13.253
133,07/18/2026 0:22:03,13.64
134,07/18/2026 0:37:03,14.047
135,07/18/2026 0:52:03,14.272
136,07/18/2026 1:07:03,14.369
137,07/18/2026 1:22:03,14.412
138,07/18/2026 1:37:03,14.455
139,07/18/2026 1:52:03,14.476
140,07/18/2026 2:07:03,14.498
141,07/18/2026 2:22:03,14.498
142,07/18/2026 2:37:03,14.519
143,07/18/2026 2:52:03,14.53
144,07/18/2026 3:07:03,14.519
145,07/18/2026 3:22:03,14.53
146,07/18/2026 3:37:03,14.53
147,07/18/2026 3:52:03,14.53
148,07/18/2026 4:07:03,14.519
149,07/18/2026 4:22:03,14.455
150,07/18/2026 4:37:03,14.401
151,07/18/2026 4:52:03,14.337
152,07/18/2026 5:07:03,14.305
153,07/18/2026 5:22:03,14.197
154,07/18/2026 5:37:03,14.122
155,07/18/2026 5:52:03,14.069
156,07/18/2026 6:07:03,14.079
157,07/18/2026 6:22:03,14.079
158,07/18/2026 6:37:03,14.026
159,07/18/2026 6:52:03,14.015
160,07/18/2026 7:07:03,13.951
161,07/18/2026 7:22:03,13.768
162,07/18/2026 7:37:03,13.661
163,07/18/2026 7:52:03,13.629
164,07/18/2026 8:07:03,13.586
165,07/18/2026 8:22:03,13.629
166,07/18/2026 8:37:03,13.64
167,07/18/2026 8:52:03,13.704
168,07/18/2026 9:07:03,13.8
169,07/18/2026 9:22:03,13.929
170,07/18/2026 9:37:03,14.133
171,07/18/2026 9:52:03,14.412
172,07/18/2026 10:07:03,14.723
173,07/18/2026 10:22:03,14.959
174,07/18/2026 10:37:03,15.27
175,07/18/2026 10:52:03,16.321
176,07/18/2026 11:07:03,18.809
177,07/18/2026 11:22:03,20.525
178,07/18/2026 11:37:03,21.437
179,07/18/2026 11:52:03,22.123
180,07/18/2026 12:07:03,22.692
181,07/18/2026 12:22:03,23.131
182,07/18/2026 12:37:03,23.153
183,07/18/2026 12:52:03,22.949
184,07/18/2026 13:07:03,24.568
185,07/18/2026 13:22:03,23.936
186,07/18/2026 13:37:03,24.976
187,07/18/2026 13:52:03,24.804
188,07/18/2026 14:07:03,26.274
189,07/18/2026 14:22:03,26.864
190,07/18/2026 14:37:03,26.724
191,07/18/2026 14:52:03,26.874
192,07/18/2026 15:07:03,26.499
193,07/18/2026 15:22:03,26.381
194,07/18/2026 15:37:03,26.435
195,07/18/2026 15:52:03,26.531
196,07/18/2026 16:07:03,26.188
197,07/18/2026 16:22:03,26.252
198,07/18/2026 16:37:03,25.984
199,07/18/2026 16:52:03,26.37
200,07/18/2026 17:07:03,22.713
201,07/18/2026 17:22:03,20
202,07/18/2026 17:37:03,18.734
203,07/18/2026 17:52:03,18.123
204,07/18/2026 18:07:03,17.393
205,07/18/2026 18:22:03,17.35
206,07/18/2026 18:37:03,16.975
207,07/18/2026 18:52:03,16.439
208,07/18/2026 19:07:03,16.407
209,07/18/2026 19:22:03,16.138
210,07/18/2026 19:37:03,15.634
211,07/18/2026 19:52:03,15.366
212,07/18/2026 20:07:03,15.248
213,07/18/2026 20:22:03,15.195
214,07/18/2026 20:37:03,15.055
215,07/18/2026 20:52:03,14.54
216,07/18/2026 21:07:03,14.219
217,07/18/2026 21:22:03,13.983
218,07/18/2026 21:37:03,14.144
219,07/18/2026 21:52:03,14.744
220,07/18/2026 22:07:03,14.047
221,07/18/2026 22:22:03,13.586
222,07/18/2026 22:37:03,13.211
223,07/18/2026 22:52:03,12.814
224,07/18/2026 23:07:03,13.039
225,07/18/2026 23:22:03,13.468
226,07/18/2026 23:37:03,14.09
227,07/18/2026 23:52:03,14.412
228,07/19/2026 0:07:03,14.465
229,07/19/2026 0:22:03,14.229
230,07/19/2026 0:37:03,14.09
231,07/19/2026 0:52:03,14.358
232,07/19/2026 1:07:03,14.884
233,07/19/2026 1:22:03,15.495
234,07/19/2026 1:37:03,15.817
235,07/19/2026 1:52:03,15.967
236,07/19/2026 2:07:03,16.063
237,07/19/2026 2:22:03,16.063
238,07/19/2026 2:37:03,16.021
239,07/19/2026 2:52:03,15.978
240,07/19/2026 3:07:03,15.903
241,07/19/2026 3:22:03,15.849
242,07/19/2026 3:37:03,15.774
243,07/19/2026 3:52:03,15.72
244,07/19/2026 4:07:03,15.688
245,07/19/2026 4:22:03,15.613
246,07/19/2026 4:37:03,15.506
247,07/19/2026 4:52:03,15.388
248,07/19/2026 5:07:03,15.345
249,07/19/2026 5:22:03,15.302
250,07/19/2026 5:37:03,15.216
251,07/19/2026 5:52:03,15.152
252,07/19/2026 6:07:03,15.109
253,07/19/2026 6:22:03,15.045
254,07/19/2026 6:37:03,14.98
255,07/19/2026 6:52:03,14.937
256,07/19/2026 7:07:03,14.894
257,07/19/2026 7:22:03,14.83
258,07/19/2026 7:37:03,14.851
259,07/19/2026 7:52:03,14.905
260,07/19/2026 8:07:03,14.937
261,07/19/2026 8:22:03,14.969
262,07/19/2026 8:37:03,14.991
263,07/19/2026 8:52:03,15.077
264,07/19/2026 9:07:03,15.098
265,07/19/2026 9:22:03,15.195
266,07/19/2026 9:37:03,15.323
267,07/19/2026 9:52:03,15.463
268,07/19/2026 10:07:03,15.677
269,07/19/2026 10:22:03,16.096
270,07/19/2026 10:37:03,16.407
271,07/19/2026 10:52:03,16.482
272,07/19/2026 11:07:03,16.75
273,07/19/2026 11:22:03,17.157
274,07/19/2026 11:37:03,17.565
275,07/19/2026 11:52:03,18.509
276,07/19/2026 12:07:03,19.892
277,07/19/2026 12:22:03,21.136
278,07/19/2026 12:37:03,22.155
279,07/19/2026 12:52:03,23.56
280,07/19/2026 13:07:03,24.365
281,07/19/2026 13:22:03,24.933
282,07/19/2026 13:37:03,25.223
283,07/19/2026 13:52:03,25.813
284,07/19/2026 14:07:03,26.36
285,07/19/2026 14:22:03,26.671
286,07/19/2026 14:37:03,26.649
287,07/19/2026 14:52:03,26.789
288,07/19/2026 15:07:03,26.789
289,07/19/2026 15:22:03,26.617
290,07/19/2026 15:37:03,26.96
291,07/19/2026 15:52:03,27.014
292,07/19/2026 16:07:03,27.228
293,07/19/2026 16:22:03,27.014
294,07/19/2026 16:37:03,27.132
295,07/19/2026 16:52:03,27.389
296,07/19/2026 17:07:03,25.609
297,07/19/2026 17:22:03,23.657
298,07/19/2026 17:37:03,22.037
299,07/19/2026 17:52:03,20.718
300,07/19/2026 18:07:03,19.86
301,07/19/2026 18:22:03,18.852
302,07/19/2026 18:37:03,17.93
303,07/19/2026 18:52:03,17.286
304,07/19/2026 19:07:03,16.718
305,07/19/2026 19:22:03,16.289
306,07/19/2026 19:37:03,15.892
307,07/19/2026 19:52:03,15.634
308,07/19/2026 20:07:03,15.42
309,07/19/2026 20:22:03,15.012
310,07/19/2026 20:37:03,14.884
311,07/19/2026 20:52:03,14.841
312,07/19/2026 21:07:03,14.583
313,07/19/2026 21:22:03,14.444
314,07/19/2026 21:37:03,14.369
315,07/19/2026 21:52:03,14.294
316,07/19/2026 22:07:03,14.187
317,07/19/2026 22:22:03,14.004
318,07/19/2026 22:37:03,13.918
319,07/19/2026 22:52:03,13.865
320,07/19/2026 23:07:03,13.865
321,07/19/2026 23:22:03,13.908
322,07/19/2026 23:37:03,13.661
323,07/19/2026 23:52:03,13.607
324,07/20/2026 0:07:03,13.865
325,07/20/2026 0:22:03,14.315
326,07/20/2026 0:37:03,14.927
327,07/20/2026 0:52:03,15.409
328,07/20/2026 1:07:03,15.624
329,07/20/2026 1:22:03,15.731
330,07/20/2026 1:37:03,15.785
331,07/20/2026 1:52:03,15.795
332,07/20/2026 2:07:03,15.763
333,07/20/2026 2:22:03,15.709
334,07/20/2026 2:37:03,15.602
335,07/20/2026 2:52:03,15.452
336,07/20/2026 3:07:03,15.302
337,07/20/2026 3:22:03,15.13
338,07/20/2026 3:37:03,14.959
339,07/20/2026 3:52:03,14.583
340,07/20/2026 4:07:03,14.433
341,07/20/2026 4:22:03,14.337
342,07/20/2026 4:37:03,14.197
343,07/20/2026 4:52:03,14.111
344,07/20/2026 5:07:03,14.015
345,07/20/2026 5:22:03,13.951
346,07/20/2026 5:37:03,13.897
347,07/20/2026 5:52:03,13.897
348,07/20/2026 6:07:03,13.961
349,07/20/2026 6:22:03,14.09
350,07/20/2026 6:37:03,14.036
351,07/20/2026 6:52:03,14.069
352,07/20/2026 7:07:03,14.272
353,07/20/2026 7:22:03,14.305
354,07/20/2026 7:37:03,14.412
355,07/20/2026 7:52:03,14.498
356,07/20/2026 8:07:03,14.701
357,07/20/2026 8:22:03,14.873
358,07/20/2026 8:37:03,15.012
359,07/20/2026 8:52:03,15.141
360,07/20/2026 9:07:03,15.28
361,07/20/2026 9:22:03,15.42
362,07/20/2026 9:37:03,15.656
363,07/20/2026 9:52:03,15.913
364,07/20/2026 10:07:03,16.085
365,07/20/2026 10:22:03,16.203
366,07/20/2026 10:37:03,16.31
367,07/20/2026 10:52:03,16.428
368,07/20/2026 11:07:03,16.61
369,07/20/2026 11:22:03,16.782
370,07/20/2026 11:37:03,16.857
371,07/20/2026 11:52:03,16.911
372,07/20/2026 12:07:03,17.093
373,07/20/2026 12:22:03,17.286
374,07/20/2026 12:37:03,17.286
375,07/20/2026 12:52:03,17.361
376,07/20/2026 13:07:03,17.543
377,07/20/2026 13:22:03,17.704
378,07/20/2026 13:37:03,17.79
379,07/20/2026 13:52:03,18.026
380,07/20/2026 14:07:03,18.573
381,07/20/2026 14:22:03,18.659
382,07/20/2026 14:37:03,18.884
383,07/20/2026 14:52:03,19.367
384,07/20/2026 15:07:03,19.549
385,07/20/2026 15:22:03,19.388
386,07/20/2026 15:37:03,19.088
387,07/20/2026 15:52:03,18.873
388,07/20/2026 16:07:03,18.498
389,07/20/2026 16:22:03,17.769
390,07/20/2026 16:37:03,17.436
391,07/20/2026 16:52:03,17.114
392,07/20/2026 17:07:03,16.943
393,07/20/2026 17:22:03,16.6
394,07/20/2026 17:37:03,16.342
395,07/20/2026 17:52:03,16.407
396,07/20/2026 18:07:03,16.6
397,07/20/2026 18:22:03,16.664
398,07/20/2026 18:37:03,16.857
399,07/20/2026 18:52:03,17.093
400,07/20/2026 19:07:03,17.222
401,07/20/2026 19:22:03,17.254
402,07/20/2026 19:37:03,17.308
403,07/20/2026 19:52:03,17.061
404,07/20/2026 20:07:03,16.975
405,07/20/2026 20:22:03,16.761
406,07/20/2026 20:37:03,16.6
407,07/20/2026 20:52:03,16.492
408,07/20/2026 21:07:03,15.881
409,07/20/2026 21:22:03,15.152
410,07/20/2026 21:37:03,14.594
411,07/20/2026 21:52:03,14.144
412,07/20/2026 22:07:03,13.843
413,07/20/2026 22:22:03,13.682
414,07/20/2026 22:37:03,13.522
415,07/20/2026 22:52:03,13.296
416,07/20/2026 23:07:03,13.339
417,07/20/2026 23:22:03,13.554
418,07/20/2026 23:37:03,13.811
419,07/20/2026 23:52:03,14.101
420,07/21/2026 0:07:03,14.294
421,07/21/2026 0:22:03,14.487
422,07/21/2026 0:37:03,14.648
423,07/21/2026 0:52:03,15.055
424,07/21/2026 1:07:03,15.195
425,07/21/2026 1:22:03,14.873
426,07/21/2026 1:37:03,14.744
427,07/21/2026 1:52:03,14.873
428,07/21/2026 2:07:03,15.055
429,07/21/2026 2:22:03,15.163
430,07/21/2026 2:37:03,15.195
431,07/21/2026 2:52:03,15.173
432,07/21/2026 3:07:03,15.045
433,07/21/2026 3:22:03,14.841
434,07/21/2026 3:37:03,14.701
435,07/21/2026 3:52:03,14.637
436,07/21/2026 4:07:03,14.605
437,07/21/2026 4:22:03,14.519
438,07/21/2026 4:37:03,14.39
439,07/21/2026 4:52:03,14.305
440,07/21/2026 5:07:03,14.187
441,07/21/2026 5:22:03,14.101
442,07/21/2026 5:37:03,14.026
443,07/21/2026 5:52:03,13.983
444,07/21/2026 6:07:03,13.94
445,07/21/2026 6:22:03,13.951
446,07/21/2026 6:37:03,14.047
447,07/21/2026 6:52:03,14.122
448,07/21/2026 7:07:03,14.251
449,07/21/2026 7:22:03,14.39
450,07/21/2026 7:37:03,14.605
451,07/21/2026 7:52:03,14.787
452,07/21/2026 8:07:03,15.13
453,07/21/2026 8:22:03,15.795
454,07/21/2026 8:37:03,16.181
455,07/21/2026 8:52:03,16.256
456,07/21/2026 9:07:03,16.224
457,07/21/2026 9:22:03,16.203
458,07/21/2026 9:37:03,16.235
459,07/21/2026 9:52:03,16.353
460,07/21/2026 10:07:03,16.342
461,07/21/2026 10:22:03,16.353
462,07/21/2026 10:37:03,16.278
463,07/21/2026 10:52:03,16.203
464,07/21/2026 11:07:03,16.235
465,07/21/2026 11:22:03,16.353
466,07/21/2026 11:37:03,16.46
467,07/21/2026 11:52:03,16.342
468,07/21/2026 12:07:03,16.374
469,07/21/2026 12:22:03,16.482
470,07/21/2026 12:37:03,16.836
471,07/21/2026 12:52:03,16.964
472,07/21/2026 13:07:03,17.039
473,07/21/2026 13:22:03,17.179
474,07/21/2026 13:37:03,16.868
475,07/21/2026 13:52:03,17.104
476,07/21/2026 14:07:03,17.318
477,07/21/2026 14:22:03,17.522
478,07/21/2026 14:37:03,17.865
479,07/21/2026 14:52:03,18.09
480,07/21/2026 15:07:03,18.176
481,07/21/2026 15:22:03,17.908
482,07/21/2026 15:37:03,17.812
483,07/21/2026 15:52:03,17.758
484,07/21/2026 16:07:03,17.554
485,07/21/2026 16:22:03,17.436
486,07/21/2026 16:37:03,17.436
487,07/21/2026 16:52:03,17.468
488,07/21/2026 17:07:03,17.501
489,07/21/2026 17:22:03,17.576
490,07/21/2026 17:37:03,17.704
491,07/21/2026 17:52:03,17.694
492,07/21/2026 18:07:03,17.565
493,07/21/2026 18:22:03,17.426
494,07/21/2026 18:37:03,17.19
495,07/21/2026 18:52:03,17.125
496,07/21/2026 19:07:03,17.061
497,07/21/2026 19:22:03,17.114
498,07/21/2026 19:37:03,17.157
499,07/21/2026 19:52:03,17.179
500,07/21/2026 20:07:03,16.986
501,07/21/2026 20:22:03,16.643
502,07/21/2026 20:37:03,16.482
503,07/21/2026 20:52:03,16.439
504,07/21/2026 21:07:03,16.428
505,07/21/2026 21:22:03,16.396
506,07/21/2026 21:37:03,16.342
507,07/21/2026 21:52:03,16.31
508,07/21/2026 22:07:03,16.31
509,07/21/2026 22:22:03,16.278
510,07/21/2026 22:37:03,16.289
511,07/21/2026 22:52:03,16.203
512,07/21/2026 23:07:03,16.106
513,07/21/2026 23:22:03,16.085
514,07/21/2026 23:37:03,16.138
515,07/21/2026 23:52:03,16.106
516,07/22/2026 0:07:03,16.171
517,07/22/2026 0:22:03,16.289
518,07/22/2026 0:37:03,16.321
519,07/22/2026 0:52:03,16.332
520,07/22/2026 1:07:03,16.321
521,07/22/2026 1:22:03,16.332
522,07/22/2026 1:37:03,16.364
523,07/22/2026 1:52:03,16.407
524,07/22/2026 2:07:03,16.428
525,07/22/2026 2:22:03,16.46
526,07/22/2026 2:37:03,16.482
527,07/22/2026 2:52:03,16.546
528,07/22/2026 3:07:03,16.61
529,07/22/2026 3:22:03,16.492
530,07/22/2026 3:37:03,15.967
531,07/22/2026 3:52:03,15.624
532,07/22/2026 4:07:03,15.431
533,07/22/2026 4:22:03,15.248
534,07/22/2026 4:37:03,15.184
535,07/22/2026 4:52:03,14.991
536,07/22/2026 5:07:03,14.916
537,07/22/2026 5:22:03,14.809
538,07/22/2026 5:37:03,14.734
539,07/22/2026 5:52:03,14.701
540,07/22/2026 6:07:03,14.68
541,07/22/2026 6:22:03,14.755
542,07/22/2026 6:37:03,14.787
543,07/22/2026 6:52:03,14.83
544,07/22/2026 7:07:03,14.969
545,07/22/2026 7:22:03,15.077
546,07/22/2026 7:37:03,15.463
547,07/22/2026 7:52:03,15.763
548,07/22/2026 8:07:03,16.096
549,07/22/2026 8:22:03,16.986
550,07/22/2026 8:37:03,17.232
551,07/22/2026 8:52:03,17.619
552,07/22/2026 9:07:03,18.68
553,07/22/2026 9:22:03,19.56
554,07/22/2026 9:37:03,20.332
555,07/22/2026 9:52:03,20.954
556,07/22/2026 10:07:03,20.15
557,07/22/2026 10:22:03,19.163
558,07/22/2026 10:37:03,18.595
559,07/22/2026 10:52:03,18.273
560,07/22/2026 11:07:03,17.951
561,07/22/2026 11:22:03,17.801
562,07/22/2026 11:37:03,17.822
563,07/22/2026 11:52:03,17.908
564,07/22/2026 12:07:03,17.919
565,07/22/2026 12:22:03,18.123
566,07/22/2026 12:37:03,18.123
567,07/22/2026 12:52:03,18.294
568,07/22/2026 13:07:03,17.865
569,07/22/2026 13:22:03,17.704
570,07/22/2026 13:37:03,17.05
571,07/22/2026 13:52:03,16.289
572,07/22/2026 14:07:03,16.171
573,07/22/2026 14:22:03,16.214
574,07/22/2026 14:37:03,16.117
575,07/22/2026 14:52:03,16.138
576,07/22/2026 15:07:03,16.6
577,07/22/2026 15:22:03,17.35
578,07/22/2026 15:37:03,17.661
579,07/22/2026 15:52:03,16.793
580,07/22/2026 16:07:03,16.664
581,07/22/2026 16:22:03,16.889
582,07/22/2026 16:37:03,17.039
583,07/22/2026 16:52:03,16.256
584,07/22/2026 17:07:03,15.742
585,07/22/2026 17:22:03,15.527
586,07/22/2026 17:37:03,15.431
587,07/22/2026 17:52:03,15.57
588,07/22/2026 18:07:03,15.731
589,07/22/2026 18:22:03,15.945
590,07/22/2026 18:37:03,16.224
591,07/22/2026 18:52:03,15.795
592,07/22/2026 19:07:03,15.72
593,07/22/2026 19:22:03,15.634
594,07/22/2026 19:37:03,15.731
595,07/22/2026 19:52:03,15.72
596,07/22/2026 20:07:03,15.763
597,07/22/2026 20:22:03,15.763
598,07/22/2026 20:37:03,15.881
599,07/22/2026 20:52:03,16.021
600,07/22/2026 21:07:03,16.149
601,07/22/2026 21:22:03,16.181
602,07/22/2026 21:37:03,16.31
603,07/22/2026 21:52:03,16.428
604,07/22/2026 22:07:03,16.61
605,07/22/2026 22:22:03,16.9
606,07/22/2026 22:37:03,16.975
607,07/22/2026 22:52:03,16.675
608,07/22/2026 23:07:03,16.46
609,07/22/2026 23:22:03,16.407
610,07/22/2026 23:37:03,16.289
611,07/22/2026 23:52:03,16.203
612,07/23/2026 0:07:03,16.171
613,07/23/2026 0:22:03,16.203
614,07/23/2026 0:37:03,16.203
615,07/23/2026 0:52:03,16.224
616,07/23/2026 1:07:03,16.235
617,07/23/2026 1:22:03,16.267
618,07/23/2026 1:37:03,16.321
619,07/23/2026 1:52:03,16.374
620,07/23/2026 2:07:03,16.396
621,07/23/2026 2:22:03,16.417
622,07/23/2026 2:37:03,16.45
623,07/23/2026 2:52:03,16.482
624,07/23/2026 3:07:03,16.525
625,07/23/2026 3:22:03,16.546
626,07/23/2026 3:37:03,16.589
627,07/23/2026 3:52:03,16.6
628,07/23/2026 4:07:03,16.46
629,07/23/2026 4:22:03,16.299
630,07/23/2026 4:37:03,16.256
631,07/23/2026 4:52:03,16.192
632,07/23/2026 5:07:03,16.096
633,07/23/2026 5:22:03,15.956
634,07/23/2026 5:37:03,15.806
635,07/23/2026 5:52:03,15.785
636,07/23/2026 6:07:03,15.774
637,07/23/2026 6:22:03,15.817
638,07/23/2026 6:37:03,15.795
639,07/23/2026 6:52:03,15.849
640,07/23/2026 7:07:03,15.87
641,07/23/2026 7:22:03,15.827
642,07/23/2026 7:37:03,15.849
643,07/23/2026 7:52:03,16.053
644,07/23/2026 8:07:03,17.061
645,07/23/2026 8:22:03,17.415
646,07/23/2026 8:37:03,17.769
647,07/23/2026 8:52:03,18.53
648,07/23/2026 9:07:03,19.345
649,07/23/2026 9:22:03,19.764
650,07/23/2026 9:37:03,19.839
651,07/23/2026 9:52:03,20.847
652,07/23/2026 10:07:03,21.072
653,07/23/2026 10:22:03,21.812
654,07/23/2026 10:37:03,22.23
655,07/23/2026 10:52:03,20.429
656,07/23/2026 11:07:03,18.262
657,07/23/2026 11:22:03,17.114
658,07/23/2026 11:37:03,16.46
659,07/23/2026 11:52:03,16.267
660,07/23/2026 12:07:03,16.053
661,07/23/2026 12:22:03,16.128
662,07/23/2026 12:37:03,16.224
663,07/23/2026 12:52:03,16.321
664,07/23/2026 13:07:03,16.138
665,07/23/2026 13:22:03,16.256
666,07/23/2026 13:37:03,16.096
667,07/23/2026 13:52:03,16.021
668,07/23/2026 14:07:03,15.988
669,07/23/2026 14:22:03,16.042
670,07/23/2026 14:37:03,16.053
671,07/23/2026 14:52:03,16.138
672,07/23/2026 15:07:03,16.106
673,07/23/2026 15:22:03,16.085
674,07/23/2026 15:37:03,16.085
675,07/23/2026 15:52:03,16.021
676,07/23/2026 16:07:03,15.988
677,07/23/2026 16:22:03,15.956
678,07/23/2026 16:37:03,16.042
679,07/23/2026 16:52:03,15.988
680,07/23/2026 17:07:03,16.01
681,07/23/2026 17:22:03,16.031
682,07/23/2026 17:37:03,16.138
683,07/23/2026 17:52:03,16.138
684,07/23/2026 18:07:03,16.085
685,07/23/2026 18:22:03,16.085
686,07/23/2026 18:37:03,16.117
687,07/23/2026 18:52:03,16.128
688,07/23/2026 19:07:03,16.085
689,07/23/2026 19:22:03,16.074
690,07/23/2026 19:37:03,16.042
691,07/23/2026 19:52:03,16.01
692,07/23/2026 20:07:03,15.967
693,07/23/2026 20:22:03,15.935
694,07/23/2026 20:37:03,15.913
695,07/23/2026 20:52:03,15.913
696,07/23/2026 21:07:03,15.913
697,07/23/2026 21:22:03,15.913
698,07/23/2026 21:37:03,15.752
699,07/23/2026 21:52:03,15.688
700,07/23/2026 22:07:03,15.667
701,07/23/2026 22:22:03,15.613
702,07/23/2026 22:37:03,15.538
703,07/23/2026 22:52:03,15.506
704,07/23/2026 23:07:03,15.42
705,07/23/2026 23:22:03,15.452
706,07/23/2026 23:37:03,15.527
707,07/23/2026 23:52:03,15.613
708,07/24/2026 0:07:03,15.624
709,07/24/2026 0:22:03,15.624
710,07/24/2026 0:37:03,15.592
711,07/24/2026 0:52:03,15.581
712,07/24/2026 1:07:03,15.549
713,07/24/2026 1:22:03,15.538
714,07/24/2026 1:37:03,15.538
715,07/24/2026 1:52:03,15.527
716,07/24/2026 2:07:03,15.538
717,07/24/2026 2:22:03,15.549
718,07/24/2026 2:37:03,15.559
719,07/24/2026 2:52:03,15.57
720,07/24/2026 3:07:03,15.57
721,07/24/2026 3:22:03,15.538
722,07/24/2026 3:37:03,15.527
723,07/24/2026 3:52:03,15.495
724,07/24/2026 4:07:03,15.42
725,07/24/2026 4:22:03,15.248
726,07/24/2026 4:37:03,14.862
727,07/24/2026 4:52:03,14.583
728,07/24/2026 5:07:03,14.465
729,07/24/2026 5:22:03,14.305
730,07/24/2026 5:37:03,14.208
731,07/24/2026 5:52:03,14.079
732,07/24/2026 6:07:03,14.047
733,07/24/2026 6:22:03,13.983
734,07/24/2026 6:37:03,13.993
735,07/24/2026 6:52:03,14.079
736,07/24/2026 7:07:03,14.262
737,07/24/2026 7:22:03,14.337
738,07/24/2026 7:37:03,14.68
739,07/24/2026 7:52:03,14.937
740,07/24/2026 8:07:03,15.763
741,07/24/2026 8:22:03,16.6
742,07/24/2026 8:37:03,17.029
743,07/24/2026 8:52:03,17.661
744,07/24/2026 9:07:03,18.294
745,07/24/2026 9:22:03,19.077
746,07/24/2026 9:37:03,19.882
747,07/24/2026 9:52:03,20.429
748,07/24/2026 10:07:03,20.911
749,07/24/2026 10:22:03,21.512
750,07/24/2026 10:37:03,21.962
751,07/24/2026 10:52:03,22.756
752,07/24/2026 11:07:03,23.228
753,07/24/2026 11:22:03,24.45
754,07/24/2026 11:37:03,24.89
755,07/24/2026 11:52:03,21.458
756,07/24/2026 12:07:03,19.796
757,07/24/2026 12:22:03,18.948
758,07/24/2026 12:37:03,18.584
759,07/24/2026 12:52:03,18.359
760,07/24/2026 13:07:03,18.09
761,07/24/2026 13:22:03,17.94
762,07/24/2026 13:37:03,17.801
763,07/24/2026 13:52:03,17.855
764,07/24/2026 14:07:03,18.069
765,07/24/2026 14:22:03,18.133
766,07/24/2026 14:37:03,17.79
767,07/24/2026 14:52:03,17.779
768,07/24/2026 15:07:03,17.661
769,07/24/2026 15:22:03,17.726
770,07/24/2026 15:37:03,17.962
771,07/24/2026 15:52:03,18.176
772,07/24/2026 16:07:03,18.294
773,07/24/2026 16:22:03,18.326
774,07/24/2026 16:37:03,16.761
775,07/24/2026 16:52:03,15.903
776,07/24/2026 17:07:03,15.506
777,07/24/2026 17:22:03,15.195
778,07/24/2026 17:37:03,14.991
779,07/24/2026 17:52:03,15.002
780,07/24/2026 18:07:03,14.991
781,07/24/2026 18:22:03,15.002
782,07/24/2026 18:37:03,15.023
783,07/24/2026 18:52:03,15.163
784,07/24/2026 19:07:03,15.388
785,07/24/2026 19:22:03,15.709
786,07/24/2026 19:37:03,15.988
787,07/24/2026 19:52:03,15.956
788,07/24/2026 20:07:03,15.785
789,07/24/2026 20:22:03,15.709
790,07/24/2026 20:37:03,15.57
791,07/24/2026 20:52:03,15.195
792,07/24/2026 21:07:03,15.045
793,07/24/2026 21:22:03,14.937
794,07/24/2026 21:37:03,14.927
795,07/24/2026 21:52:03,15.066
796,07/24/2026 22:07:03,15.28
797,07/24/2026 22:22:03,15.645
798,07/24/2026 22:37:03,15.999
799,07/24/2026 22:52:03,16.299
800,07/24/2026 23:07:03,16.482
801,07/24/2026 23:22:03,16.61
802,07/24/2026 23:37:03,16.664
803,07/24/2026 23:52:03,16.31
804,07/25/2026 0:07:03,16.149
805,07/25/2026 0:22:03,16.128
806,07/25/2026 0:37:03,16.16
807,07/25/2026 0:52:03,16.128
808,07/25/2026 1:07:03,16.117
809,07/25/2026 1:22:03,16.138
810,07/25/2026 1:37:03,16.181
811,07/25/2026 1:52:03,16.235
812,07/25/2026 2:07:03,16.278
813,07/25/2026 2:22:03,16.374
814,07/25/2026 2:37:03,16.45
815,07/25/2026 2:52:03,16.525
816,07/25/2026 3:07:03,16.6
817,07/25/2026 3:22:03,16.696
818,07/25/2026 3:37:03,16.9
819,07/25/2026 3:52:03,17.147
820,07/25/2026 4:07:03,17.254
821,07/25/2026 4:22:03,17.2
822,07/25/2026 4:37:03,17.2
823,07/25/2026 4:52:03,17.104
824,07/25/2026 5:07:03,16.696
825,07/25/2026 5:22:03,15.849
826,07/25/2026 5:37:03,15.624
827,07/25/2026 5:52:03,15.366
828,07/25/2026 6:07:03,15.163
829,07/25/2026 6:22:03,15.023
830,07/25/2026 6:37:03,14.916
831,07/25/2026 6:52:03,14.959
832,07/25/2026 7:07:03,14.905
833,07/25/2026 7:22:03,14.873
834,07/25/2026 7:37:03,14.969
835,07/25/2026 7:52:03,15.334
836,07/25/2026 8:07:03,16.45
837,07/25/2026 8:22:03,16.986
838,07/25/2026 8:37:03,17.383
839,07/25/2026 8:52:03,17.383
840,07/25/2026 9:07:03,17.608
841,07/25/2026 9:22:03,17.35
842,07/25/2026 9:37:03,17.265
843,07/25/2026 9:52:03,17.501
844,07/25/2026 10:07:03,17.501
845,07/25/2026 10:22:03,17.533
846,07/25/2026 10:37:03,18.015
847,07/25/2026 10:52:03,18.015
848,07/25/2026 11:07:03,17.833
849,07/25/2026 11:22:03,17.822
850,07/25/2026 11:37:03,17.747
851,07/25/2026 11:52:03,17.812
852,07/25/2026 12:07:03,17.769
853,07/25/2026 12:22:03,17.994
854,07/25/2026 12:37:03,18.015
855,07/25/2026 12:52:03,17.983
856,07/25/2026 13:07:03,17.747
857,07/25/2026 13:22:03,17.629
858,07/25/2026 13:37:03,17.597
859,07/25/2026 13:52:03,17.522
860,07/25/2026 14:07:03,17.458
861,07/25/2026 14:22:03,17.372
862,07/25/2026 14:37:03,17.35
863,07/25/2026 14:52:03,17.147
864,07/25/2026 15:07:03,16.932
865,07/25/2026 15:22:03,16.589
866,07/25/2026 15:37:03,16.332
867,07/25/2026 15:52:03,16.117
868,07/25/2026 16:07:03,15.881
869,07/25/2026 16:22:03,15.795
870,07/25/2026 16:37:03,15.656
871,07/25/2026 16:52:03,15.634
872,07/25/2026 17:07:03,15.785
873,07/25/2026 17:22:03,15.817
874,07/25/2026 17:37:03,15.634
875,07/25/2026 17:52:03,15.613
876,07/25/2026 18:07:03,15.656
877,07/25/2026 18:22:03,15.742
878,07/25/2026 18:37:03,15.806
879,07/25/2026 18:52:03,15.838
880,07/25/2026 19:07:03,15.624
881,07/25/2026 19:22:03,14.991
882,07/25/2026 19:37:03,14.937
883,07/25/2026 19:52:03,14.948
884,07/25/2026 20:07:03,14.873
885,07/25/2026 20:22:03,14.916
886,07/25/2026 20:37:03,15.163
887,07/25/2026 20:52:03,15.506
888,07/25/2026 21:07:03,15.838
889,07/25/2026 21:22:03,16.085
890,07/25/2026 21:37:03,16.364
891,07/25/2026 21:52:03,16.385
892,07/25/2026 22:07:03,16.138
893,07/25/2026 22:22:03,15.742
894,07/25/2026 22:37:03,15.334
895,07/25/2026 22:52:03,15.034
896,07/25/2026 23:07:03,14.98
897,07/25/2026 23:22:03,14.937
898,07/25/2026 23:37:03,14.916
899,07/25/2026 23:52:03,14.851
900,07/26/2026 0:07:03,14.841
901,07/26/2026 0:22:03,14.744
902,07/26/2026 0:37:03,14.669
903,07/26/2026 0:52:03,14.637
904,07/26/2026 1:07:03,14.562
905,07/26/2026 1:22:03,14.54
906,07/26/2026 1:37:03,14.551
907,07/26/2026 1:52:03,14.498
908,07/26/2026 2:07:03,14.476
909,07/26/2026 2:22:03,14.508
910,07/26/2026 2:37:03,14.54
911,07/26/2026 2:52:03,14.583
912,07/26/2026 3:07:03,14.648
913,07/26/2026 3:22:03,14.723
914,07/26/2026 3:37:03,14.798
915,07/26/2026 3:52:03,14.873
916,07/26/2026 4:07:03,14.916
917,07/26/2026 4:22:03,14.948
918,07/26/2026 4:37:03,14.991
919,07/26/2026 4:52:03,15.034
920,07/26/2026 5:07:03,15.087
921,07/26/2026 5:22:03,15.152
922,07/26/2026 5:37:03,15.42
923,07/26/2026 5:52:03,15.334
924,07/26/2026 6:07:03,15.248
925,07/26/2026 6:22:03,15.205
926,07/26/2026 6:37:03,15.195
927,07/26/2026 6:52:03,15.248
928,07/26/2026 7:07:03,15.27
929,07/26/2026 7:22:03,15.28
930,07/26/2026 7:37:03,15.291
931,07/26/2026 7:52:03,15.334
932,07/26/2026 8:07:03,15.398
933,07/26/2026 8:22:03,15.431
934,07/26/2026 8:37:03,15.463
935,07/26/2026 8:52:03,15.57
936,07/26/2026 9:07:03,15.742
937,07/26/2026 9:22:03,15.945
938,07/26/2026 9:37:03,16.342
939,07/26/2026 9:52:03,16.685
940,07/26/2026 10:07:03,16.975
941,07/26/2026 10:22:03,17.232
942,07/26/2026 10:37:03,17.232
943,07/26/2026 10:52:03,17.779
944,07/26/2026 11:07:03,18.273
945,07/26/2026 11:22:03,19.024
946,07/26/2026 11:37:03,19.335
947,07/26/2026 11:52:03,19.292
948,07/26/2026 12:07:03,19.163
949,07/26/2026 12:22:03,18.895
950,07/26/2026 12:37:03,18.809
951,07/26/2026 12:52:03,18.991
952,07/26/2026 13:07:03,19.281
953,07/26/2026 13:22:03,18.562
954,07/26/2026 13:37:03,17.93
955,07/26/2026 13:52:03,17.543
956,07/26/2026 14:07:03,17.308
957,07/26/2026 14:22:03,17.125
958,07/26/2026 14:37:03,16.954
959,07/26/2026 14:52:03,16.814
960,07/26/2026 15:07:03,16.482
961,07/26/2026 15:22:03,15.967
962,07/26/2026 15:37:03,15.334
963,07/26/2026 15:52:03,14.723
964,07/26/2026 16:07:03,14.412
965,07/26/2026 16:22:03,14.272
966,07/26/2026 16:37:03,14.24
967,07/26/2026 16:52:03,14.133
968,07/26/2026 17:07:03,13.908
969,07/26/2026 17:22:03,13.811
970,07/26/2026 17:37:03,13.8
971,07/26/2026 17:52:03,13.876
972,07/26/2026 18:07:03,14.101
973,07/26/2026 18:22:03,14.369
974,07/26/2026 18:37:03,14.069
975,07/26/2026 18:52:03,13.682
976,07/26/2026 19:07:03,13.468
977,07/26/2026 19:22:03,13.414
978,07/26/2026 19:37:03,13.318
979,07/26/2026 19:52:03,13.275
980,07/26/2026 20:07:03,13.264
981,07/26/2026 20:22:03,13.275
982,07/26/2026 20:37:03,13.318
983,07/26/2026 20:52:03,13.404
984,07/26/2026 21:07:03,13.586
985,07/26/2026 21:22:03,13.597
986,07/26/2026 21:37:03,13.64
987,07/26/2026 21:52:03,13.725
988,07/26/2026 22:07:03,13.758
989,07/26/2026 22:22:03,13.779
990,07/26/2026 22:37:03,13.661
991,07/26/2026 22:52:03,13.554
992,07/26/2026 23:07:03,13.436
993,07/26/2026 23:22:03,13.35
994,07/26/2026 23:37:03,13.264
995,07/26/2026 23:52:03,13.286
996,07/27/2026 0:07:03,13.318
997,07/27/2026 0:22:03,13.296
998,07/27/2026 0:37:03,13.318
999,07/27/2026 0:52:03,13.371
####,07/27/2026 1:07:03,13.382
####,07/27/2026 1:22:03,13.414
####,07/27/2026 1:37:03,13.479
####,07/27/2026 1:52:03,13.5
####,07/27/2026 2:07:03,13.575
####,07/27/2026 2:22:03,13.618
####,07/27/2026 2:37:03,13.64
####,07/27/2026 2:52:03,13.629
####,07/27/2026 3:07:03,13.672
####,07/27/2026 3:22:03,13.725
####,07/27/2026 3:37:03,13.779
####,07/27/2026 3:52:03,13.843
####,07/27/2026 4:07:03,13.897
####,07/27/2026 4:22:03,13.929
####,07/27/2026 4:37:03,13.951
####,07/27/2026 4:52:03,13.983
####,07/27/2026 5:07:03,14.036
####,07/27/2026 5:22:03,14.111
####,07/27/2026 5:37:03,14.187
####,07/27/2026 5:52:03,14.24
####,07/27/2026 6:07:03,14.326
####,07/27/2026 6:22:03,14.551
####,07/27/2026 6:37:03,14.53
####,07/27/2026 6:52:03,14.562
####,07/27/2026 7:07:03,14.637
####,07/27/2026 7:22:03,14.884
####,07/27/2026 7:37:03,15.023
####,07/27/2026 7:52:03,15.152
####,07/27/2026 8:07:03,15.506
####,07/27/2026 8:22:03,15.656
####,07/27/2026 8:37:03,16.074
####,07/27/2026 8:52:03,16.374
####,07/27/2026 9:07:03,16.685
####,07/27/2026 9:22:03,16.986
####,07/27/2026 9:37:03,17.265
####,07/27/2026 9:52:03,17.479
####,07/27/2026 10:07:03,18.198
####,07/27/2026 10:22:03,18.605
####,07/27/2026 10:37:03,18.734
####,07/27/2026 10:52:03,18.53
####,07/27/2026 11:07:03,18.798
####,07/27/2026 11:22:03,19.292
####,07/27/2026 11:37:03,19.613
####,07/27/2026 11:52:03,19.667
####,07/27/2026 12:07:03,20.686
####,07/27/2026 12:22:03,20.815
####,07/27/2026 12:37:03,21.522
####,07/27/2026 12:52:03,22.295
####,07/27/2026 13:07:03,22.434
####,07/27/2026 13:22:03,22.67
####,07/27/2026 13:37:03,23.013
####,07/27/2026 13:52:03,23.013
####,07/27/2026 14:07:03,20.182
####,07/27/2026 14:22:03,18.67
####,07/27/2026 14:37:03,17.951
####,07/27/2026 14:52:03,17.383
####,07/27/2026 15:07:03,16.954
####,07/27/2026 15:22:03,16.707
####,07/27/2026 15:37:03,16.514
####,07/27/2026 15:52:03,16.385
####,07/27/2026 16:07:03,16.407
####,07/27/2026 16:22:03,15.645
####,07/27/2026 16:37:03,15.002
####,07/27/2026 16:52:03,14.819
####,07/27/2026 17:07:03,14.616
####,07/27/2026 17:22:03,14.83
####,07/27/2026 17:37:03,15.012
####,07/27/2026 17:52:03,15.023
####,07/27/2026 18:07:03,15.334
####,07/27/2026 18:22:03,15.077
####,07/27/2026 18:37:03,15.152
####,07/27/2026 18:52:03,15.248
####,07/27/2026 19:07:03,15.023
####,07/27/2026 19:22:03,14.669
####,07/27/2026 19:37:03,14.658
####,07/27/2026 19:52:03,14.626
####,07/27/2026 20:07:03,14.026
####,07/27/2026 20:22:03,13.468
####,07/27/2026 20:37:03,13.307
####,07/27/2026 20:52:03,13.436
####,07/27/2026 21:07:03,13.822
####,07/27/2026 21:22:03,14.326
####,07/27/2026 21:37:03,14.701
####,07/27/2026 21:52:03,14.991
####,07/27/2026 22:07:03,14.927
####,07/27/2026 22:22:03,14.669
####,07/27/2026 22:37:03,14.637
####,07/27/2026 22:52:03,14.669
####,07/27/2026 23:07:03,14.712
####,07/27/2026 23:22:03,14.701
####,07/27/2026 23:37:03,14.562
####,07/27/2026 23:52:03,14.358
####,07/28/2026 0:07:03,14.187
####,07/28/2026 0:22:03,14.154
####,07/28/2026 0:37:03,13.983
####,07/28/2026 0:52:03,13.843
####,07/28/2026 1:07:03,13.811
####,07/28/2026 1:22:03,13.779
####,07/28/2026 1:37:03,13.758
####,07/28/2026 1:52:03,13.607
####,07/28/2026 2:07:03,13.532
####,07/28/2026 2:22:03,13.522
####,07/28/2026 2:37:03,13.575
####,07/28/2026 2:52:03,13.575
####,07/28/2026 3:07:03,13.554
####,07/28/2026 3:22:03,13.586
####,07/28/2026 3:37:03,13.64
####,07/28/2026 3:52:03,13.704
####,07/28/2026 4:07:03,13.758
####,07/28/2026 4:22:03,13.822
####,07/28/2026 4:37:03,13.876
####,07/28/2026 4:52:03,14.015
####,07/28/2026 5:07:03,14.079
####,07/28/2026 5:22:03,14.219
####,07/28/2026 5:37:03,14.369
####,07/28/2026 5:52:03,14.487
####,07/28/2026 6:07:03,14.562
####,07/28/2026 6:22:03,14.701
####,07/28/2026 6:37:03,14.819
####,07/28/2026 6:52:03,14.991
####,07/28/2026 7:07:03,15.13
####,07/28/2026 7:22:03,15.163
####,07/28/2026 7:37:03,15.409
####,07/28/2026 7:52:03,15.602
####,07/28/2026 8:07:03,15.785
####,07/28/2026 8:22:03,16.181
####,07/28/2026 8:37:03,17.072
####,07/28/2026 8:52:03,16.803
####,07/28/2026 9:07:03,16.761
####,07/28/2026 9:22:03,17.147
####,07/28/2026 9:37:03,17.983
####,07/28/2026 9:52:03,18.67
####,07/28/2026 10:07:03,18.09
####,07/28/2026 10:22:03,18.112
####,07/28/2026 10:37:03,18.187
####,07/28/2026 10:52:03,18.123
####,07/28/2026 11:07:03,18.648
####,07/28/2026 11:22:03,18.981
####,07/28/2026 11:37:03,19.302
####,07/28/2026 11:52:03,19.431
####,07/28/2026 12:07:03,19.453
####,07/28/2026 12:22:03,19.774
####,07/28/2026 12:37:03,19.71
####,07/28/2026 12:52:03,19.828
####,07/28/2026 13:07:03,19.806
####,07/28/2026 13:22:03,19.86
####,07/28/2026 13:37:03,20.107
####,07/28/2026 13:52:03,20.514
####,07/28/2026 14:07:03,21.522
####,07/28/2026 14:22:03,22.498
####,07/28/2026 14:37:03,20.793
####,07/28/2026 14:52:03,18.938
####,07/28/2026 15:07:03,18.23
####,07/28/2026 15:22:03,17.64
####,07/28/2026 15:37:03,17.297
####,07/28/2026 15:52:03,16.739
####,07/28/2026 16:07:03,16.492
####,07/28/2026 16:22:03,16.031
####,07/28/2026 16:37:03,15.163
####,07/28/2026 16:52:03,14.53
####,07/28/2026 17:07:03,14.272
####,07/28/2026 17:22:03,13.983
####,07/28/2026 17:37:03,13.79
####,07/28/2026 17:52:03,13.758
####,07/28/2026 18:07:03,13.704
####,07/28/2026 18:22:03,13.532
####,07/28/2026 18:37:03,13.393
####,07/28/2026 18:52:03,13.329
####,07/28/2026 19:07:03,13.318
####,07/28/2026 19:22:03,13.393
####,07/28/2026 19:37:03,13.532
####,07/28/2026 19:52:03,13.758
####,07/28/2026 20:07:03,13.897
####,07/28/2026 20:22:03,13.597
####,07/28/2026 20:37:03,13.35
####,07/28/2026 20:52:03,13.211
####,07/28/2026 21:07:03,13.157
####,07/28/2026 21:22:03,13.189
####,07/28/2026 21:37:03,13.264
####,07/28/2026 21:52:03,13.296
####,07/28/2026 22:07:03,13.371
####,07/28/2026 22:22:03,13.672
####,07/28/2026 22:37:03,13.843
####,07/28/2026 22:52:03,14.069
####,07/28/2026 23:07:03,14.165
####,07/28/2026 23:22:03,13.983
####,07/28/2026 23:37:03,14.015
####,07/28/2026 23:52:03,13.951
####,07/29/2026 0:07:03,13.768
####,07/29/2026 0:22:03,13.661
####,07/29/2026 0:37:03,13.479
####,07/29/2026 0:52:03,13.404
####,07/29/2026 1:07:03,13.457
####,07/29/2026 1:22:03,13.436
####,07/29/2026 1:37:03,13.425
####,07/29/2026 1:52:03,13.457
####,07/29/2026 2:07:03,13.489
####,07/29/2026 2:22:03,13.511
####,07/29/2026 2:37:03,13.522
####,07/29/2026 2:52:03,13.511
####,07/29/2026 3:07:03,13.511
####,07/29/2026 3:22:03,13.532
####,07/29/2026 3:37:03,13.575
####,07/29/2026 3:52:03,13.586
####,07/29/2026 4:07:03,13.586
####,07/29/2026 4:22:03,13.618
####,07/29/2026 4:37:03,13.65
####,07/29/2026 4:52:03,13.682
####,07/29/2026 5:07:03,13.715
####,07/29/2026 5:22:03,13.758
####,07/29/2026 5:37:03,13.8
####,07/29/2026 5:52:03,13.854
####,07/29/2026 6:07:03,13.918
####,07/29/2026 6:22:03,13.983
####,07/29/2026 6:37:03,14.015
####,07/29/2026 6:52:03,14.004
####,07/29/2026 7:07:03,14.004
####,07/29/2026 7:22:03,14.015
####,07/29/2026 7:37:03,14.412
####,07/29/2026 7:52:03,14.433
####,07/29/2026 8:07:03,14.637
####,07/29/2026 8:22:03,14.873
####,07/29/2026 8:37:03,15.57
####,07/29/2026 8:52:03,15.988
####,07/29/2026 9:07:03,16.889
####,07/29/2026 9:22:03,17.64
####,07/29/2026 9:37:03,18.434
####,07/29/2026 9:52:03,18.015
####,07/29/2026 10:07:03,18.788
####,07/29/2026 10:22:03,20.278
####,07/29/2026 10:37:03,21.093
####,07/29/2026 10:52:03,21.351
####,07/29/2026 11:07:03,21.726
####,07/29/2026 11:22:03,22.241
####,07/29/2026 11:37:03,22.885
####,07/29/2026 11:52:03,23.163
####,07/29/2026 12:07:03,24.021
####,07/29/2026 12:22:03,24.568
####,07/29/2026 12:37:03,25.008
####,07/29/2026 12:52:03,25.362
####,07/29/2026 13:07:03,25.898
####,07/29/2026 13:22:03,25.995
####,07/29/2026 13:37:03,26.027
####,07/29/2026 13:52:03,26.156
####,07/29/2026 14:07:03,26.284
####,07/29/2026 14:22:03,26.585
####,07/29/2026 14:37:03,26.638
####,07/29/2026 14:52:03,26.778
####,07/29/2026 15:07:03,26.563
####,07/29/2026 15:22:03,23.485
####,07/29/2026 15:37:03,21.619
####,07/29/2026 15:52:03,20.289
####,07/29/2026 16:07:03,19.506
####,07/29/2026 16:22:03,19.013
####,07/29/2026 16:37:03,17.404
####,07/29/2026 16:52:03,16.868
####,07/29/2026 17:07:03,16.246
####,07/29/2026 17:22:03,15.913
####,07/29/2026 17:37:03,15.549
####,07/29/2026 17:52:03,15.388
####,07/29/2026 18:07:03,15.012
####,07/29/2026 18:22:03,14.894
####,07/29/2026 18:37:03,14.691
####,07/29/2026 18:52:03,15.109
####,07/29/2026 19:07:03,15.452
####,07/29/2026 19:22:03,15.57
####,07/29/2026 19:37:03,15.238
####,07/29/2026 19:52:03,15.066
####,07/29/2026 20:07:03,15.045
####,07/29/2026 20:22:03,15.077
####,07/29/2026 20:37:03,15.109
####,07/29/2026 20:52:03,14.262
####,07/29/2026 21:07:03,13.5
####,07/29/2026 21:22:03,13.296
####,07/29/2026 21:37:03,13.114
####,07/29/2026 21:52:03,13.082
####,07/29/2026 22:07:03,13.296
####,07/29/2026 22:22:03,13.554
####,07/29/2026 22:37:03,13.522
####,07/29/2026 22:52:03,13.64
####,07/29/2026 23:07:03,14.219
####,07/29/2026 23:22:03,14.766
####,07/29/2026 23:37:03,15.12
####,07/29/2026 23:52:03,15.345
####,07/30/2026 0:07:03,15.549
####,07/30/2026 0:22:03,15.656
####,07/30/2026 0:37:03,15.752
####,07/30/2026 0:52:03,15.763
####,07/30/2026 1:07:03,15.795
####,07/30/2026 1:22:03,15.838
####,07/30/2026 1:37:03,15.559
####,07/30/2026 1:52:03,15.087
####,07/30/2026 2:07:03,15.012
####,07/30/2026 2:22:03,15.045
####,07/30/2026 2:37:03,14.798
####,07/30/2026 2:52:03,14.691
####,07/30/2026 3:07:03,14.412
####,07/30/2026 3:22:03,14.272
####,07/30/2026 3:37:03,14.337
####,07/30/2026 3:52:03,14.422
####,07/30/2026 4:07:03,14.476
####,07/30/2026 4:22:03,14.54
####,07/30/2026 4:37:03,14.562
####,07/30/2026 4:52:03,14.562
####,07/30/2026 5:07:03,14.412
####,07/30/2026 5:22:03,14.326
####,07/30/2026 5:37:03,14.208
####,07/30/2026 5:52:03,14.09
####,07/30/2026 6:07:03,14.004
####,07/30/2026 6:22:03,14.079
####,07/30/2026 6:37:03,14.197
####,07/30/2026 6:52:03,14.326
####,07/30/2026 7:07:03,14.476
####,07/30/2026 7:22:03,14.583
####,07/30/2026 7:37:03,14.648
####,07/30/2026 7:52:03,14.701
####,07/30/2026 8:07:03,15.045
####,07/30/2026 8:22:03,15.592
####,07/30/2026 8:37:03,16.299
####,07/30/2026 8:52:03,16.997
####,07/30/2026 9:07:03,17.522
####,07/30/2026 9:22:03,18.08
####,07/30/2026 9:37:03,19.013
####,07/30/2026 9:52:03,19.238
####,07/30/2026 10:07:03,19.828
####,07/30/2026 10:22:03,20.611
####,07/30/2026 10:37:03,21.555
####,07/30/2026 10:52:03,22.37
####,07/30/2026 11:07:03,22.67
####,07/30/2026 11:22:03,22.488
####,07/30/2026 11:37:03,23.099
####,07/30/2026 11:52:03,23.249
####,07/30/2026 12:07:03,23.635
####,07/30/2026 12:22:03,23.957
####,07/30/2026 12:37:03,24.45
####,07/30/2026 12:52:03,24.804
####,07/30/2026 13:07:03,25.212
####,07/30/2026 13:22:03,24.794
####,07/30/2026 13:37:03,24.665
####,07/30/2026 13:52:03,25.115
####,07/30/2026 14:07:03,25.169
####,07/30/2026 14:22:03,25.609
####,07/30/2026 14:37:03,25.716
####,07/30/2026 14:52:03,25.802
####,07/30/2026 15:07:03,25.931
####,07/30/2026 15:22:03,25.619
####,07/30/2026 15:37:03,23.946
####,07/30/2026 15:52:03,20.042
####,07/30/2026 16:07:03,18.83
####,07/30/2026 16:22:03,17.876
####,07/30/2026 16:37:03,17.061
####,07/30/2026 16:52:03,16.374
####,07/30/2026 17:07:03,16.224
####,07/30/2026 17:22:03,16.031
####,07/30/2026 17:37:03,15.731
####,07/30/2026 17:52:03,15.098
####,07/30/2026 18:07:03,14.884
####,07/30/2026 18:22:03,14.734
####,07/30/2026 18:37:03,14.712
####,07/30/2026 18:52:03,14.734
####,07/30/2026 19:07:03,14.734
####,07/30/2026 19:22:03,14.809
####,07/30/2026 19:37:03,14.894
####,07/30/2026 19:52:03,14.894
####,07/30/2026 20:07:03,14.894
####,07/30/2026 20:22:03,14.937
####,07/30/2026 20:37:03,14.937
####,07/30/2026 20:52:03,14.916
####,07/30/2026 21:07:03,14.894
####,07/30/2026 21:22:03,14.798
####,07/30/2026 21:37:03,14.519
####,07/30/2026 21:52:03,14.219
####,07/30/2026 22:07:03,14.133
####,07/30/2026 22:22:03,14.197
####,07/30/2026 22:37:03,14.347
####,07/30/2026 22:52:03,14.476
####,07/30/2026 23:07:03,14.583
####,07/30/2026 23:22:03,14.712
####,07/30/2026 23:37:03,14.841
####,07/30/2026 23:52:03,14.927
####,07/31/2026 0:07:03,15.002
####,07/31/2026 0:22:03,15.055
####,07/31/2026 0:37:03,15.045
####,07/31/2026 0:52:03,15.023
####,07/31/2026 1:07:03,14.959
####,07/31/2026 1:22:03,14.862
####,07/31/2026 1:37:03,14.776
####,07/31/2026 1:52:03,14.691
####,07/31/2026 2:07:03,14.616
####,07/31/2026 2:22:03,14.658
####,07/31/2026 2:37:03,14.648
####,07/31/2026 2:52:03,14.508
####,07/31/2026 3:07:03,14.498
####,07/31/2026 3:22:03,14.562
####,07/31/2026 3:37:03,14.54
####,07/31/2026 3:52:03,14.562
####,07/31/2026 4:07:03,14.583
####,07/31/2026 4:22:03,14.573
####,07/31/2026 4:37:03,14.487
####,07/31/2026 4:52:03,14.39
####,07/31/2026 5:07:03,14.326
####,07/31/2026 5:22:03,14.069
####,07/31/2026 5:37:03,13.951
####,07/31/2026 5:52:03,14.026
####,07/31/2026 6:07:03,13.983
####,07/31/2026 6:22:03,13.768
####,07/31/2026 6:37:03,13.79
####,07/31/2026 6:52:03,13.951
####,07/31/2026 7:07:03,14.101
####,07/31/2026 7:22:03,14.219
####,07/31/2026 7:37:03,14.294
####,07/31/2026 7:52:03,14.326
####,07/31/2026 8:07:03,14.39
####,07/31/2026 8:22:03,14.551
####,07/31/2026 8:37:03,14.862
####,07/31/2026 8:52:03,16.063
####,07/31/2026 9:07:03,16.718
####,07/31/2026 9:22:03,17.619
####,07/31/2026 9:37:03,18.541
####,07/31/2026 9:52:03,19.195
####,07/31/2026 10:07:03,19.924
####,07/31/2026 10:22:03,20.718
####,07/31/2026 10:37:03,21.093
####,07/31/2026 10:52:03,21.694
####,07/31/2026 11:07:03,22.992
####,07/31/2026 11:22:03,24.193
####,07/31/2026 11:37:03,24.879
####,07/31/2026 11:52:03,24.515
####,07/31/2026 12:07:03,24.976
####,07/31/2026 12:22:03,25.802
####,07/31/2026 12:37:03,25.823
####,07/31/2026 12:52:03,26.327
####,07/31/2026 13:07:03,26.756
####,07/31/2026 13:22:03,26.402
####,07/31/2026 13:37:03,26.553
####,07/31/2026 13:52:03,26.66
####,07/31/2026 14:07:03,27.142
####,07/31/2026 14:22:03,27.014
####,07/31/2026 14:37:03,27.132
####,07/31/2026 14:52:03,26.81
####,07/31/2026 15:07:03,26.928
####,07/31/2026 15:22:03,27.1
####,07/31/2026 15:37:03,26.917
####,07/31/2026 15:52:03,27.271
####,07/31/2026 16:07:03,22.552
####,07/31/2026 16:22:03,20.654
####,07/31/2026 16:37:03,19.86
####,07/31/2026 16:52:03,18.798
####,07/31/2026 17:07:03,18.058
####,07/31/2026 17:22:03,17.415
####,07/31/2026 17:37:03,16.975
####,07/31/2026 17:52:03,16.396
####,07/31/2026 18:07:03,16.096
####,07/31/2026 18:22:03,16.482
####,07/31/2026 18:37:03,16.6
####,07/31/2026 18:52:03,16.256
####,07/31/2026 19:07:03,16.342
####,07/31/2026 19:22:03,16.117
####,07/31/2026 19:37:03,15.913
####,07/31/2026 19:52:03,16.063
####,07/31/2026 20:07:03,14.969
####,07/31/2026 20:22:03,14.626
####,07/31/2026 20:37:03,14.358
####,07/31/2026 20:52:03,13.758
####,07/31/2026 21:07:03,13.693
####,07/31/2026 21:22:03,13.747
####,07/31/2026 21:37:03,13.64
####,07/31/2026 21:52:03,14.015
####,07/31/2026 22:07:03,14.251
####,07/31/2026 22:22:03,14.401
####,07/31/2026 22:37:03,14.519
####,07/31/2026 22:52:03,14.498
####,07/31/2026 23:07:03,14.583
####,07/31/2026 23:22:03,15.098
####,07/31/2026 23:37:03,15.538
####,07/31/2026 23:52:03,15.849
####,08/01/2026 0:07:03,15.742
####,08/01/2026 0:22:03,15.57
####,08/01/2026 0:37:03,15.484
####,08/01/2026 0:52:03,15.431
####,08/01/2026 1:07:03,15.484
####,08/01/2026 1:22:03,15.559
####,08/01/2026 1:37:03,15.72
####,08/01/2026 1:52:03,15.827
####,08/01/2026 2:07:03,15.924
####,08/01/2026 2:22:03,16.031
####,08/01/2026 2:37:03,16.138
####,08/01/2026 2:52:03,16.063
####,08/01/2026 3:07:03,15.956
####,08/01/2026 3:22:03,15.634
####,08/01/2026 3:37:03,15.248
####,08/01/2026 3:52:03,15.141
####,08/01/2026 4:07:03,15.12
####,08/01/2026 4:22:03,15.087
####,08/01/2026 4:37:03,14.851
####,08/01/2026 4:52:03,14.669
####,08/01/2026 5:07:03,14.53
####,08/01/2026 5:22:03,14.347
####,08/01/2026 5:37:03,14.358
####,08/01/2026 5:52:03,14.219
####,08/01/2026 6:07:03,14.101
####,08/01/2026 6:22:03,14.154
####,08/01/2026 6:37:03,14.219
####,08/01/2026 6:52:03,14.219
####,08/01/2026 7:07:03,14.283
####,08/01/2026 7:22:03,14.412
####,08/01/2026 7:37:03,14.487
####,08/01/2026 7:52:03,14.39
####,08/01/2026 8:07:03,14.498
####,08/01/2026 8:22:03,14.68
####,08/01/2026 8:37:03,14.873
####,08/01/2026 8:52:03,15.023
####,08/01/2026 9:07:03,15.205
####,08/01/2026 9:22:03,15.334
####,08/01/2026 9:37:03,15.731
####,08/01/2026 9:52:03,16.31
####,08/01/2026 10:07:03,16.632
####,08/01/2026 10:22:03,16.975
####,08/01/2026 10:37:03,17.254
####,08/01/2026 10:52:03,18.906
####,08/01/2026 11:07:03,18.605
####,08/01/2026 11:22:03,19.764
####,08/01/2026 11:37:03,20.697
####,08/01/2026 11:52:03,21.147
####,08/01/2026 12:07:03,22.027
####,08/01/2026 12:22:03,21.919
####,08/01/2026 12:37:03,22.531
####,08/01/2026 12:52:03,22.874
####,08/01/2026 13:07:03,23.292
####,08/01/2026 13:22:03,23.7
####,08/01/2026 13:37:03,23.592
####,08/01/2026 13:52:03,23.356
####,08/01/2026 14:07:03,23.85
####,08/01/2026 14:22:03,24.011
####,08/01/2026 14:37:03,24.161
####,08/01/2026 14:52:03,24.204
####,08/01/2026 15:07:03,24.172
####,08/01/2026 15:22:03,22.874
####,08/01/2026 15:37:03,22.584
####,08/01/2026 15:52:03,22.359
####,08/01/2026 16:07:03,23.71
####,08/01/2026 16:22:03,22.048
####,08/01/2026 16:37:03,20.203
####,08/01/2026 16:52:03,18.906
####,08/01/2026 17:07:03,17.93
####,08/01/2026 17:22:03,17.2
####,08/01/2026 17:37:03,16.492
####,08/01/2026 17:52:03,16.117
####,08/01/2026 18:07:03,15.849
####,08/01/2026 18:22:03,15.613
####,08/01/2026 18:37:03,15.302
####,08/01/2026 18:52:03,15.173
####,08/01/2026 19:07:03,15.227
####,08/01/2026 19:22:03,15.302
####,08/01/2026 19:37:03,15.431
####,08/01/2026 19:52:03,15.538
####,08/01/2026 20:07:03,15.592
####,08/01/2026 20:22:03,15.677
####,08/01/2026 20:37:03,15.742
####,08/01/2026 20:52:03,15.827
####,08/01/2026 21:07:03,15.892
####,08/01/2026 21:22:03,15.785
####,08/01/2026 21:37:03,15.677
####,08/01/2026 21:52:03,15.72
####,08/01/2026 22:07:03,15.827
####,08/01/2026 22:22:03,15.903
####,08/01/2026 22:37:03,15.956
####,08/01/2026 22:52:03,15.999
####,08/01/2026 23:07:03,16.042
####,08/01/2026 23:22:03,16.063
####,08/01/2026 23:37:03,16.074
####,08/01/2026 23:52:03,16.063
####,08/02/2026 0:07:03,16.053
####,08/02/2026 0:22:03,16.042
####,08/02/2026 0:37:03,16.01
####,08/02/2026 0:52:03,15.967
####,08/02/2026 1:07:03,15.935
####,08/02/2026 1:22:03,15.924
####,08/02/2026 1:37:03,15.892
####,08/02/2026 1:52:03,15.86
####,08/02/2026 2:07:03,15.838
####,08/02/2026 2:22:03,15.795
####,08/02/2026 2:37:03,15.763
####,08/02/2026 2:52:03,15.72
####,08/02/2026 3:07:03,15.645
####,08/02/2026 3:22:03,15.602
####,08/02/2026 3:37:03,15.581
####,08/02/2026 3:52:03,15.592
####,08/02/2026 4:07:03,15.613
####,08/02/2026 4:22:03,15.634
####,08/02/2026 4:37:03,15.656
####,08/02/2026 4:52:03,15.667
####,08/02/2026 5:07:03,15.624
####,08/02/2026 5:22:03,15.592
####,08/02/2026 5:37:03,15.592
####,08/02/2026 5:52:03,15.592
####,08/02/2026 6:07:03,15.602
####,08/02/2026 6:22:03,15.613
####,08/02/2026 6:37:03,15.602
####,08/02/2026 6:52:03,15.581
####,08/02/2026 7:07:03,15.527
####,08/02/2026 7:22:03,15.474
####,08/02/2026 7:37:03,15.409
####,08/02/2026 7:52:03,15.366
####,08/02/2026 8:07:03,15.388
####,08/02/2026 8:22:03,15.484
####,08/02/2026 8:37:03,15.592
####,08/02/2026 8:52:03,15.677
####,08/02/2026 9:07:03,15.827
####,08/02/2026 9:22:03,15.935
####,08/02/2026 9:37:03,16.203
####,08/02/2026 9:52:03,16.568
####,08/02/2026 10:07:03,17.114
####,08/02/2026 10:22:03,17.951
####,08/02/2026 10:37:03,18.841
####,08/02/2026 10:52:03,19.077
####,08/02/2026 11:07:03,18.616
####,08/02/2026 11:22:03,19.195
####,08/02/2026 11:37:03,19.442
####,08/02/2026 11:52:03,19.635
####,08/02/2026 12:07:03,19.453
####,08/02/2026 12:22:03,19.581
####,08/02/2026 12:37:03,20.525
####,08/02/2026 12:52:03,20.686
####,08/02/2026 13:07:03,20.461
####,08/02/2026 13:22:03,20.686
####,08/02/2026 13:37:03,21.501
####,08/02/2026 13:52:03,22.112
####,08/02/2026 14:07:03,21.866
####,08/02/2026 14:22:03,21.941
####,08/02/2026 14:37:03,22.359
####,08/02/2026 14:52:03,21.812
####,08/02/2026 15:07:03,22.423
####,08/02/2026 15:22:03,22.434
####,08/02/2026 15:37:03,22.155
####,08/02/2026 15:52:03,22.488
####,08/02/2026 16:07:03,23.989
####,08/02/2026 16:22:03,24.343
####,08/02/2026 16:37:03,22.595
####,08/02/2026 16:52:03,21.405
####,08/02/2026 17:07:03,20.579
####,08/02/2026 17:22:03,20.139
####,08/02/2026 17:37:03,19.892
####,08/02/2026 17:52:03,19.764
####,08/02/2026 18:07:03,19.281
####,08/02/2026 18:22:03,18.83
####,08/02/2026 18:37:03,18.005
####,08/02/2026 18:52:03,17.265
####,08/02/2026 19:07:03,16.492
####,08/02/2026 19:22:03,15.935
####,08/02/2026 19:37:03,15.806
####,08/02/2026 19:52:03,15.913
####,08/02/2026 20:07:03,16.31
####,08/02/2026 20:22:03,16.546
####,08/02/2026 20:37:03,16.643
####,08/02/2026 20:52:03,15.795
####,08/02/2026 21:07:03,15.484
####,08/02/2026 21:22:03,15.012
####,08/02/2026 21:37:03,14.712
####,08/02/2026 21:52:03,14.851
####,08/02/2026 22:07:03,15.195
####,08/02/2026 22:22:03,15.602
####,08/02/2026 22:37:03,15.913
####,08/02/2026 22:52:03,16.171
####,08/02/2026 23:07:03,16.396
####,08/02/2026 23:22:03,16.6
####,08/02/2026 23:37:03,16.685
####,08/02/2026 23:52:03,16.771
####,08/03/2026 0:07:03,16.836
####,08/03/2026 0:22:03,16.889
####,08/03/2026 0:37:03,16.943
####,08/03/2026 0:52:03,16.975
####,08/03/2026 1:07:03,16.943
####,08/03/2026 1:22:03,16.836
####,08/03/2026 1:37:03,16.728
####,08/03/2026 1:52:03,16.61
####,08/03/2026 2:07:03,16.385
####,08/03/2026 2:22:03,16.214
####,08/03/2026 2:37:03,16.01
####,08/03/2026 2:52:03,15.913
####,08/03/2026 3:07:03,15.667
####,08/03/2026 3:22:03,15.57
####,08/03/2026 3:37:03,15.463
####,08/03/2026 3:52:03,15.398
####,08/03/2026 4:07:03,15.366
####,08/03/2026 4:22:03,15.356
####,08/03/2026 4:37:03,15.366
####,08/03/2026 4:52:03,15.388
####,08/03/2026 5:07:03,15.345
####,08/03/2026 5:22:03,15.291
####,08/03/2026 5:37:03,15.302
####,08/03/2026 5:52:03,15.356
####,08/03/2026 6:07:03,15.238
####,08/03/2026 6:22:03,15.195
####,08/03/2026 6:37:03,15.195
####,08/03/2026 6:52:03,15.227
####,08/03/2026 7:07:03,15.313
####,08/03/2026 7:22:03,15.356
####,08/03/2026 7:37:03,15.334
####,08/03/2026 7:52:03,15.27
####,08/03/2026 8:07:03,15.27
####,08/03/2026 8:22:03,15.313
####,08/03/2026 8:37:03,15.366
####,08/03/2026 8:52:03,15.452
####,08/03/2026 9:07:03,15.581
####,08/03/2026 9:22:03,15.677
####,08/03/2026 9:37:03,15.817
####,08/03/2026 9:52:03,15.967
####,08/03/2026 10:07:03,16.085
####,08/03/2026 10:22:03,16.224
####,08/03/2026 10:37:03,16.6
####,08/03/2026 10:52:03,16.857
####,08/03/2026 11:07:03,17.458
####,08/03/2026 11:22:03,18.777
####,08/03/2026 11:37:03,19.882
####,08/03/2026 11:52:03,20.021
####,08/03/2026 12:07:03,20.439
####,08/03/2026 12:22:03,21.051
####,08/03/2026 12:37:03,21.265
####,08/03/2026 12:52:03,22.059
####,08/03/2026 13:07:03,22.402
####,08/03/2026 13:22:03,24.054
####,08/03/2026 13:37:03,23.013
####,08/03/2026 13:52:03,22.96
####,08/03/2026 14:07:03,24.483
####,08/03/2026 14:22:03,23.517
####,08/03/2026 14:37:03,24.686
####,08/03/2026 14:52:03,24.987
####,08/03/2026 15:07:03,24.279
####,08/03/2026 15:22:03,24.279
####,08/03/2026 15:37:03,24.375
####,08/03/2026 15:52:03,25.566
####,08/03/2026 16:07:03,24.858
####,08/03/2026 16:22:03,22.788
####,08/03/2026 16:37:03,21.147
####,08/03/2026 16:52:03,20.096
####,08/03/2026 17:07:03,19.249
####,08/03/2026 17:22:03,18.648
####,08/03/2026 17:37:03,17.855
####,08/03/2026 17:52:03,17.383
####,08/03/2026 18:07:03,17.297
####,08/03/2026 18:22:03,17.136
####,08/03/2026 18:37:03,16.846
####,08/03/2026 18:52:03,16.653
####,08/03/2026 19:07:03,16.01
####,08/03/2026 19:22:03,15.602
####,08/03/2026 19:37:03,15.463
####,08/03/2026 19:52:03,15.238
####,08/03/2026 20:07:03,15.195
####,08/03/2026 20:22:03,14.937
####,08/03/2026 20:37:03,14.894
####,08/03/2026 20:52:03,14.755
####,08/03/2026 21:07:03,14.605
####,08/03/2026 21:22:03,14.305
####,08/03/2026 21:37:03,14.144
####,08/03/2026 21:52:03,14.09
####,08/03/2026 22:07:03,14.058
####,08/03/2026 22:22:03,14.187
####,08/03/2026 22:37:03,14.616
####,08/03/2026 22:52:03,14.959
####,08/03/2026 23:07:03,15.516
####,08/03/2026 23:22:03,15.742
####,08/03/2026 23:37:03,15.956
####,08/03/2026 23:52:03,16.117
####,08/04/2026 0:07:03,16.203
####,08/04/2026 0:22:03,16.203
####,08/04/2026 0:37:03,16.096
####,08/04/2026 0:52:03,16.096
####,08/04/2026 1:07:03,16.16
####,08/04/2026 1:22:03,16.214
####,08/04/2026 1:37:03,16.117
####,08/04/2026 1:52:03,15.774
####,08/04/2026 2:07:03,15.57
####,08/04/2026 2:22:03,15.345
####,08/04/2026 2:37:03,15.066
####,08/04/2026 2:52:03,15.034
####,08/04/2026 3:07:03,14.991
####,08/04/2026 3:22:03,15.109
####,08/04/2026 3:37:03,15.066
####,08/04/2026 3:52:03,15.002
####,08/04/2026 4:07:03,14.991
####,08/04/2026 4:22:03,14.851
####,08/04/2026 4:37:03,14.701
####,08/04/2026 4:52:03,14.744
####,08/04/2026 5:07:03,14.648
####,08/04/2026 5:22:03,14.691
####,08/04/2026 5:37:03,14.68
####,08/04/2026 5:52:03,14.154
####,08/04/2026 6:07:03,14.326
####,08/04/2026 6:22:03,14.498
####,08/04/2026 6:37:03,14.637
####,08/04/2026 6:52:03,14.734
####,08/04/2026 7:07:03,14.787
####,08/04/2026 7:22:03,14.862
####,08/04/2026 7:37:03,14.937
####,08/04/2026 7:52:03,14.894
####,08/04/2026 8:07:03,15.023
####,08/04/2026 8:22:03,15.109
####,08/04/2026 8:37:03,15.216
####,08/04/2026 8:52:03,15.28
####,08/04/2026 9:07:03,15.323
####,08/04/2026 9:22:03,15.388
####,08/04/2026 9:37:03,15.452
####,08/04/2026 9:52:03,15.559
####,08/04/2026 10:07:03,15.742
####,08/04/2026 10:22:03,15.849
####,08/04/2026 10:37:03,15.999
####,08/04/2026 10:52:03,16.074
####,08/04/2026 11:07:03,16.224
####,08/04/2026 11:22:03,16.278
####,08/04/2026 11:37:03,16.374
####,08/04/2026 11:52:03,16.632
####,08/04/2026 12:07:03,16.857
####,08/04/2026 12:22:03,17.082
####,08/04/2026 12:37:03,17.34
####,08/04/2026 12:52:03,17.822
####,08/04/2026 13:07:03,18.155
####,08/04/2026 13:22:03,18.434
####,08/04/2026 13:37:03,18.938
####,08/04/2026 13:52:03,19.635
####,08/04/2026 14:07:03,19.474
####,08/04/2026 14:22:03,20.139
####,08/04/2026 14:37:03,19.71
####,08/04/2026 14:52:03,19.967
####,08/04/2026 15:07:03,19.689
####,08/04/2026 15:22:03,19.335
####,08/04/2026 15:37:03,19.281
####,08/04/2026 15:52:03,19.206
####,08/04/2026 16:07:03,18.927
####,08/04/2026 16:22:03,18.648
####,08/04/2026 16:37:03,18.251
####,08/04/2026 16:52:03,17.994
####,08/04/2026 17:07:03,17.404
####,08/04/2026 17:22:03,16.836
####,08/04/2026 17:37:03,16.428
####,08/04/2026 17:52:03,16.085
####,08/04/2026 18:07:03,15.903
####,08/04/2026 18:22:03,15.656
####,08/04/2026 18:37:03,15.559
####,08/04/2026 18:52:03,15.624
####,08/04/2026 19:07:03,15.377
####,08/04/2026 19:22:03,15.356
####,08/04/2026 19:37:03,15.345
####,08/04/2026 19:52:03,15.441
####,08/04/2026 20:07:03,15.463
####,08/04/2026 20:22:03,15.57
####,08/04/2026 20:37:03,15.581
####,08/04/2026 20:52:03,15.602
####,08/04/2026 21:07:03,15.538
####,08/04/2026 21:22:03,15.463
####,08/04/2026 21:37:03,15.388
####,08/04/2026 21:52:03,15.012
####,08/04/2026 22:07:03,14.734
####,08/04/2026 22:22:03,14.648
####,08/04/2026 22:37:03,14.508
####,08/04/2026 22:52:03,14.412
####,08/04/2026 23:07:03,14.347
####,08/04/2026 23:22:03,14.272
####,08/04/2026 23:37:03,14.251
####,08/04/2026 23:52:03,14.197
####,08/05/2026 0:07:03,14.219
####,08/05/2026 0:22:03,14.326
####,08/05/2026 0:37:03,14.487
####,08/05/2026 0:52:03,14.658
####,08/05/2026 1:07:03,14.798
####,08/05/2026 1:22:03,14.894
####,08/05/2026 1:37:03,14.905
####,08/05/2026 1:52:03,14.605
####,08/05/2026 2:07:03,14.487
####,08/05/2026 2:22:03,14.358
####,08/05/2026 2:37:03,14.24
####,08/05/2026 2:52:03,14.165
####,08/05/2026 3:07:03,14.144
####,08/05/2026 3:22:03,14.176
####,08/05/2026 3:37:03,14.101
####,08/05/2026 3:52:03,13.993
####,08/05/2026 4:07:03,13.929
####,08/05/2026 4:22:03,13.833
####,08/05/2026 4:37:03,13.8
####,08/05/2026 4:52:03,13.8
####,08/05/2026 5:07:03,13.725
####,08/05/2026 5:22:03,13.736
####,08/05/2026 5:37:03,13.747
####,08/05/2026 5:52:03,13.693
####,08/05/2026 6:07:03,13.618
####,08/05/2026 6:22:03,13.672
####,08/05/2026 6:37:03,13.672
####,08/05/2026 6:52:03,13.811
####,08/05/2026 7:07:03,13.908
####,08/05/2026 7:22:03,14.004
####,08/05/2026 7:37:03,14.036
####,08/05/2026 7:52:03,13.489
####,08/05/2026 8:07:03,13.607
####,08/05/2026 8:22:03,13.854
####,08/05/2026 8:37:03,14.187
####,08/05/2026 8:52:03,14.433
####,08/05/2026 9:07:03,14.744
####,08/05/2026 9:22:03,14.873
####,08/05/2026 9:37:03,15.045
####,08/05/2026 9:52:03,15.184
####,08/05/2026 10:07:03,15.248
####,08/05/2026 10:22:03,15.334
####,08/05/2026 10:37:03,15.549
####,08/05/2026 10:52:03,15.667
####,08/05/2026 11:07:03,15.785
####,08/05/2026 11:22:03,15.881
####,08/05/2026 11:37:03,15.999
####,08/05/2026 11:52:03,16.138
####,08/05/2026 12:07:03,16.267
####,08/05/2026 12:22:03,16.396
####,08/05/2026 12:37:03,16.546
####,08/05/2026 12:52:03,16.664
####,08/05/2026 13:07:03,16.621
####,08/05/2026 13:22:03,16.492
####,08/05/2026 13:37:03,16.482
####,08/05/2026 13:52:03,16.632
####,08/05/2026 14:07:03,16.761
####,08/05/2026 14:22:03,16.739
####,08/05/2026 14:37:03,16.718
####,08/05/2026 14:52:03,16.653
####,08/05/2026 15:07:03,16.664
####,08/05/2026 15:22:03,16.664
####,08/05/2026 15:37:03,16.728
####,08/05/2026 15:52:03,16.621
####,08/05/2026 16:07:03,16.31
####,08/05/2026 16:22:03,16.428
####,08/05/2026 16:37:03,16.6
####,08/05/2026 16:52:03,16.653
####,08/05/2026 17:07:03,16.664
####,08/05/2026 17:22:03,16.364
####,08/05/2026 17:37:03,16.085
####,08/05/2026 17:52:03,15.881
####,08/05/2026 18:07:03,15.302
####,08/05/2026 18:22:03,14.862
####,08/05/2026 18:37:03,14.691
####,08/05/2026 18:52:03,14.83
####,08/05/2026 19:07:03,14.819
####,08/05/2026 19:22:03,14.776
####,08/05/2026 19:37:03,14.755
####,08/05/2026 19:52:03,14.626
####,08/05/2026 20:07:03,14.658
####,08/05/2026 20:22:03,14.734
####,08/05/2026 20:37:03,14.905
####,08/05/2026 20:52:03,15.087
####,08/05/2026 21:07:03,15.409
####,08/05/2026 21:22:03,15.592
####,08/05/2026 21:37:03,15.763
####,08/05/2026 21:52:03,15.795
####,08/05/2026 22:07:03,15.849
####,08/05/2026 22:22:03,15.892
####,08/05/2026 22:37:03,15.849
####,08/05/2026 22:52:03,15.774
####,08/05/2026 23:07:03,15.709
####,08/05/2026 23:22:03,15.645
####,08/05/2026 23:37:03,15.592
####,08/05/2026 23:52:03,15.506
####,08/06/2026 0:07:03,15.356
####,08/06/2026 0:22:03,15.195
####,08/06/2026 0:37:03,15.216
####,08/06/2026 0:52:03,15.216
####,08/06/2026 1:07:03,15.205
####,08/06/2026 1:22:03,15.238
####,08/06/2026 1:37:03,15.227
####,08/06/2026 1:52:03,15.216
####,08/06/2026 2:07:03,14.884
####,08/06/2026 2:22:03,14.658
####,08/06/2026 2:37:03,14.455
####,08/06/2026 2:52:03,14.358
####,08/06/2026 3:07:03,14.219
####,08/06/2026 3:22:03,14.165
####,08/06/2026 3:37:03,14.133
####,08/06/2026 3:52:03,14.079
####,08/06/2026 4:07:03,13.983
####,08/06/2026 4:22:03,13.897
####,08/06/2026 4:37:03,13.811
####,08/06/2026 4:52:03,13.758
####,08/06/2026 5:07:03,13.64
####,08/06/2026 5:22:03,13.597
####,08/06/2026 5:37:03,13.532
####,08/06/2026 5:52:03,13.479
####,08/06/2026 6:07:03,13.446
####,08/06/2026 6:22:03,13.436
####,08/06/2026 6:37:03,13.436
####,08/06/2026 6:52:03,13.479
####,08/06/2026 7:07:03,13.575
####,08/06/2026 7:22:03,13.629
####,08/06/2026 7:37:03,13.704
####,08/06/2026 7:52:03,13.94
####,08/06/2026 8:07:03,14.122
####,08/06/2026 8:22:03,14.744
####,08/06/2026 8:37:03,15.13
####,08/06/2026 8:52:03,15.516
####,08/06/2026 9:07:03,16.138
####,08/06/2026 9:22:03,16.16
####,08/06/2026 9:37:03,15.806
####,08/06/2026 9:52:03,15.731
####,08/06/2026 10:07:03,15.602
####,08/06/2026 10:22:03,15.506
####,08/06/2026 10:37:03,15.581
####,08/06/2026 10:52:03,15.656
####,08/06/2026 11:07:03,15.742
####,08/06/2026 11:22:03,15.849
####,08/06/2026 11:37:03,15.881
####,08/06/2026 11:52:03,15.999
####,08/06/2026 12:07:03,16.117
####,08/06/2026 12:22:03,16.385
####,08/06/2026 12:37:03,16.374
####,08/06/2026 12:52:03,16.374
####,08/06/2026 13:07:03,16.256
####,08/06/2026 13:22:03,15.945
####,08/06/2026 13:37:03,15.645
####,08/06/2026 13:52:03,15.57
####,08/06/2026 14:07:03,15.484
####,08/06/2026 14:22:03,15.431
####,08/06/2026 14:37:03,15.452
####,08/06/2026 14:52:03,15.431
####,08/06/2026 15:07:03,15.409
####,08/06/2026 15:22:03,15.441
####,08/06/2026 15:37:03,15.57
####,08/06/2026 15:52:03,15.742
####,08/06/2026 16:07:03,15.935
####,08/06/2026 16:22:03,16.181
####,08/06/2026 16:37:03,16.374
####,08/06/2026 16:52:03,16.61
####,08/06/2026 17:07:03,16.771
####,08/06/2026 17:22:03,16.868
####,08/06/2026 17:37:03,16.857
####,08/06/2026 17:52:03,16.836
####,08/06/2026 18:07:03,16.75
####,08/06/2026 18:22:03,16.61
####,08/06/2026 18:37:03,16.503
####,08/06/2026 18:52:03,16.407
####,08/06/2026 19:07:03,16.364
####,08/06/2026 19:22:03,16.289
####,08/06/2026 19:37:03,16.224
####,08/06/2026 19:52:03,16.171
####,08/06/2026 20:07:03,16.053
####,08/06/2026 20:22:03,15.967
####,08/06/2026 20:37:03,15.913
####,08/06/2026 20:52:03,15.903
####,08/06/2026 21:07:03,15.913
####,08/06/2026 21:22:03,15.892
####,08/06/2026 21:37:03,15.881
####,08/06/2026 21:52:03,15.849
####,08/06/2026 22:07:03,15.827
####,08/06/2026 22:22:03,15.795
####,08/06/2026 22:37:03,15.763
####,08/06/2026 22:52:03,15.709
####,08/06/2026 23:07:03,15.645
####,08/06/2026 23:22:03,15.302
####,08/06/2026 23:37:03,15.163
####,08/06/2026 23:52:03,15.152
####,08/07/2026 0:07:03,15.13
####,08/07/2026 0:22:03,15.109
####,08/07/2026 0:37:03,15.077
####,08/07/2026 0:52:03,15.055
####,08/07/2026 1:07:03,15.002
####,08/07/2026 1:22:03,14.959
####,08/07/2026 1:37:03,14.905
####,08/07/2026 1:52:03,14.819
####,08/07/2026 2:07:03,14.766
####,08/07/2026 2:22:03,14.744
####,08/07/2026 2:37:03,14.573
####,08/07/2026 2:52:03,14.122
####,08/07/2026 3:07:03,14.069
####,08/07/2026 3:22:03,14.144
####,08/07/2026 3:37:03,14.187
####,08/07/2026 3:52:03,14.144
####,08/07/2026 4:07:03,14.036
####,08/07/2026 4:22:03,13.951
####,08/07/2026 4:37:03,13.865
####,08/07/2026 4:52:03,13.811
####,08/07/2026 5:07:03,13.758
####,08/07/2026 5:22:03,13.693
####,08/07/2026 5:37:03,13.618
####,08/07/2026 5:52:03,13.468
####,08/07/2026 6:07:03,13.457
####,08/07/2026 6:22:03,13.382
####,08/07/2026 6:37:03,13.382
####,08/07/2026 6:52:03,13.371
####,08/07/2026 7:07:03,13.382
####,08/07/2026 7:22:03,13.404
####,08/07/2026 7:37:03,13.468
####,08/07/2026 7:52:03,13.64
####,08/07/2026 8:07:03,13.822
####,08/07/2026 8:22:03,14.476
####,08/07/2026 8:37:03,14.969
####,08/07/2026 8:52:03,15.377
####,08/07/2026 9:07:03,15.752
####,08/07/2026 9:22:03,16.321
####,08/07/2026 9:37:03,16.889
####,08/07/2026 9:52:03,17.661
####,08/07/2026 10:07:03,17.726
####,08/07/2026 10:22:03,19.292
####,08/07/2026 10:37:03,17.93
####,08/07/2026 10:52:03,16.921
####,08/07/2026 11:07:03,16.61
####,08/07/2026 11:22:03,16.342
####,08/07/2026 11:37:03,16.053
####,08/07/2026 11:52:03,15.945
####,08/07/2026 12:07:03,15.881
####,08/07/2026 12:22:03,15.849
####,08/07/2026 12:37:03,15.87
####,08/07/2026 12:52:03,15.827
####,08/07/2026 13:07:03,15.881
####,08/07/2026 13:22:03,15.731
####,08/07/2026 13:37:03,15.763
####,08/07/2026 13:52:03,15.817
####,08/07/2026 14:07:03,15.827
####,08/07/2026 14:22:03,15.817
####,08/07/2026 14:37:03,15.827
####,08/07/2026 14:52:03,15.913
####,08/07/2026 15:07:03,15.956
####,08/07/2026 15:22:03,16.053
####,08/07/2026 15:37:03,16.085
####,08/07/2026 15:52:03,16.138
####,08/07/2026 16:07:03,16.224
####,08/07/2026 16:22:03,16.117
####,08/07/2026 16:37:03,16.074
####,08/07/2026 16:52:03,16.138
####,08/07/2026 17:07:03,16.396
####,08/07/2026 17:22:03,16.428
####,08/07/2026 17:37:03,16.235
####,08/07/2026 17:52:03,16.224
####,08/07/2026 18:07:03,16.203
####,08/07/2026 18:22:03,16.106
####,08/07/2026 18:37:03,16.063
####,08/07/2026 18:52:03,16.053
####,08/07/2026 19:07:03,16.085
####,08/07/2026 19:22:03,16.074
####,08/07/2026 19:37:03,16.074
####,08/07/2026 19:52:03,16.053
####,08/07/2026 20:07:03,15.999
####,08/07/2026 20:22:03,15.967
####,08/07/2026 20:37:03,15.945
####,08/07/2026 20:52:03,15.935
####,08/07/2026 21:07:03,15.935
####,08/07/2026 21:22:03,15.956
####,08/07/2026 21:37:03,15.978
####,08/07/2026 21:52:03,15.999
####,08/07/2026 22:07:03,16.01
####,08/07/2026 22:22:03,15.999
####,08/07/2026 22:37:03,15.988
####,08/07/2026 22:52:03,15.967
####,08/07/2026 23:07:03,15.945
####,08/07/2026 23:22:03,15.935
####,08/07/2026 23:37:03,15.924
####,08/07/2026 23:52:03,15.913
####,08/08/2026 0:07:03,15.913
####,08/08/2026 0:22:03,15.913
####,08/08/2026 0:37:03,15.913
####,08/08/2026 0:52:03,15.924
####,08/08/2026 1:07:03,15.935
####,08/08/2026 1:22:03,15.956
####,08/08/2026 1:37:03,15.956
####,08/08/2026 1:52:03,15.967
####,08/08/2026 2:07:03,15.967
####,08/08/2026 2:22:03,15.935
####,08/08/2026 2:37:03,15.903
####,08/08/2026 2:52:03,15.881
####,08/08/2026 3:07:03,15.86
####,08/08/2026 3:22:03,15.677
####,08/08/2026 3:37:03,15.216
####,08/08/2026 3:52:03,15.034
####,08/08/2026 4:07:03,14.841
####,08/08/2026 4:22:03,14.669
####,08/08/2026 4:37:03,14.519
####,08/08/2026 4:52:03,14.401
####,08/08/2026 5:07:03,14.305
####,08/08/2026 5:22:03,14.229
####,08/08/2026 5:37:03,14.208
####,08/08/2026 5:52:03,14.122
####,08/08/2026 6:07:03,14.101
####,08/08/2026 6:22:03,14.101
####,08/08/2026 6:37:03,14.101
####,08/08/2026 6:52:03,14.144
####,08/08/2026 7:07:03,14.208
####,08/08/2026 7:22:03,14.369
####,08/08/2026 7:37:03,14.465
####,08/08/2026 7:52:03,14.648
####,08/08/2026 8:07:03,15.109
####,08/08/2026 8:22:03,15.27
####,08/08/2026 8:37:03,15.452
####,08/08/2026 8:52:03,15.742
####,08/08/2026 9:07:03,16.299
####,08/08/2026 9:22:03,16.342
####,08/08/2026 9:37:03,16.803
####,08/08/2026 9:52:03,17.007
####,08/08/2026 10:07:03,17.232
####,08/08/2026 10:22:03,17.254
####,08/08/2026 10:37:03,17.801
####,08/08/2026 10:52:03,18.648
####,08/08/2026 11:07:03,19.302
####,08/08/2026 11:22:03,20.461
####,08/08/2026 11:37:03,19.764
####,08/08/2026 11:52:03,18.82
####,08/08/2026 12:07:03,18.487
####,08/08/2026 12:22:03,18.294
####,08/08/2026 12:37:03,18.026
####,08/08/2026 12:52:03,17.919
####,08/08/2026 13:07:03,17.865
####,08/08/2026 13:22:03,17.608
####,08/08/2026 13:37:03,17.297
####,08/08/2026 13:52:03,17.2
####,08/08/2026 14:07:03,17.254
####,08/08/2026 14:22:03,17.254
####,08/08/2026 14:37:03,17.179
####,08/08/2026 14:52:03,17.072
####,08/08/2026 15:07:03,17.061
####,08/08/2026 15:22:03,16.975
####,08/08/2026 15:37:03,16.964
####,08/08/2026 15:52:03,16.997
####,08/08/2026 16:07:03,16.889
####,08/08/2026 16:22:03,16.836
####,08/08/2026 16:37:03,16.879
####,08/08/2026 16:52:03,16.921
####,08/08/2026 17:07:03,16.964
####,08/08/2026 17:22:03,16.975
####,08/08/2026 17:37:03,16.932
####,08/08/2026 17:52:03,16.921
####,08/08/2026 18:07:03,16.921
####,08/08/2026 18:22:03,16.825
####,08/08/2026 18:37:03,16.482
####,08/08/2026 18:52:03,16.396
####,08/08/2026 19:07:03,16.374
####,08/08/2026 19:22:03,16.385
####,08/08/2026 19:37:03,16.385
####,08/08/2026 19:52:03,16.085
####,08/08/2026 20:07:03,15.752
####,08/08/2026 20:22:03,15.656
####,08/08/2026 20:37:03,15.624
####,08/08/2026 20:52:03,15.538
####,08/08/2026 21:07:03,15.42
####,08/08/2026 21:22:03,15.28
####,08/08/2026 21:37:03,15.27
####,08/08/2026 21:52:03,15.313
####,08/08/2026 22:07:03,15.345
####,08/08/2026 22:22:03,15.42
####,08/08/2026 22:37:03,15.474
####,08/08/2026 22:52:03,15.527
####,08/08/2026 23:07:03,15.538
####,08/08/2026 23:22:03,15.57
####,08/08/2026 23:37:03,15.581
####,08/08/2026 23:52:03,15.57
####,08/09/2026 0:07:03,15.581
####,08/09/2026 0:22:03,15.452
####,08/09/2026 0:37:03,15.184
####,08/09/2026 0:52:03,14.991
####,08/09/2026 1:07:03,14.841
####,08/09/2026 1:22:03,14.691
####,08/09/2026 1:37:03,14.605
####,08/09/2026 1:52:03,14.551
####,08/09/2026 2:07:03,14.583
####,08/09/2026 2:22:03,14.68
####,08/09/2026 2:37:03,14.927
####,08/09/2026 2:52:03,15.109
####,08/09/2026 3:07:03,15.291
####,08/09/2026 3:22:03,15.398
####,08/09/2026 3:37:03,15.484
####,08/09/2026 3:52:03,15.581
####,08/09/2026 4:07:03,15.624
####,08/09/2026 4:22:03,15.248
####,08/09/2026 4:37:03,14.905
####,08/09/2026 4:52:03,14.669
####,08/09/2026 5:07:03,14.476
####,08/09/2026 5:22:03,14.294
####,08/09/2026 5:37:03,14.154
####,08/09/2026 5:52:03,13.972
####,08/09/2026 6:07:03,13.833
####,08/09/2026 6:22:03,13.715
####,08/09/2026 6:37:03,13.661
####,08/09/2026 6:52:03,13.618
####,08/09/2026 7:07:03,13.586
####,08/09/2026 7:22:03,13.575
####,08/09/2026 7:37:03,13.607
####,08/09/2026 7:52:03,13.629
####,08/09/2026 8:07:03,13.747
####,08/09/2026 8:22:03,14.39
####,08/09/2026 8:37:03,14.969
####,08/09/2026 8:52:03,15.763
####,08/09/2026 9:07:03,16.718
####,08/09/2026 9:22:03,17.018
####,08/09/2026 9:37:03,17.661
####,08/09/2026 9:52:03,18.294
####,08/09/2026 10:07:03,18.959
####,08/09/2026 10:22:03,18.734
####,08/09/2026 10:37:03,18.916
####,08/09/2026 10:52:03,19.538
####,08/09/2026 11:07:03,20.118
####,08/09/2026 11:22:03,20.3
####,08/09/2026 11:37:03,20.407
####,08/09/2026 11:52:03,21.415
####,08/09/2026 12:07:03,22.466
####,08/09/2026 12:22:03,23.335
####,08/09/2026 12:37:03,21.834
####,08/09/2026 12:52:03,20.364
####,08/09/2026 13:07:03,19.71
####,08/09/2026 13:22:03,19.184
####,08/09/2026 13:37:03,18.82
####,08/09/2026 13:52:03,18.498
####,08/09/2026 14:07:03,18.326
####,08/09/2026 14:22:03,18.123
####,08/09/2026 14:37:03,17.833
####,08/09/2026 14:52:03,17.565
####,08/09/2026 15:07:03,17.308
####,08/09/2026 15:22:03,16.739
####,08/09/2026 15:37:03,16.6
####,08/09/2026 15:52:03,16.514
####,08/09/2026 16:07:03,16.471
####,08/09/2026 16:22:03,16.482
####,08/09/2026 16:37:03,16.525
####,08/09/2026 16:52:03,16.514
####,08/09/2026 17:07:03,16.299
####,08/09/2026 17:22:03,15.624
####,08/09/2026 17:37:03,15.023
####,08/09/2026 17:52:03,14.787
####,08/09/2026 18:07:03,14.626
####,08/09/2026 18:22:03,14.562
####,08/09/2026 18:37:03,14.53
####,08/09/2026 18:52:03,14.616
####,08/09/2026 19:07:03,14.712
####,08/09/2026 19:22:03,14.755
####,08/09/2026 19:37:03,14.798
####,08/09/2026 19:52:03,14.809
####,08/09/2026 20:07:03,14.841
####,08/09/2026 20:22:03,14.884
####,08/09/2026 20:37:03,14.948
####,08/09/2026 20:52:03,15.045
####,08/09/2026 21:07:03,15.012
####,08/09/2026 21:22:03,14.755
####,08/09/2026 21:37:03,14.68
####,08/09/2026 21:52:03,14.701
####,08/09/2026 22:07:03,14.755
####,08/09/2026 22:22:03,14.701
####,08/09/2026 22:37:03,14.701
####,08/09/2026 22:52:03,14.723
####,08/09/2026 23:07:03,14.744
####,08/09/2026 23:22:03,14.701
####,08/09/2026 23:37:03,14.594
####,08/09/2026 23:52:03,14.54
####,08/10/2026 0:07:03,14.476
####,08/10/2026 0:22:03,14.455
####,08/10/2026 0:37:03,14.455
####,08/10/2026 0:52:03,14.444
####,08/10/2026 1:07:03,14.455
####,08/10/2026 1:22:03,14.476
####,08/10/2026 1:37:03,14.476
####,08/10/2026 1:52:03,14.476
####,08/10/2026 2:07:03,14.476
####,08/10/2026 2:22:03,14.476
####,08/10/2026 2:37:03,14.476
####,08/10/2026 2:52:03,14.476
####,08/10/2026 3:07:03,14.498
####,08/10/2026 3:22:03,14.519
####,08/10/2026 3:37:03,14.562
####,08/10/2026 3:52:03,14.626
####,08/10/2026 4:07:03,14.68
####,08/10/2026 4:22:03,14.723
####,08/10/2026 4:37:03,14.744
####,08/10/2026 4:52:03,14.787
####,08/10/2026 5:07:03,14.819
####,08/10/2026 5:22:03,14.487
####,08/10/2026 5:37:03,14.154
####,08/10/2026 5:52:03,13.843
####,08/10/2026 6:07:03,13.64
####,08/10/2026 6:22:03,13.446
####,08/10/2026 6:37:03,13.318
####,08/10/2026 6:52:03,13.221
####,08/10/2026 7:07:03,13.178
####,08/10/2026 7:22:03,13.146
####,08/10/2026 7:37:03,13.232
####,08/10/2026 7:52:03,13.275
####,08/10/2026 8:07:03,13.468
####,08/10/2026 8:22:03,14.229
####,08/10/2026 8:37:03,15.12
####,08/10/2026 8:52:03,15.699
####,08/10/2026 9:07:03,16.546
####,08/10/2026 9:22:03,17.232
####,08/10/2026 9:37:03,17.865
####,08/10/2026 9:52:03,18.401
####,08/10/2026 10:07:03,19.195
####,08/10/2026 10:22:03,19.571
####,08/10/2026 10:37:03,20.257
####,08/10/2026 10:52:03,20.568
####,08/10/2026 11:07:03,20.858
####,08/10/2026 11:22:03,21.576
####,08/10/2026 11:37:03,22.348
####,08/10/2026 11:52:03,22.209
####,08/10/2026 12:07:03,22.08
####,08/10/2026 12:22:03,22.777
####,08/10/2026 12:37:03,23.024
####,08/10/2026 12:52:03,23.914
####,08/10/2026 13:07:03,23.646
####,08/10/2026 13:22:03,24.933
####,08/10/2026 13:37:03,22.123
####,08/10/2026 13:52:03,20.718
####,08/10/2026 14:07:03,20.107
####,08/10/2026 14:22:03,19.581
####,08/10/2026 14:37:03,18.595
####,08/10/2026 14:52:03,17.908
####,08/10/2026 15:07:03,17.372
####,08/10/2026 15:22:03,16.696
####,08/10/2026 15:37:03,16.224
####,08/10/2026 15:52:03,15.463
####,08/10/2026 16:07:03,15.163
####,08/10/2026 16:22:03,15.13
####,08/10/2026 16:37:03,15.163
####,08/10/2026 16:52:03,15.431
####,08/10/2026 17:07:03,16.042
####,08/10/2026 17:22:03,15.731
####,08/10/2026 17:37:03,15.152
####,08/10/2026 17:52:03,14.873
####,08/10/2026 18:07:03,14.583
####,08/10/2026 18:22:03,14.39
####,08/10/2026 18:37:03,14.294
####,08/10/2026 18:52:03,14.294
####,08/10/2026 19:07:03,14.251
####,08/10/2026 19:22:03,14.208
####,08/10/2026 19:37:03,14.219
####,08/10/2026 19:52:03,14.219
####,08/10/2026 20:07:03,14.208
####,08/10/2026 20:22:03,14.24
####,08/10/2026 20:37:03,14.229
####,08/10/2026 20:52:03,14.197
####,08/10/2026 21:07:03,14.219
####,08/10/2026 21:22:03,14.347
####,08/10/2026 21:37:03,14.476
####,08/10/2026 21:52:03,14.583
####,08/10/2026 22:07:03,14.712
####,08/10/2026 22:22:03,14.862
####,08/10/2026 22:37:03,14.937
####,08/10/2026 22:52:03,14.991
####,08/10/2026 23:07:03,14.98
####,08/10/2026 23:22:03,14.755
####,08/10/2026 23:37:03,14.551
####,08/10/2026 23:52:03,14.39
####,08/11/2026 0:07:03,14.305
####,08/11/2026 0:22:03,14.187
####,08/11/2026 0:37:03,14.165
####,08/11/2026 0:52:03,14.144
####,08/11/2026 1:07:03,14.101
####,08/11/2026 1:22:03,14.079
####,08/11/2026 1:37:03,14.036
####,08/11/2026 1:52:03,14.036
####,08/11/2026 2:07:03,14.058
####,08/11/2026 2:22:03,14.069
####,08/11/2026 2:37:03,14.047
####,08/11/2026 2:52:03,14.036
####,08/11/2026 3:07:03,14.047
####,08/11/2026 3:22:03,14.047
####,08/11/2026 3:37:03,14.058
####,08/11/2026 3:52:03,14.047
####,08/11/2026 4:07:03,14.047
####,08/11/2026 4:22:03,14.069
####,08/11/2026 4:37:03,14.079
####,08/11/2026 4:52:03,14.101
####,08/11/2026 5:07:03,14.154
####,08/11/2026 5:22:03,14.187
####,08/11/2026 5:37:03,14.262
####,08/11/2026 5:52:03,14.358
####,08/11/2026 6:07:03,14.444
####,08/11/2026 6:22:03,14.122
####,08/11/2026 6:37:03,13.79
####,08/11/2026 6:52:03,13.607
####,08/11/2026 7:07:03,13.489
####,08/11/2026 7:22:03,13.404
####,08/11/2026 7:37:03,13.393
####,08/11/2026 7:52:03,13.457
####,08/11/2026 8:07:03,13.607
####,08/11/2026 8:22:03,14.283
####,08/11/2026 8:37:03,15.002
####,08/11/2026 8:52:03,15.763
####,08/11/2026 9:07:03,16.578
####,08/11/2026 9:22:03,17.157
####,08/11/2026 9:37:03,17.93
####,08/11/2026 9:52:03,18.605
####,08/11/2026 10:07:03,19.281
####,08/11/2026 10:22:03,19.828
####,08/11/2026 10:37:03,20.343
####,08/11/2026 10:52:03,20.858
####,08/11/2026 11:07:03,21.287
####,08/11/2026 11:22:03,21.898
####,08/11/2026 11:37:03,22.466
####,08/11/2026 11:52:03,22.756
####,08/11/2026 12:07:03,22.97
####,08/11/2026 12:22:03,23.185
####,08/11/2026 12:37:03,23.539
####,08/11/2026 12:52:03,23.818
####,08/11/2026 13:07:03,24.021
####,08/11/2026 13:22:03,24.257
####,08/11/2026 13:37:03,24.515
####,08/11/2026 13:52:03,25.04
####,08/11/2026 14:07:03,25.791
####,08/11/2026 14:22:03,23.185
####,08/11/2026 14:37:03,20.396
####,08/11/2026 14:52:03,19.077
####,08/11/2026 15:07:03,18.423
####,08/11/2026 15:22:03,17.597
####,08/11/2026 15:37:03,17.404
####,08/11/2026 15:52:03,17.05
####,08/11/2026 16:07:03,16.836
####,08/11/2026 16:22:03,16.396
####,08/11/2026 16:37:03,16.428
####,08/11/2026 16:52:03,16.61
####,08/11/2026 17:07:03,16.825
####,08/11/2026 17:22:03,16.921
####,08/11/2026 17:37:03,16.975
####,08/11/2026 17:52:03,16.771
####,08/11/2026 18:07:03,16.16
####,08/11/2026 18:22:03,15.924
####,08/11/2026 18:37:03,15.924
####,08/11/2026 18:52:03,15.527
####,08/11/2026 19:07:03,14.894
####,08/11/2026 19:22:03,14.594
####,08/11/2026 19:37:03,14.39
####,08/11/2026 19:52:03,14.476
####,08/11/2026 20:07:03,14.401
####,08/11/2026 20:22:03,14.24
####,08/11/2026 20:37:03,14.272
####,08/11/2026 20:52:03,14.165
####,08/11/2026 21:07:03,14.165
####,08/11/2026 21:22:03,14.133
####,08/11/2026 21:37:03,14.229
####,08/11/2026 21:52:03,14.272
####,08/11/2026 22:07:03,14.401
####,08/11/2026 22:22:03,14.594
####,08/11/2026 22:37:03,14.83
####,08/11/2026 22:52:03,15.023
####,08/11/2026 23:07:03,15.152
####,08/11/2026 23:22:03,15.248
####,08/11/2026 23:37:03,15.323
####,08/11/2026 23:52:03,15.345
####,08/12/2026 0:07:03,15.334
####,08/12/2026 0:22:03,15.345
####,08/12/2026 0:37:03,15.345
####,08/12/2026 0:52:03,15.356
####,08/12/2026 1:07:03,15.28
####,08/12/2026 1:22:03,15.173
####,08/12/2026 1:37:03,15.109
####,08/12/2026 1:52:03,15.045
####,08/12/2026 2:07:03,15.012
####,08/12/2026 2:22:03,14.969
####,08/12/2026 2:37:03,14.937
####,08/12/2026 2:52:03,14.894
####,08/12/2026 3:07:03,14.723
####,08/12/2026 3:22:03,14.594
####,08/12/2026 3:37:03,14.476
####,08/12/2026 3:52:03,14.39
####,08/12/2026 4:07:03,14.358
####,08/12/2026 4:22:03,14.401
####,08/12/2026 4:37:03,14.465
####,08/12/2026 4:52:03,14.498
####,08/12/2026 5:07:03,14.53
####,08/12/2026 5:22:03,14.562
####,08/12/2026 5:37:03,14.594
####,08/12/2026 5:52:03,14.637
####,08/12/2026 6:07:03,14.669
####,08/12/2026 6:22:03,14.734
####,08/12/2026 6:37:03,14.819
####,08/12/2026 6:52:03,14.937
####,08/12/2026 7:07:03,15.13
####,08/12/2026 7:22:03,15.409
####,08/12/2026 7:37:03,15.538
####,08/12/2026 7:52:03,15.699
####,08/12/2026 8:07:03,15.827
####,08/12/2026 8:22:03,16.149
####,08/12/2026 8:37:03,16.235
####,08/12/2026 8:52:03,16.353
####,08/12/2026 9:07:03,16.503
####,08/12/2026 9:22:03,16.75
####,08/12/2026 9:37:03,16.943
####,08/12/2026 9:52:03,17.254
####,08/12/2026 10:07:03,17.779
####,08/12/2026 10:22:03,18.509
####,08/12/2026 10:37:03,18.959
####,08/12/2026 10:52:03,19.603
####,08/12/2026 11:07:03,20
####,08/12/2026 11:22:03,20.461
####,08/12/2026 11:37:03,20.847
####,08/12/2026 11:52:03,21.297
####,08/12/2026 12:07:03,21.608
####,08/12/2026 12:22:03,22.187
####,08/12/2026 12:37:03,22.488
####,08/12/2026 12:52:03,22.992
####,08/12/2026 13:07:03,23.099
####,08/12/2026 13:22:03,23.442
####,08/12/2026 13:37:03,23.26
####,08/12/2026 13:52:03,23.753
####,08/12/2026 14:07:03,23.56
####,08/12/2026 14:22:03,23.764
####,08/12/2026 14:37:03,24.257
####,08/12/2026 14:52:03,25.662
####,08/12/2026 15:07:03,23.335
####,08/12/2026 15:22:03,20.225
####,08/12/2026 15:37:03,18.401
####,08/12/2026 15:52:03,17.393
####,08/12/2026 16:07:03,16.921
####,08/12/2026 16:22:03,16.739
####,08/12/2026 16:37:03,16.857
####,08/12/2026 16:52:03,16.954
####,08/12/2026 17:07:03,16.911
####,08/12/2026 17:22:03,16.696
####,08/12/2026 17:37:03,16.203
####,08/12/2026 17:52:03,16.106
####,08/12/2026 18:07:03,16.031
####,08/12/2026 18:22:03,15.838
####,08/12/2026 18:37:03,15.431
####,08/12/2026 18:52:03,15.248
####,08/12/2026 19:07:03,14.905
####,08/12/2026 19:22:03,14.884
####,08/12/2026 19:37:03,14.819
####,08/12/2026 19:52:03,14.787
####,08/12/2026 20:07:03,14.819
####,08/12/2026 20:22:03,14.734
####,08/12/2026 20:37:03,14.884
####,08/12/2026 20:52:03,15.28
####,08/12/2026 21:07:03,15.581
####,08/12/2026 21:22:03,14.862
####,08/12/2026 21:37:03,14.39
####,08/12/2026 21:52:03,14.165
####,08/12/2026 22:07:03,14.122
####,08/12/2026 22:22:03,14.219
####,08/12/2026 22:37:03,14.433
####,08/12/2026 22:52:03,14.701
####,08/12/2026 23:07:03,14.991
####,08/12/2026 23:22:03,15.238
####,08/12/2026 23:37:03,15.388
####,08/12/2026 23:52:03,15.527
####,08/13/2026 0:07:03,15.645
####,08/13/2026 0:22:03,15.699
####,08/13/2026 0:37:03,15.677
####,08/13/2026 0:52:03,15.592
####,08/13/2026 1:07:03,15.538
####,08/13/2026 1:22:03,15.474
####,08/13/2026 1:37:03,15.398
####,08/13/2026 1:52:03,15.302
####,08/13/2026 2:07:03,14.991
####,08/13/2026 2:22:03,14.873
####,08/13/2026 2:37:03,14.851
####,08/13/2026 2:52:03,14.626
####,08/13/2026 3:07:03,14.412
####,08/13/2026 3:22:03,14.262
####,08/13/2026 3:37:03,14.251
####,08/13/2026 3:52:03,14.187
####,08/13/2026 4:07:03,14.165
####,08/13/2026 4:22:03,14.101
####,08/13/2026 4:37:03,14.004
####,08/13/2026 4:52:03,13.951
####,08/13/2026 5:07:03,13.961
####,08/13/2026 5:22:03,13.94
####,08/13/2026 5:37:03,13.865
####,08/13/2026 5:52:03,13.854
####,08/13/2026 6:07:03,13.876
####,08/13/2026 6:22:03,13.876
####,08/13/2026 6:37:03,13.918
####,08/13/2026 6:52:03,14.047
####,08/13/2026 7:07:03,14.24
####,08/13/2026 7:22:03,14.422
####,08/13/2026 7:37:03,14.562
####,08/13/2026 7:52:03,14.648
####,08/13/2026 8:07:03,14.734
####,08/13/2026 8:22:03,15.163
####,08/13/2026 8:37:03,15.57
####,08/13/2026 8:52:03,15.967
####,08/13/2026 9:07:03,16.342
####,08/13/2026 9:22:03,16.782
####,08/13/2026 9:37:03,17.2
####,08/13/2026 9:52:03,17.543
####,08/13/2026 10:07:03,17.865
####,08/13/2026 10:22:03,18.026
####,08/13/2026 10:37:03,18.316
####,08/13/2026 10:52:03,18.734
####,08/13/2026 11:07:03,19.077
####,08/13/2026 11:22:03,19.42
####,08/13/2026 11:37:03,19.538
####,08/13/2026 11:52:03,19.903
####,08/13/2026 12:07:03,20.193
####,08/13/2026 12:22:03,20.643
####,08/13/2026 12:37:03,20.89
####,08/13/2026 12:52:03,21.265
####,08/13/2026 13:07:03,21.437
####,08/13/2026 13:22:03,21.758
####,08/13/2026 13:37:03,22.037
####,08/13/2026 13:52:03,22.123
####,08/13/2026 14:07:03,22.423
####,08/13/2026 14:22:03,22.788
####,08/13/2026 14:37:03,23.035
####,08/13/2026 14:52:03,23.292
####,08/13/2026 15:07:03,24.601
####,08/13/2026 15:22:03,23.185
####,08/13/2026 15:37:03,20.504
####,08/13/2026 15:52:03,18.991
####,08/13/2026 16:07:03,17.779
####,08/13/2026 16:22:03,17.018
####,08/13/2026 16:37:03,16.632
####,08/13/2026 16:52:03,16.342
####,08/13/2026 17:07:03,16.643
####,08/13/2026 17:22:03,16.803
####,08/13/2026 17:37:03,16.964
####,08/13/2026 17:52:03,16.803
####,08/13/2026 18:07:03,16.61
####,08/13/2026 18:22:03,16.482
####,08/13/2026 18:37:03,16.106
####,08/13/2026 18:52:03,15.849
####,08/13/2026 19:07:03,15.484
####,08/13/2026 19:22:03,15.002
####,08/13/2026 19:37:03,14.648
####,08/13/2026 19:52:03,14.369
####,08/13/2026 20:07:03,14.498
####,08/13/2026 20:22:03,14.358
####,08/13/2026 20:37:03,14.208
####,08/13/2026 20:52:03,14.122
####,08/13/2026 21:07:03,14.101
####,08/13/2026 21:22:03,14.122
####,08/13/2026 21:37:03,14.069
####,08/13/2026 21:52:03,13.94
####,08/13/2026 22:07:03,13.8
####,08/13/2026 22:22:03,14.004
####,08/13/2026 22:37:03,14.701
####,08/13/2026 22:52:03,15.334
####,08/13/2026 23:07:03,15.742
####,08/13/2026 23:22:03,15.892
####,08/13/2026 23:37:03,15.763
####,08/13/2026 23:52:03,15.592
####,08/14/2026 0:07:03,15.441
####,08/14/2026 0:22:03,15.302
####,08/14/2026 0:37:03,15.216
####,08/14/2026 0:52:03,15.173
####,08/14/2026 1:07:03,15.109
####,08/14/2026 1:22:03,15.034
####,08/14/2026 1:37:03,15.023
####,08/14/2026 1:52:03,15.002
####,08/14/2026 2:07:03,15.012
####,08/14/2026 2:22:03,15.002
####,08/14/2026 2:37:03,15.023
####,08/14/2026 2:52:03,15.023
####,08/14/2026 3:07:03,15.023
####,08/14/2026 3:22:03,14.969
####,08/14/2026 3:37:03,14.873
####,08/14/2026 3:52:03,14.819
####,08/14/2026 4:07:03,14.712
####,08/14/2026 4:22:03,14.53
####,08/14/2026 4:37:03,14.412
####,08/14/2026 4:52:03,14.347
####,08/14/2026 5:07:03,14.251
####,08/14/2026 5:22:03,14.122
####,08/14/2026 5:37:03,13.972
####,08/14/2026 5:52:03,13.833
####,08/14/2026 6:07:03,13.747
####,08/14/2026 6:22:03,13.661
####,08/14/2026 6:37:03,13.597
####,08/14/2026 6:52:03,13.532
####,08/14/2026 7:07:03,13.511
####,08/14/2026 7:22:03,13.522
####,08/14/2026 7:37:03,13.564
####,08/14/2026 7:52:03,13.64
####,08/14/2026 8:07:03,13.747
####,08/14/2026 8:22:03,13.865
####,08/14/2026 8:37:03,13.951
####,08/14/2026 8:52:03,14.015
####,08/14/2026 9:07:03,14.101
####,08/14/2026 9:22:03,14.605
####,08/14/2026 9:37:03,15.366
####,08/14/2026 9:52:03,15.913
####,08/14/2026 10:07:03,16.16
####,08/14/2026 10:22:03,16.696
####,08/14/2026 10:37:03,17.179
####,08/14/2026 10:52:03,17.822
####,08/14/2026 11:07:03,18.509
####,08/14/2026 11:22:03,18.68
####,08/14/2026 11:37:03,18.648
####,08/14/2026 11:52:03,18.916
####,08/14/2026 12:07:03,19.495
####,08/14/2026 12:22:03,19.731
####,08/14/2026 12:37:03,20.15
####,08/14/2026 12:52:03,20.622
####,08/14/2026 13:07:03,20.622
####,08/14/2026 13:22:03,20.686
####,08/14/2026 13:37:03,20.922
####,08/14/2026 13:52:03,21.49
####,08/14/2026 14:07:03,21.909
####,08/14/2026 14:22:03,21.973
####,08/14/2026 14:37:03,21.952
####,08/14/2026 14:52:03,22.048
####,08/14/2026 15:07:03,22.348
####,08/14/2026 15:22:03,24.622
####,08/14/2026 15:37:03,21.555
####,08/14/2026 15:52:03,19.506
####,08/14/2026 16:07:03,18.605
####,08/14/2026 16:22:03,18.112
####,08/14/2026 16:37:03,17.361
####,08/14/2026 16:52:03,16.803
####,08/14/2026 17:07:03,16.632
####,08/14/2026 17:22:03,16.138
####,08/14/2026 17:37:03,15.817
####,08/14/2026 17:52:03,15.431
####,08/14/2026 18:07:03,14.991
####,08/14/2026 18:22:03,14.744
####,08/14/2026 18:37:03,14.369
####,08/14/2026 18:52:03,14.24
####,08/14/2026 19:07:03,14.229
####,08/14/2026 19:22:03,14.272
####,08/14/2026 19:37:03,14.122
####,08/14/2026 19:52:03,13.983
####,08/14/2026 20:07:03,13.865
####,08/14/2026 20:22:03,13.725
####,08/14/2026 20:37:03,13.64
####,08/14/2026 20:52:03,13.586
####,08/14/2026 21:07:03,13.522
####,08/14/2026 21:22:03,13.5
####,08/14/2026 21:37:03,13.522
####,08/14/2026 21:52:03,13.468
####,08/14/2026 22:07:03,13.5
####,08/14/2026 22:22:03,13.554
####,08/14/2026 22:37:03,13.64
####,08/14/2026 22:52:03,13.811
####,08/14/2026 23:07:03,13.993
####,08/14/2026 23:22:03,14.176
####,08/14/2026 23:37:03,14.326
####,08/14/2026 23:52:03,14.444
####,08/15/2026 0:07:03,14.562
####,08/15/2026 0:22:03,14.616
####,08/15/2026 0:37:03,14.648
####,08/15/2026 0:52:03,14.691
####,08/15/2026 1:07:03,14.712
####,08/15/2026 1:22:03,14.712
####,08/15/2026 1:37:03,14.68
####,08/15/2026 1:52:03,14.658
####,08/15/2026 2:07:03,14.637
####,08/15/2026 2:22:03,14.594
####,08/15/2026 2:37:03,14.551
####,08/15/2026 2:52:03,14.53
####,08/15/2026 3:07:03,14.498
####,08/15/2026 3:22:03,14.444
####,08/15/2026 3:37:03,14.39
####,08/15/2026 3:52:03,14.272
####,08/15/2026 4:07:03,14.208
####,08/15/2026 4:22:03,14.101
####,08/15/2026 4:37:03,14.111
####,08/15/2026 4:52:03,14.079
####,08/15/2026 5:07:03,14.079
####,08/15/2026 5:22:03,13.983
####,08/15/2026 5:37:03,13.983
####,08/15/2026 5:52:03,13.961
####,08/15/2026 6:07:03,13.951
####,08/15/2026 6:22:03,13.94
####,08/15/2026 6:37:03,13.961
####,08/15/2026 6:52:03,13.865
####,08/15/2026 7:07:03,13.758
####,08/15/2026 7:22:03,13.758
####,08/15/2026 7:37:03,13.758
####,08/15/2026 7:52:03,13.779
####,08/15/2026 8:07:03,13.811
####,08/15/2026 8:22:03,13.876
####,08/15/2026 8:37:03,13.951
####,08/15/2026 8:52:03,14.047
####,08/15/2026 9:07:03,14.101
####,08/15/2026 9:22:03,14.208
####,08/15/2026 9:37:03,14.358
####,08/15/2026 9:52:03,14.53
####,08/15/2026 10:07:03,14.798
####,08/15/2026 10:22:03,15.581
####,08/15/2026 10:37:03,15.881
####,08/15/2026 10:52:03,16.45
####,08/15/2026 11:07:03,16.707
####,08/15/2026 11:22:03,16.943
####,08/15/2026 11:37:03,17.383
####,08/15/2026 11:52:03,17.404
####,08/15/2026 12:07:03,17.747
####,08/15/2026 12:22:03,18.241
####,08/15/2026 12:37:03,18.466
####,08/15/2026 12:52:03,18.38
####,08/15/2026 13:07:03,18.187
####,08/15/2026 13:22:03,18.187
####,08/15/2026 13:37:03,18.53
####,08/15/2026 13:52:03,18.981
####,08/15/2026 14:07:03,19.195
####,08/15/2026 14:22:03,19.506
####,08/15/2026 14:37:03,19.742
####,08/15/2026 14:52:03,19.914
####,08/15/2026 15:07:03,20.118
####,08/15/2026 15:22:03,22.413
####,08/15/2026 15:37:03,20.89
####,08/15/2026 15:52:03,19.463
####,08/15/2026 16:07:03,18.562
####,08/15/2026 16:22:03,17.726
####,08/15/2026 16:37:03,17.125
####,08/15/2026 16:52:03,16.664
####,08/15/2026 17:07:03,16.181
####,08/15/2026 17:22:03,15.999
####,08/15/2026 17:37:03,15.699
####,08/15/2026 17:52:03,15.441
####,08/15/2026 18:07:03,15.248
####,08/15/2026 18:22:03,15.087
####,08/15/2026 18:37:03,15.077
####,08/15/2026 18:52:03,14.83
####,08/15/2026 19:07:03,14.755
####,08/15/2026 19:22:03,14.776
####,08/15/2026 19:37:03,14.734
####,08/15/2026 19:52:03,14.701
####,08/15/2026 20:07:03,14.669
####,08/15/2026 20:22:03,14.53
####,08/15/2026 20:37:03,14.305
####,08/15/2026 20:52:03,13.951
####,08/15/2026 21:07:03,13.897
####,08/15/2026 21:22:03,13.8
####,08/15/2026 21:37:03,13.768
####,08/15/2026 21:52:03,13.758
####,08/15/2026 22:07:03,13.725
####,08/15/2026 22:22:03,13.693
####,08/15/2026 22:37:03,13.661
####,08/15/2026 22:52:03,13.715
####,08/15/2026 23:07:03,13.811
####,08/15/2026 23:22:03,13.951
####,08/15/2026 23:37:03,14.09
####,08/15/2026 23:52:03,14.219
####,08/16/2026 0:07:03,14.326
####,08/16/2026 0:22:03,14.444
####,08/16/2026 0:37:03,14.476
####,08/16/2026 0:52:03,14.444
####,08/16/2026 1:07:03,14.401
####,08/16/2026 1:22:03,14.39
####,08/16/2026 1:37:03,14.262
####,08/16/2026 1:52:03,14.036
####,08/16/2026 2:07:03,13.918
####,08/16/2026 2:22:03,13.908
####,08/16/2026 2:37:03,13.725
####,08/16/2026 2:52:03,13.779
####,08/16/2026 3:07:03,13.876
####,08/16/2026 3:22:03,13.972
####,08/16/2026 3:37:03,14.047
####,08/16/2026 3:52:03,14.101
####,08/16/2026 4:07:03,14.154
####,08/16/2026 4:22:03,14.187
####,08/16/2026 4:37:03,14.219
####,08/16/2026 4:52:03,14.24
####,08/16/2026 5:07:03,14.272
####,08/16/2026 5:22:03,14.305
####,08/16/2026 5:37:03,14.326
####,08/16/2026 5:52:03,14.326
####,08/16/2026 6:07:03,14.326
####,08/16/2026 6:22:03,14.326
####,08/16/2026 6:37:03,14.326
####,08/16/2026 6:52:03,14.283
####,08/16/2026 7:07:03,14.262
####,08/16/2026 7:22:03,14.24
####,08/16/2026 7:37:03,14.251
####,08/16/2026 7:52:03,14.272
####,08/16/2026 8:07:03,14.219
####,08/16/2026 8:22:03,14.208
####,08/16/2026 8:37:03,14.219
####,08/16/2026 8:52:03,14.219
####,08/16/2026 9:07:03,14.219
####,08/16/2026 9:22:03,14.24
####,08/16/2026 9:37:03,14.337
####,08/16/2026 9:52:03,14.455
####,08/16/2026 10:07:03,14.573
####,08/16/2026 10:22:03,14.669
####,08/16/2026 10:37:03,14.798
####,08/16/2026 10:52:03,15.002
####,08/16/2026 11:07:03,15.216
####,08/16/2026 11:22:03,15.559
####,08/16/2026 11:37:03,15.978
####,08/16/2026 11:52:03,17.372
####,08/16/2026 12:07:03,17.876
####,08/16/2026 12:22:03,18.562
####,08/16/2026 12:37:03,19.024
####,08/16/2026 12:52:03,18.959
####,08/16/2026 13:07:03,19.528
####,08/16/2026 13:22:03,20.085
####,08/16/2026 13:37:03,20.01
####,08/16/2026 13:52:03,19.731
####,08/16/2026 14:07:03,20.139
####,08/16/2026 14:22:03,20.514
####,08/16/2026 14:37:03,20.793
####,08/16/2026 14:52:03,20.943
####,08/16/2026 15:07:03,22.241
####,08/16/2026 15:22:03,20.418
####,08/16/2026 15:37:03,19.249
####,08/16/2026 15:52:03,18.53
####,08/16/2026 16:07:03,18.38
####,08/16/2026 16:22:03,18.037
####,08/16/2026 16:37:03,17.661
####,08/16/2026 16:52:03,17.35
####,08/16/2026 17:07:03,16.943
####,08/16/2026 17:22:03,16.589
####,08/16/2026 17:37:03,16.342
####,08/16/2026 17:52:03,16.171
####,08/16/2026 18:07:03,16.053
####,08/16/2026 18:22:03,15.903
####,08/16/2026 18:37:03,15.785
####,08/16/2026 18:52:03,15.699
####,08/16/2026 19:07:03,15.42
####,08/16/2026 19:22:03,15.388
####,08/16/2026 19:37:03,15.452
####,08/16/2026 19:52:03,15.484
####,08/16/2026 20:07:03,15.356
####,08/16/2026 20:22:03,15.173
####,08/16/2026 20:37:03,14.873
####,08/16/2026 20:52:03,14.851
####,08/16/2026 21:07:03,14.851
####,08/16/2026 21:22:03,14.873
####,08/16/2026 21:37:03,14.948
####,08/16/2026 21:52:03,15.066
####,08/16/2026 22:07:03,15.141
####,08/16/2026 22:22:03,15.173
####,08/16/2026 22:37:03,15.248
####,08/16/2026 22:52:03,15.398
####,08/16/2026 23:07:03,15.57
####,08/16/2026 23:22:03,15.699
####,08/16/2026 23:37:03,15.785
####,08/16/2026 23:52:03,15.763
####,08/17/2026 0:07:03,15.742
####,08/17/2026 0:22:03,15.742
####,08/17/2026 0:37:03,15.752
####,08/17/2026 0:52:03,15.742
####,08/17/2026 1:07:03,15.463
####,08/17/2026 1:22:03,15.248
####,08/17/2026 1:37:03,15.12
####,08/17/2026 1:52:03,14.98
####,08/17/2026 2:07:03,14.905
####,08/17/2026 2:22:03,14.841
####,08/17/2026 2:37:03,14.787
####,08/17/2026 2:52:03,14.648
####,08/17/2026 3:07:03,14.583
####,08/17/2026 3:22:03,14.508
####,08/17/2026 3:37:03,14.412
####,08/17/2026 3:52:03,14.358
####,08/17/2026 4:07:03,14.358
####,08/17/2026 4:22:03,14.305
####,08/17/2026 4:37:03,14.219
####,08/17/2026 4:52:03,13.725
####,08/17/2026 5:07:03,13.693
####,08/17/2026 5:22:03,13.822
####,08/17/2026 5:37:03,13.918
####,08/17/2026 5:52:03,13.993
####,08/17/2026 6:07:03,14.058
####,08/17/2026 6:22:03,14.165
####,08/17/2026 6:37:03,14.272
####,08/17/2026 6:52:03,14.358
####,08/17/2026 7:07:03,14.444
####,08/17/2026 7:22:03,14.508
####,08/17/2026 7:37:03,14.519
####,08/17/2026 7:52:03,14.53
####,08/17/2026 8:07:03,14.562
####,08/17/2026 8:22:03,14.519
####,08/17/2026 8:37:03,14.562
####,08/17/2026 8:52:03,14.605
####,08/17/2026 9:07:03,14.616
####,08/17/2026 9:22:03,14.648
####,08/17/2026 9:37:03,14.691
####,08/17/2026 9:52:03,14.787
####,08/17/2026 10:07:03,14.851
####,08/17/2026 10:22:03,14.927
####,08/17/2026 10:37:03,14.991
####,08/17/2026 10:52:03,14.991
####,08/17/2026 11:07:03,15.012
####,08/17/2026 11:22:03,14.98
####,08/17/2026 11:37:03,15.087
####,08/17/2026 11:52:03,15.205
####,08/17/2026 12:07:03,15.313
####,08/17/2026 12:22:03,15.452
####,08/17/2026 12:37:03,15.592
####,08/17/2026 12:52:03,15.795
####,08/17/2026 13:07:03,15.999
####,08/17/2026 13:22:03,16.278
####,08/17/2026 13:37:03,16.471
####,08/17/2026 13:52:03,16.696
####,08/17/2026 14:07:03,16.846
####,08/17/2026 14:22:03,17.018
####,08/17/2026 14:37:03,17.093
####,08/17/2026 14:52:03,17.168
####,08/17/2026 15:07:03,17.211
####,08/17/2026 15:22:03,17.232
####,08/17/2026 15:37:03,17.34
####,08/17/2026 15:52:03,17.372
####,08/17/2026 16:07:03,17.318
####,08/17/2026 16:22:03,17.329
####,08/17/2026 16:37:03,17.265
####,08/17/2026 16:52:03,17.147
####,08/17/2026 17:07:03,17.007
####,08/17/2026 17:22:03,16.782
####,08/17/2026 17:37:03,16.568
####,08/17/2026 17:52:03,16.374
####,08/17/2026 18:07:03,16.203
####,08/17/2026 18:22:03,16.138
####,08/17/2026 18:37:03,16.117
####,08/17/2026 18:52:03,16.042
####,08/17/2026 19:07:03,15.913
####,08/17/2026 19:22:03,15.903
####,08/17/2026 19:37:03,15.913
####,08/17/2026 19:52:03,15.935
####,08/17/2026 20:07:03,15.935
####,08/17/2026 20:22:03,15.881
####,08/17/2026 20:37:03,15.742
####,08/17/2026 20:52:03,15.624
####,08/17/2026 21:07:03,15.581
####,08/17/2026 21:22:03,15.549
####,08/17/2026 21:37:03,15.484
####,08/17/2026 21:52:03,15.291
####,08/17/2026 22:07:03,15.13
####,08/17/2026 22:22:03,14.905
####,08/17/2026 22:37:03,14.787
####,08/17/2026 22:52:03,14.734
####,08/17/2026 23:07:03,14.648
####,08/17/2026 23:22:03,14.519
####,08/17/2026 23:37:03,14.476
####,08/17/2026 23:52:03,14.573
####,08/18/2026 0:07:03,14.841
####,08/18/2026 0:22:03,15.184
####,08/18/2026 0:37:03,15.42
####,08/18/2026 0:52:03,15.581
####,08/18/2026 1:07:03,15.667
####,08/18/2026 1:22:03,15.484
####,08/18/2026 1:37:03,15.205
####,08/18/2026 1:52:03,14.927
####,08/18/2026 2:07:03,14.862
####,08/18/2026 2:22:03,14.819
####,08/18/2026 2:37:03,14.819
####,08/18/2026 2:52:03,14.744
####,08/18/2026 3:07:03,14.701
####,08/18/2026 3:22:03,14.616
####,08/18/2026 3:37:03,14.53
####,08/18/2026 3:52:03,14.144
####,08/18/2026 4:07:03,14.187
####,08/18/2026 4:22:03,14.219
####,08/18/2026 4:37:03,14.187
####,08/18/2026 4:52:03,14.154
####,08/18/2026 5:07:03,14.133
####,08/18/2026 5:22:03,14.069
####,08/18/2026 5:37:03,14.004
####,08/18/2026 5:52:03,13.876
####,08/18/2026 6:07:03,13.865
####,08/18/2026 6:22:03,13.918
####,08/18/2026 6:37:03,13.06
####,08/18/2026 6:52:03,13.232
####,08/18/2026 7:07:03,13.479
####,08/18/2026 7:22:03,13.693
####,08/18/2026 7:37:03,13.876
####,08/18/2026 7:52:03,14.036
####,08/18/2026 8:07:03,14.154
####,08/18/2026 8:22:03,14.283
####,08/18/2026 8:37:03,14.444
####,08/18/2026 8:52:03,14.573
####,08/18/2026 9:07:03,14.744
####,08/18/2026 9:22:03,14.798
####,08/18/2026 9:37:03,14.841
####,08/18/2026 9:52:03,14.894
####,08/18/2026 10:07:03,14.959
####,08/18/2026 10:22:03,14.959
####,08/18/2026 10:37:03,15.002
####,08/18/2026 10:52:03,14.969
####,08/18/2026 11:07:03,15.109
####,08/18/2026 11:22:03,15.238
####,08/18/2026 11:37:03,15.42
####,08/18/2026 11:52:03,15.538
####,08/18/2026 12:07:03,15.624
####,08/18/2026 12:22:03,15.72
####,08/18/2026 12:37:03,15.86
####,08/18/2026 12:52:03,15.806
####,08/18/2026 13:07:03,15.849
####,08/18/2026 13:22:03,16.149
####,08/18/2026 13:37:03,16.364
####,08/18/2026 13:52:03,16.46
####,08/18/2026 14:07:03,16.514
####,08/18/2026 14:22:03,16.589
####,08/18/2026 14:37:03,16.675
####,08/18/2026 14:52:03,16.803
####,08/18/2026 15:07:03,16.868
####,08/18/2026 15:22:03,16.943
####,08/18/2026 15:37:03,16.954
####,08/18/2026 15:52:03,17.039
####,08/18/2026 16:07:03,17.082
####,08/18/2026 16:22:03,17.125
####,08/18/2026 16:37:03,17.125
####,08/18/2026 16:52:03,17.039
####,08/18/2026 17:07:03,16.932
####,08/18/2026 17:22:03,16.814
####,08/18/2026 17:37:03,16.696
####,08/18/2026 17:52:03,16.568
####,08/18/2026 18:07:03,16.46
####,08/18/2026 18:22:03,16.321
####,08/18/2026 18:37:03,16.224
####,08/18/2026 18:52:03,16.203
####,08/18/2026 19:07:03,16.203
####,08/18/2026 19:22:03,16.171
####,08/18/2026 19:37:03,16.138
####,08/18/2026 19:52:03,16.128
####,08/18/2026 20:07:03,16.106
####,08/18/2026 20:22:03,16.117
####,08/18/2026 20:37:03,16.117
####,08/18/2026 20:52:03,16.106
####,08/18/2026 21:07:03,16.063
####,08/18/2026 21:22:03,15.999
####,08/18/2026 21:37:03,15.913
####,08/18/2026 21:52:03,15.838
####,08/18/2026 22:07:03,15.677
####,08/18/2026 22:22:03,15.559
####,08/18/2026 22:37:03,15.452
####,08/18/2026 22:52:03,15.291
####,08/18/2026 23:07:03,15.184
####,08/18/2026 23:22:03,15.163
####,08/18/2026 23:37:03,15.141
####,08/18/2026 23:52:03,15.066
####,08/19/2026 0:07:03,15.163
####,08/19/2026 0:22:03,15.259
####,08/19/2026 0:37:03,15.356
####,08/19/2026 0:52:03,15.42
####,08/19/2026 1:07:03,15.484
####,08/19/2026 1:22:03,15.527
####,08/19/2026 1:37:03,15.549
####,08/19/2026 1:52:03,15.28
####,08/19/2026 2:07:03,15.045
####,08/19/2026 2:22:03,14.862
####,08/19/2026 2:37:03,14.937
####,08/19/2026 2:52:03,14.916
####,08/19/2026 3:07:03,14.734
####,08/19/2026 3:22:03,14.626
####,08/19/2026 3:37:03,14.53
####,08/19/2026 3:52:03,14.487
####,08/19/2026 4:07:03,14.412
####,08/19/2026 4:22:03,14.305
####,08/19/2026 4:37:03,14.262
####,08/19/2026 4:52:03,14.24
####,08/19/2026 5:07:03,14.176
####,08/19/2026 5:22:03,14.101
####,08/19/2026 5:37:03,14.036
####,08/19/2026 5:52:03,14.015
####,08/19/2026 6:07:03,13.94
####,08/19/2026 6:22:03,13.929
####,08/19/2026 6:37:03,13.908
####,08/19/2026 6:52:03,13.972
####,08/19/2026 7:07:03,14.058
####,08/19/2026 7:22:03,14.133
####,08/19/2026 7:37:03,14.219
####,08/19/2026 7:52:03,14.101
####,08/19/2026 8:07:03,14.337
####,08/19/2026 8:22:03,14.519
####,08/19/2026 8:37:03,14.701
####,08/19/2026 8:52:03,14.862
####,08/19/2026 9:07:03,15.023
####,08/19/2026 9:22:03,15.087
####,08/19/2026 9:37:03,15.141
####,08/19/2026 9:52:03,15.184
####,08/19/2026 10:07:03,15.42
####,08/19/2026 10:22:03,15.506
####,08/19/2026 10:37:03,15.634
####,08/19/2026 10:52:03,15.656
####,08/19/2026 11:07:03,15.656
####,08/19/2026 11:22:03,15.709
####,08/19/2026 11:37:03,15.388
####,08/19/2026 11:52:03,15.184
####,08/19/2026 12:07:03,15.087
####,08/19/2026 12:22:03,15.141
####,08/19/2026 12:37:03,15.109
####,08/19/2026 12:52:03,15.173
####,08/19/2026 13:07:03,15.441
####,08/19/2026 13:22:03,15.709
####,08/19/2026 13:37:03,15.945
####,08/19/2026 13:52:03,16.096
####,08/19/2026 14:07:03,16.181
####,08/19/2026 14:22:03,16.224
####,08/19/2026 14:37:03,16.278
####,08/19/2026 14:52:03,16.353
####,08/19/2026 15:07:03,16.396
####,08/19/2026 15:22:03,16.492
####,08/19/2026 15:37:03,16.546
####,08/19/2026 15:52:03,16.632
####,08/19/2026 16:07:03,16.803
####,08/19/2026 16:22:03,16.911
####,08/19/2026 16:37:03,17.018
####,08/19/2026 16:52:03,17.179
####,08/19/2026 17:07:03,16.9
####,08/19/2026 17:22:03,16.803
####,08/19/2026 17:37:03,16.857
####,08/19/2026 17:52:03,16.964
####,08/19/2026 18:07:03,16.997
####,08/19/2026 18:22:03,17.039
####,08/19/2026 18:37:03,17.211
####,08/19/2026 18:52:03,17.029
####,08/19/2026 19:07:03,16.814
####,08/19/2026 19:22:03,16.675
####,08/19/2026 19:37:03,16.482
####,08/19/2026 19:52:03,16.321
####,08/19/2026 20:07:03,16.171
####,08/19/2026 20:22:03,16.117
####,08/19/2026 20:37:03,16.063
####,08/19/2026 20:52:03,16.053
####,08/19/2026 21:07:03,15.913
####,08/19/2026 21:22:03,15.86
####,08/19/2026 21:37:03,15.86
####,08/19/2026 21:52:03,15.892
####,08/19/2026 22:07:03,15.924
####,08/19/2026 22:22:03,15.945
####,08/19/2026 22:37:03,15.967
####,08/19/2026 22:52:03,15.967
####,08/19/2026 23:07:03,15.978
####,08/19/2026 23:22:03,15.978
####,08/19/2026 23:37:03,15.978
####,08/19/2026 23:52:03,15.999
####,08/20/2026 0:07:03,16.042
####,08/20/2026 0:22:03,16.074
####,08/20/2026 0:37:03,16.117
####,08/20/2026 0:52:03,16.138
####,08/20/2026 1:07:03,16.171
####,08/20/2026 1:22:03,16.256
####,08/20/2026 1:37:03,16.321
####,08/20/2026 1:52:03,16.342
####,08/20/2026 2:07:03,16.364
####,08/20/2026 2:22:03,15.999
####,08/20/2026 2:37:03,15.806
####,08/20/2026 2:52:03,15.624
####,08/20/2026 3:07:03,15.57
####,08/20/2026 3:22:03,15.377
####,08/20/2026 3:37:03,15.195
####,08/20/2026 3:52:03,15.077
####,08/20/2026 4:07:03,14.948
####,08/20/2026 4:22:03,14.873
####,08/20/2026 4:37:03,14.755
####,08/20/2026 4:52:03,14.616
####,08/20/2026 5:07:03,14.476
####,08/20/2026 5:22:03,14.412
####,08/20/2026 5:37:03,14.358
####,08/20/2026 5:52:03,14.337
####,08/20/2026 6:07:03,14.272
####,08/20/2026 6:22:03,14.219
####,08/20/2026 6:37:03,14.165
####,08/20/2026 6:52:03,14.122
####,08/20/2026 7:07:03,14.101
####,08/20/2026 7:22:03,14.101
####,08/20/2026 7:37:03,14.144
####,08/20/2026 7:52:03,14.187
####,08/20/2026 8:07:03,14.262
####,08/20/2026 8:22:03,14.38
####,08/20/2026 8:37:03,14.712
####,08/20/2026 8:52:03,14.905
####,08/20/2026 9:07:03,15.356
####,08/20/2026 9:22:03,15.667
####,08/20/2026 9:37:03,15.881
####,08/20/2026 9:52:03,16.117
####,08/20/2026 10:07:03,16.224
####,08/20/2026 10:22:03,16.471
####,08/20/2026 10:37:03,16.546
####,08/20/2026 10:52:03,16.6
####,08/20/2026 11:07:03,16.6
####,08/20/2026 11:22:03,16.707
####,08/20/2026 11:37:03,16.803
####,08/20/2026 11:52:03,16.889
####,08/20/2026 12:07:03,16.997
####,08/20/2026 12:22:03,16.997
####,08/20/2026 12:37:03,17.029
####,08/20/2026 12:52:03,16.589
####,08/20/2026 13:07:03,16.75
####,08/20/2026 13:22:03,16.546
####,08/20/2026 13:37:03,15.656
####,08/20/2026 13:52:03,15.57
####,08/20/2026 14:07:03,15.163
####,08/20/2026 14:22:03,14.755
####,08/20/2026 14:37:03,14.562
####,08/20/2026 14:52:03,14.583
####,08/20/2026 15:07:03,14.583
####,08/20/2026 15:22:03,14.68
####,08/20/2026 15:37:03,14.851
####,08/20/2026 15:52:03,15.023
####,08/20/2026 16:07:03,14.991
####,08/20/2026 16:22:03,14.712
####,08/20/2026 16:37:03,14.508
####,08/20/2026 16:52:03,14.616
####,08/20/2026 17:07:03,14.744
####,08/20/2026 17:22:03,14.873
####,08/20/2026 17:37:03,14.991
####,08/20/2026 17:52:03,15.13
####,08/20/2026 18:07:03,14.937
####,08/20/2026 18:22:03,14.916
####,08/20/2026 18:37:03,14.841
####,08/20/2026 18:52:03,15.002
####,08/20/2026 19:07:03,15.163
####,08/20/2026 19:22:03,15.238
####,08/20/2026 19:37:03,15.409
####,08/20/2026 19:52:03,15.388
####,08/20/2026 20:07:03,15.323
####,08/20/2026 20:22:03,15.248
####,08/20/2026 20:37:03,15.141
####,08/20/2026 20:52:03,15.098
####,08/20/2026 21:07:03,15.012
####,08/20/2026 21:22:03,14.873
####,08/20/2026 21:37:03,14.734
####,08/20/2026 21:52:03,14.691
####,08/20/2026 22:07:03,14.658
####,08/20/2026 22:22:03,14.658
####,08/20/2026 22:37:03,14.658
####,08/20/2026 22:52:03,14.637
####,08/20/2026 23:07:03,14.669
####,08/20/2026 23:22:03,14.755
####,08/20/2026 23:37:03,14.991
####,08/20/2026 23:52:03,15.248
####,08/21/2026 0:07:03,15.474
####,08/21/2026 0:22:03,15.742
####,08/21/2026 0:37:03,15.967
####,08/21/2026 0:52:03,16.085
####,08/21/2026 1:07:03,16.224
####,08/21/2026 1:22:03,16.214
####,08/21/2026 1:37:03,16.235
####,08/21/2026 1:52:03,16.224
####,08/21/2026 2:07:03,16.128
####,08/21/2026 2:22:03,16.053
####,08/21/2026 2:37:03,16.053
####,08/21/2026 2:52:03,16.021
####,08/21/2026 3:07:03,15.699
####,08/21/2026 3:22:03,15.538
####,08/21/2026 3:37:03,15.388
####,08/21/2026 3:52:03,15.238
####,08/21/2026 4:07:03,15.152
####,08/21/2026 4:22:03,15.098
####,08/21/2026 4:37:03,15.023
####,08/21/2026 4:52:03,14.905
####,08/21/2026 5:07:03,14.755
####,08/21/2026 5:22:03,14.669
####,08/21/2026 5:37:03,14.573
####,08/21/2026 5:52:03,14.487
####,08/21/2026 6:07:03,14.433
####,08/21/2026 6:22:03,14.38
####,08/21/2026 6:37:03,14.294
####,08/21/2026 6:52:03,14.294
####,08/21/2026 7:07:03,14.272
####,08/21/2026 7:22:03,14.24
####,08/21/2026 7:37:03,14.229
####,08/21/2026 7:52:03,14.251
####,08/21/2026 8:07:03,14.326
####,08/21/2026 8:22:03,14.401
####,08/21/2026 8:37:03,14.691
####,08/21/2026 8:52:03,15.087
####,08/21/2026 9:07:03,15.559
####,08/21/2026 9:22:03,15.988
####,08/21/2026 9:37:03,16.535
####,08/21/2026 9:52:03,17.694
####,08/21/2026 10:07:03,17.35
####,08/21/2026 10:22:03,17.179
####,08/21/2026 10:37:03,17.2
####,08/21/2026 10:52:03,17.2
####,08/21/2026 11:07:03,17.243
####,08/21/2026 11:22:03,17.265
####,08/21/2026 11:37:03,17.436
####,08/21/2026 11:52:03,17.661
####,08/21/2026 12:07:03,17.865
####,08/21/2026 12:22:03,17.951
####,08/21/2026 12:37:03,18.005
####,08/21/2026 12:52:03,18.069
####,08/21/2026 13:07:03,18.058
####,08/21/2026 13:22:03,17.876
####,08/21/2026 13:37:03,17.501
####,08/21/2026 13:52:03,16.825
####,08/21/2026 14:07:03,16.6
####,08/21/2026 14:22:03,16.417
####,08/21/2026 14:37:03,16.224
####,08/21/2026 14:52:03,15.881
####,08/21/2026 15:07:03,15.366
####,08/21/2026 15:22:03,14.658
####,08/21/2026 15:37:03,14.337
####,08/21/2026 15:52:03,14.229
####,08/21/2026 16:07:03,14.262
####,08/21/2026 16:22:03,14.111
####,08/21/2026 16:37:03,14.101
####,08/21/2026 16:52:03,14.197
####,08/21/2026 17:07:03,14.573
####,08/21/2026 17:22:03,15.034
####,08/21/2026 17:37:03,15.42
####,08/21/2026 17:52:03,15.752
####,08/21/2026 18:07:03,15.999
####,08/21/2026 18:22:03,16.149
####,08/21/2026 18:37:03,16.289
####,08/21/2026 18:52:03,16.256
####,08/21/2026 19:07:03,16.063
####,08/21/2026 19:22:03,15.924
####,08/21/2026 19:37:03,15.827
####,08/21/2026 19:52:03,15.581
####,08/21/2026 20:07:03,15.366
####,08/21/2026 20:22:03,15.377
####,08/21/2026 20:37:03,15.334
####,08/21/2026 20:52:03,15.163
####,08/21/2026 21:07:03,15.077
####,08/21/2026 21:22:03,15.109
####,08/21/2026 21:37:03,14.98
####,08/21/2026 21:52:03,14.969
####,08/21/2026 22:07:03,14.948
####,08/21/2026 22:22:03,14.959
####,08/21/2026 22:37:03,14.991
####,08/21/2026 22:52:03,14.991
####,08/21/2026 23:07:03,14.937
####,08/21/2026 23:22:03,14.873
####,08/21/2026 23:37:03,14.884
####,08/21/2026 23:52:03,14.905
####,08/22/2026 0:07:03,15.023
####,08/22/2026 0:22:03,15.195
####,08/22/2026 0:37:03,15.27
####,08/22/2026 0:52:03,15.334
####,08/22/2026 1:07:03,15.377
####,08/22/2026 1:22:03,15.441
####,08/22/2026 1:37:03,15.538
####,08/22/2026 1:52:03,15.57
####,08/22/2026 2:07:03,15.602
####,08/22/2026 2:22:03,15.645
####,08/22/2026 2:37:03,15.667
####,08/22/2026 2:52:03,15.699
####,08/22/2026 3:07:03,15.709
####,08/22/2026 3:22:03,15.688
####,08/22/2026 3:37:03,15.634
####,08/22/2026 3:52:03,15.238
####,08/22/2026 4:07:03,15.087
####,08/22/2026 4:22:03,15.034
####,08/22/2026 4:37:03,14.937
####,08/22/2026 4:52:03,14.916
####,08/22/2026 5:07:03,14.927
####,08/22/2026 5:22:03,14.916
####,08/22/2026 5:37:03,14.873
####,08/22/2026 5:52:03,14.851
####,08/22/2026 6:07:03,14.819
####,08/22/2026 6:22:03,14.755
####,08/22/2026 6:37:03,14.701
####,08/22/2026 6:52:03,14.723
####,08/22/2026 7:07:03,14.701
####,08/22/2026 7:22:03,14.701
####,08/22/2026 7:37:03,14.734
####,08/22/2026 7:52:03,14.809
####,08/22/2026 8:07:03,14.851
####,08/22/2026 8:22:03,14.98
####,08/22/2026 8:37:03,15.012
####,08/22/2026 8:52:03,15.463
####,08/22/2026 9:07:03,15.903
####,08/22/2026 9:22:03,16.074
####,08/22/2026 9:37:03,16.417
####,08/22/2026 9:52:03,16.299
####,08/22/2026 10:07:03,16.943
####,08/22/2026 10:22:03,17.297
####,08/22/2026 10:37:03,18.595
####,08/22/2026 10:52:03,18.509
####,08/22/2026 11:07:03,17.661
####,08/22/2026 11:22:03,17.136
####,08/22/2026 11:37:03,17.061
####,08/22/2026 11:52:03,16.9
####,08/22/2026 12:07:03,16.771
####,08/22/2026 12:22:03,16.675
####,08/22/2026 12:37:03,16.557
####,08/22/2026 12:52:03,16.492
####,08/22/2026 13:07:03,16.428
####,08/22/2026 13:22:03,16.396
####,08/22/2026 13:37:03,16.353
####,08/22/2026 13:52:03,16.342
####,08/22/2026 14:07:03,16.267
####,08/22/2026 14:22:03,16.224
####,08/22/2026 14:37:03,16.203
####,08/22/2026 14:52:03,16.117
####,08/22/2026 15:07:03,15.731
####,08/22/2026 15:22:03,15.431
####,08/22/2026 15:37:03,15.259
####,08/22/2026 15:52:03,15.152
####,08/22/2026 16:07:03,15.023
####,08/22/2026 16:22:03,14.948
####,08/22/2026 16:37:03,14.894
####,08/22/2026 16:52:03,14.819
####,08/22/2026 17:07:03,14.798
####,08/22/2026 17:22:03,14.819
####,08/22/2026 17:37:03,14.851
####,08/22/2026 17:52:03,14.873
####,08/22/2026 18:07:03,14.873
####,08/22/2026 18:22:03,14.884
####,08/22/2026 18:37:03,15.034
####,08/22/2026 18:52:03,15.205
####,08/22/2026 19:07:03,15.291
####,08/22/2026 19:22:03,15.388
####,08/22/2026 19:37:03,15.441
####,08/22/2026 19:52:03,15.538
####,08/22/2026 20:07:03,15.516
####,08/22/2026 20:22:03,15.409
####,08/22/2026 20:37:03,15.356
####,08/22/2026 20:52:03,15.323
####,08/22/2026 21:07:03,15.302
####,08/22/2026 21:22:03,15.291
####,08/22/2026 21:37:03,15.28
####,08/22/2026 21:52:03,15.27
####,08/22/2026 22:07:03,15.248
####,08/22/2026 22:22:03,15.227
####,08/22/2026 22:37:03,15.238
####,08/22/2026 22:52:03,15.248
####,08/22/2026 23:07:03,15.248
####,08/22/2026 23:22:03,15.248
####,08/22/2026 23:37:03,15.248
####,08/22/2026 23:52:03,15.28
####,08/23/2026 0:07:03,15.28
####,08/23/2026 0:22:03,15.28
####,08/23/2026 0:37:03,15.291
####,08/23/2026 0:52:03,15.291
####,08/23/2026 1:07:03,15.291
####,08/23/2026 1:22:03,15.302
####,08/23/2026 1:37:03,15.302
####,08/23/2026 1:52:03,15.323
####,08/23/2026 2:07:03,15.334
####,08/23/2026 2:22:03,15.345
####,08/23/2026 2:37:03,15.366
####,08/23/2026 2:52:03,15.409
####,08/23/2026 3:07:03,15.452
####,08/23/2026 3:22:03,15.495
####,08/23/2026 3:37:03,15.538
####,08/23/2026 3:52:03,15.559
####,08/23/2026 4:07:03,15.57
####,08/23/2026 4:22:03,15.581
####,08/23/2026 4:37:03,15.484
####,08/23/2026 4:52:03,15.452
####,08/23/2026 5:07:03,15.216
####,08/23/2026 5:22:03,15.098
####,08/23/2026 5:37:03,15.066
####,08/23/2026 5:52:03,15.012
####,08/23/2026 6:07:03,14.905
####,08/23/2026 6:22:03,14.894
####,08/23/2026 6:37:03,14.862
####,08/23/2026 6:52:03,14.873
####,08/23/2026 7:07:03,14.851
####,08/23/2026 7:22:03,14.905
####,08/23/2026 7:37:03,14.969
####,08/23/2026 7:52:03,15.077
####,08/23/2026 8:07:03,15.259
####,08/23/2026 8:22:03,15.42
####,08/23/2026 8:37:03,15.57
####,08/23/2026 8:52:03,15.602
####,08/23/2026 9:07:03,15.774
####,08/23/2026 9:22:03,16.074
####,08/23/2026 9:37:03,16.353
####,08/23/2026 9:52:03,16.653
####,08/23/2026 10:07:03,16.868
####,08/23/2026 10:22:03,17.179
####,08/23/2026 10:37:03,17.501
####,08/23/2026 10:52:03,17.758
####,08/23/2026 11:07:03,17.897
####,08/23/2026 11:22:03,18.53
####,08/23/2026 11:37:03,19.646
####,08/23/2026 11:52:03,18.927
####,08/23/2026 12:07:03,18.455
####,08/23/2026 12:22:03,18.273
####,08/23/2026 12:37:03,17.897
####,08/23/2026 12:52:03,17.565
####,08/23/2026 13:07:03,17.383
####,08/23/2026 13:22:03,17.297
####,08/23/2026 13:37:03,17.308
####,08/23/2026 13:52:03,17.232
####,08/23/2026 14:07:03,17.093
####,08/23/2026 14:22:03,16.836
####,08/23/2026 14:37:03,16.568
####,08/23/2026 14:52:03,16.396
####,08/23/2026 15:07:03,16.117
####,08/23/2026 15:22:03,15.913
####,08/23/2026 15:37:03,15.827
####,08/23/2026 15:52:03,15.645
####,08/23/2026 16:07:03,15.624
####,08/23/2026 16:22:03,15.538
####,08/23/2026 16:37:03,15.495
####,08/23/2026 16:52:03,15.538
####,08/23/2026 17:07:03,15.645
####,08/23/2026 17:22:03,15.752
####,08/23/2026 17:37:03,15.72
####,08/23/2026 17:52:03,15.634
####,08/23/2026 18:07:03,15.699
####,08/23/2026 18:22:03,15.838
####,08/23/2026 18:37:03,15.967
####,08/23/2026 18:52:03,15.999
####,08/23/2026 19:07:03,15.978
####,08/23/2026 19:22:03,15.935
####,08/23/2026 19:37:03,15.935
####,08/23/2026 19:52:03,15.945
####,08/23/2026 20:07:03,15.956
####,08/23/2026 20:22:03,15.967
####,08/23/2026 20:37:03,15.967
####,08/23/2026 20:52:03,15.967
####,08/23/2026 21:07:03,15.967
####,08/23/2026 21:22:03,15.967
####,08/23/2026 21:37:03,15.967
####,08/23/2026 21:52:03,15.978
####,08/23/2026 22:07:03,15.999
####,08/23/2026 22:22:03,15.999
####,08/23/2026 22:37:03,16.01
####,08/23/2026 22:52:03,16.021
####,08/23/2026 23:07:03,16.021
####,08/23/2026 23:22:03,16.01
####,08/23/2026 23:37:03,16.01
####,08/23/2026 23:52:03,15.999
####,08/24/2026 0:07:03,16.01
####,08/24/2026 0:22:03,16.031
####,08/24/2026 0:37:03,16.031
####,08/24/2026 0:52:03,16.042
####,08/24/2026 1:07:03,16.042
####,08/24/2026 1:22:03,16.042
####,08/24/2026 1:37:03,16.042
####,08/24/2026 1:52:03,16.031
####,08/24/2026 2:07:03,16.031
####,08/24/2026 2:22:03,15.999
####,08/24/2026 2:37:03,15.988
####,08/24/2026 2:52:03,15.967
####,08/24/2026 3:07:03,15.903
####,08/24/2026 3:22:03,15.838
####,08/24/2026 3:37:03,15.827
####,08/24/2026 3:52:03,15.795
####,08/24/2026 4:07:03,15.763
####,08/24/2026 4:22:03,15.731
####,08/24/2026 4:37:03,15.688
####,08/24/2026 4:52:03,15.656
####,08/24/2026 5:07:03,15.538
####,08/24/2026 5:22:03,15.195
####,08/24/2026 5:37:03,15.13
####,08/24/2026 5:52:03,14.937
####,08/24/2026 6:07:03,14.841
####,08/24/2026 6:22:03,14.734
####,08/24/2026 6:37:03,14.616
####,08/24/2026 6:52:03,14.508
####,08/24/2026 7:07:03,14.487
####,08/24/2026 7:22:03,14.465
####,08/24/2026 7:37:03,14.444
####,08/24/2026 7:52:03,14.433
####,08/24/2026 8:07:03,14.476
####,08/24/2026 8:22:03,14.53
####,08/24/2026 8:37:03,14.562
####,08/24/2026 8:52:03,15.045
####,08/24/2026 9:07:03,15.613
####,08/24/2026 9:22:03,16.053
####,08/24/2026 9:37:03,16.396
####,08/24/2026 9:52:03,16.696
####,08/24/2026 10:07:03,17.2
####,08/24/2026 10:22:03,17.522
####,08/24/2026 10:37:03,17.994
####,08/24/2026 10:52:03,18.38
####,08/24/2026 11:07:03,18.916
####,08/24/2026 11:22:03,19.313
####,08/24/2026 11:37:03,19.785
####,08/24/2026 11:52:03,20.45
####,08/24/2026 12:07:03,20.847
####,08/24/2026 12:22:03,21.394
####,08/24/2026 12:37:03,22.659
####,08/24/2026 12:52:03,21.093
####,08/24/2026 13:07:03,19.849
####,08/24/2026 13:22:03,18.927
####,08/24/2026 13:37:03,18.691
####,08/24/2026 13:52:03,18.541
####,08/24/2026 14:07:03,18.412
####,08/24/2026 14:22:03,18.369
####,08/24/2026 14:37:03,18.38
####,08/24/2026 14:52:03,18.176
####,08/24/2026 15:07:03,17.897
####,08/24/2026 15:22:03,17.597
####,08/24/2026 15:37:03,17.468
####,08/24/2026 15:52:03,17.383
####,08/24/2026 16:07:03,17.318
####,08/24/2026 16:22:03,17.222
####,08/24/2026 16:37:03,16.954
####,08/24/2026 16:52:03,16.557
####,08/24/2026 17:07:03,16.568
####,08/24/2026 17:22:03,16.696
####,08/24/2026 17:37:03,16.739
####,08/24/2026 17:52:03,16.578
####,08/24/2026 18:07:03,16.46
####,08/24/2026 18:22:03,16.289
####,08/24/2026 18:37:03,15.795
####,08/24/2026 18:52:03,15.624
####,08/24/2026 19:07:03,15.388
####,08/24/2026 19:22:03,15.238
####,08/24/2026 19:37:03,15.163
####,08/24/2026 19:52:03,15.184
####,08/24/2026 20:07:03,15.216
####,08/24/2026 20:22:03,15.302
####,08/24/2026 20:37:03,15.388
####,08/24/2026 20:52:03,15.484
####,08/24/2026 21:07:03,15.57
####,08/24/2026 21:22:03,15.645
####,08/24/2026 21:37:03,15.634
####,08/24/2026 21:52:03,15.624
####,08/24/2026 22:07:03,15.634
####,08/24/2026 22:22:03,15.677
####,08/24/2026 22:37:03,15.709
####,08/24/2026 22:52:03,15.742
####,08/24/2026 23:07:03,15.774
####,08/24/2026 23:22:03,15.795
####,08/24/2026 23:37:03,15.827
####,08/24/2026 23:52:03,15.806
####,08/25/2026 0:07:03,15.806
####,08/25/2026 0:22:03,15.795
####,08/25/2026 0:37:03,15.624
####,08/25/2026 0:52:03,15.527
####,08/25/2026 1:07:03,15.506
####,08/25/2026 1:22:03,15.538
####,08/25/2026 1:37:03,15.57
####,08/25/2026 1:52:03,15.624
####,08/25/2026 2:07:03,15.624
####,08/25/2026 2:22:03,15.624
####,08/25/2026 2:37:03,15.624
####,08/25/2026 2:52:03,15.645
####,08/25/2026 3:07:03,15.677
####,08/25/2026 3:22:03,15.699
####,08/25/2026 3:37:03,15.731
####,08/25/2026 3:52:03,15.763
####,08/25/2026 4:07:03,15.774
####,08/25/2026 4:22:03,15.774
####,08/25/2026 4:37:03,15.774
####,08/25/2026 4:52:03,15.785
####,08/25/2026 5:07:03,15.785
####,08/25/2026 5:22:03,15.774
####,08/25/2026 5:37:03,15.72
####,08/25/2026 5:52:03,15.677
####,08/25/2026 6:07:03,15.441
####,08/25/2026 6:22:03,15.205
####,08/25/2026 6:37:03,15.195
####,08/25/2026 6:52:03,15.055
####,08/25/2026 7:07:03,14.916
####,08/25/2026 7:22:03,14.862
####,08/25/2026 7:37:03,14.894
####,08/25/2026 7:52:03,15.023
####,08/25/2026 8:07:03,15.087
####,08/25/2026 8:22:03,15.163
####,08/25/2026 8:37:03,15.248
####,08/25/2026 8:52:03,15.57
####,08/25/2026 9:07:03,15.999
####,08/25/2026 9:22:03,16.342
####,08/25/2026 9:37:03,16.685
####,08/25/2026 9:52:03,17.318
####,08/25/2026 10:07:03,17.619
####,08/25/2026 10:22:03,17.876
####,08/25/2026 10:37:03,18.316
####,08/25/2026 10:52:03,18.477
####,08/25/2026 11:07:03,18.959
####,08/25/2026 11:22:03,19.399
####,08/25/2026 11:37:03,19.86
####,08/25/2026 11:52:03,20.064
####,08/25/2026 12:07:03,20.278
####,08/25/2026 12:22:03,20.493
####,08/25/2026 12:37:03,20.686
####,08/25/2026 12:52:03,21.029
####,08/25/2026 13:07:03,23.239
####,08/25/2026 13:22:03,22.327
####,08/25/2026 13:37:03,20.021
####,08/25/2026 13:52:03,18.67
####,08/25/2026 14:07:03,18.294
####,08/25/2026 14:22:03,18.219
####,08/25/2026 14:37:03,17.597
####,08/25/2026 14:52:03,17.2
####,08/25/2026 15:07:03,17.157
####,08/25/2026 15:22:03,16.932
####,08/25/2026 15:37:03,16.771
####,08/25/2026 15:52:03,16.632
####,08/25/2026 16:07:03,16.396
####,08/25/2026 16:22:03,16.428
####,08/25/2026 16:37:03,16.471
####,08/25/2026 16:52:03,16.353
####,08/25/2026 17:07:03,16.053
####,08/25/2026 17:22:03,15.903
####,08/25/2026 17:37:03,15.817
####,08/25/2026 17:52:03,15.677
####,08/25/2026 18:07:03,15.409
####,08/25/2026 18:22:03,15.248
####,08/25/2026 18:37:03,15.023
####,08/25/2026 18:52:03,14.927
####,08/25/2026 19:07:03,15.184
####,08/25/2026 19:22:03,15.763
####,08/25/2026 19:37:03,16.181
####,08/25/2026 19:52:03,16.46
####,08/25/2026 20:07:03,16.653
####,08/25/2026 20:22:03,16.728
####,08/25/2026 20:37:03,16.632
####,08/25/2026 20:52:03,16.675
####,08/25/2026 21:07:03,16.771
####,08/25/2026 21:22:03,16.857
####,08/25/2026 21:37:03,16.932
####,08/25/2026 21:52:03,16.943
####,08/25/2026 22:07:03,16.943
####,08/25/2026 22:22:03,16.954
####,08/25/2026 22:37:03,16.975
####,08/25/2026 22:52:03,16.685
####,08/25/2026 23:07:03,16.471
####,08/25/2026 23:22:03,16.321
####,08/25/2026 23:37:03,16.106
####,08/25/2026 23:52:03,15.827
####,08/26/2026 0:07:03,15.763
####,08/26/2026 0:22:03,15.817
####,08/26/2026 0:37:03,15.86
####,08/26/2026 0:52:03,15.742
####,08/26/2026 1:07:03,15.677
####,08/26/2026 1:22:03,15.645
####,08/26/2026 1:37:03,15.592
####,08/26/2026 1:52:03,15.516
####,08/26/2026 2:07:03,15.452
####,08/26/2026 2:22:03,15.463
####,08/26/2026 2:37:03,15.452
####,08/26/2026 2:52:03,15.388
####,08/26/2026 3:07:03,15.388
####,08/26/2026 3:22:03,15.377
####,08/26/2026 3:37:03,15.388
####,08/26/2026 3:52:03,15.441
####,08/26/2026 4:07:03,15.474
####,08/26/2026 4:22:03,15.516
####,08/26/2026 4:37:03,15.538
####,08/26/2026 4:52:03,15.57
####,08/26/2026 5:07:03,15.57
####,08/26/2026 5:22:03,15.602
####,08/26/2026 5:37:03,15.624
####,08/26/2026 5:52:03,15.656
####,08/26/2026 6:07:03,15.667
####,08/26/2026 6:22:03,15.656
####,08/26/2026 6:37:03,15.57
####,08/26/2026 6:52:03,15.28
####,08/26/2026 7:07:03,15.291
####,08/26/2026 7:22:03,15.227
####,08/26/2026 7:37:03,15.152
####,08/26/2026 7:52:03,15.195
####,08/26/2026 8:07:03,15.323
####,08/26/2026 8:22:03,15.409
####,08/26/2026 8:37:03,15.474
####,08/26/2026 8:52:03,15.57
####,08/26/2026 9:07:03,15.709
####,08/26/2026 9:22:03,15.86
####,08/26/2026 9:37:03,15.999
####,08/26/2026 9:52:03,16.214
####,08/26/2026 10:07:03,16.396
####,08/26/2026 10:22:03,16.632
####,08/26/2026 10:37:03,16.889
####,08/26/2026 10:52:03,17.147
####,08/26/2026 11:07:03,17.361
####,08/26/2026 11:22:03,17.64
####,08/26/2026 11:37:03,17.865
####,08/26/2026 11:52:03,18.101
####,08/26/2026 12:07:03,18.359
####,08/26/2026 12:22:03,18.648
####,08/26/2026 12:37:03,18.959
####,08/26/2026 12:52:03,19.646
####,08/26/2026 13:07:03,20.332
####,08/26/2026 13:22:03,20.804
####,08/26/2026 13:37:03,21.844
####,08/26/2026 13:52:03,19.731
####,08/26/2026 14:07:03,18.788
####,08/26/2026 14:22:03,18.241
####,08/26/2026 14:37:03,17.769
####,08/26/2026 14:52:03,17.458
####,08/26/2026 15:07:03,17.265
####,08/26/2026 15:22:03,17.061
####,08/26/2026 15:37:03,17.029
####,08/26/2026 15:52:03,16.964
####,08/26/2026 16:07:03,16.685
####,08/26/2026 16:22:03,16.396
####,08/26/2026 16:37:03,15.849
####,08/26/2026 16:52:03,15.398
####,08/26/2026 17:07:03,14.894
####,08/26/2026 17:22:03,14.712
####,08/26/2026 17:37:03,14.766
####,08/26/2026 17:52:03,14.83
####,08/26/2026 18:07:03,14.927
####,08/26/2026 18:22:03,15.045
####,08/26/2026 18:37:03,15.141
####,08/26/2026 18:52:03,15.334
####,08/26/2026 19:07:03,15.484
####,08/26/2026 19:22:03,15.602
####,08/26/2026 19:37:03,15.709
####,08/26/2026 19:52:03,15.752
####,08/26/2026 20:07:03,15.656
####,08/26/2026 20:22:03,15.549
####,08/26/2026 20:37:03,15.484
####,08/26/2026 20:52:03,15.474
####,08/26/2026 21:07:03,15.474
####,08/26/2026 21:22:03,15.474
####,08/26/2026 21:37:03,15.474
####,08/26/2026 21:52:03,15.484
####,08/26/2026 22:07:03,15.484
####,08/26/2026 22:22:03,15.495
####,08/26/2026 22:37:03,15.516
####,08/26/2026 22:52:03,15.709
####,08/26/2026 23:07:03,15.935
####,08/26/2026 23:22:03,16.031
####,08/26/2026 23:37:03,16.117
####,08/26/2026 23:52:03,16.203
####,08/27/2026 0:07:03,16.235
####,08/27/2026 0:22:03,16.267
####,08/27/2026 0:37:03,16.256
####,08/27/2026 0:52:03,16.224
####,08/27/2026 1:07:03,16.171
####,08/27/2026 1:22:03,16.085
####,08/27/2026 1:37:03,15.817
####,08/27/2026 1:52:03,15.677
####,08/27/2026 2:07:03,15.645
####,08/27/2026 2:22:03,15.506
####,08/27/2026 2:37:03,15.334
####,08/27/2026 2:52:03,15.28
####,08/27/2026 3:07:03,15.184
####,08/27/2026 3:22:03,15.066
####,08/27/2026 3:37:03,14.969
####,08/27/2026 3:52:03,14.905
####,08/27/2026 4:07:03,14.894
####,08/27/2026 4:22:03,14.894
####,08/27/2026 4:37:03,14.873
####,08/27/2026 4:52:03,14.884
####,08/27/2026 5:07:03,14.884
####,08/27/2026 5:22:03,14.905
####,08/27/2026 5:37:03,14.905
####,08/27/2026 5:52:03,14.905
####,08/27/2026 6:07:03,14.916
####,08/27/2026 6:22:03,14.916
####,08/27/2026 6:37:03,14.937
####,08/27/2026 6:52:03,14.937
####,08/27/2026 7:07:03,14.959
####,08/27/2026 7:22:03,14.98
####,08/27/2026 7:37:03,15.002
####,08/27/2026 7:52:03,15.002
####,08/27/2026 8:07:03,15.045
####,08/27/2026 8:22:03,15.12
####,08/27/2026 8:37:03,15.173
####,08/27/2026 8:52:03,15.377
####,08/27/2026 9:07:03,15.677
####,08/27/2026 9:22:03,15.945
####,08/27/2026 9:37:03,16.31
####,08/27/2026 9:52:03,16.45
####,08/27/2026 10:07:03,16.525
####,08/27/2026 10:22:03,16.6
####,08/27/2026 10:37:03,16.879
####,08/27/2026 10:52:03,16.932
####,08/27/2026 11:07:03,17.426
####,08/27/2026 11:22:03,17.951
####,08/27/2026 11:37:03,18.101
####,08/27/2026 11:52:03,18.477
####,08/27/2026 12:07:03,18.788
####,08/27/2026 12:22:03,18.906
####,08/27/2026 12:37:03,19.41
####,08/27/2026 12:52:03,19.571
####,08/27/2026 13:07:03,20.118
####,08/27/2026 13:22:03,20.364
####,08/27/2026 13:37:03,20.761
####,08/27/2026 13:52:03,22.005
####,08/27/2026 14:07:03,22.005
####,08/27/2026 14:22:03,20.193
####,08/27/2026 14:37:03,19.335
####,08/27/2026 14:52:03,18.702
####,08/27/2026 15:07:03,17.962
####,08/27/2026 15:22:03,17.779
####,08/27/2026 15:37:03,17.533
####,08/27/2026 15:52:03,17.211
####,08/27/2026 16:07:03,17.029
####,08/27/2026 16:22:03,16.9
####,08/27/2026 16:37:03,16.664
####,08/27/2026 16:52:03,16.396
####,08/27/2026 17:07:03,16.042
####,08/27/2026 17:22:03,15.709
####,08/27/2026 17:37:03,14.98
####,08/27/2026 17:52:03,14.809
####,08/27/2026 18:07:03,14.787
####,08/27/2026 18:22:03,14.894
####,08/27/2026 18:37:03,15.034
####,08/27/2026 18:52:03,15.248
####,08/27/2026 19:07:03,15.388
####,08/27/2026 19:22:03,15.388
####,08/27/2026 19:37:03,15.388
####,08/27/2026 19:52:03,15.42
####,08/27/2026 20:07:03,15.42
####,08/27/2026 20:22:03,15.452
####,08/27/2026 20:37:03,15.474
####,08/27/2026 20:52:03,15.527
####,08/27/2026 21:07:03,15.581
####,08/27/2026 21:22:03,15.688
####,08/27/2026 21:37:03,15.763
####,08/27/2026 21:52:03,15.806
####,08/27/2026 22:07:03,15.827
####,08/27/2026 22:22:03,15.849
####,08/27/2026 22:37:03,15.86
####,08/27/2026 22:52:03,15.86
####,08/27/2026 23:07:03,15.849
####,08/27/2026 23:22:03,15.849
####,08/27/2026 23:37:03,15.838
####,08/27/2026 23:52:03,15.838
####,08/28/2026 0:07:03,15.838
####,08/28/2026 0:22:03,15.838
####,08/28/2026 0:37:03,15.838
####,08/28/2026 0:52:03,15.838
####,08/28/2026 1:07:03,15.827
####,08/28/2026 1:22:03,15.817
####,08/28/2026 1:37:03,15.806
####,08/28/2026 1:52:03,15.774
####,08/28/2026 2:07:03,15.763
####,08/28/2026 2:22:03,15.752
####,08/28/2026 2:37:03,15.752
####,08/28/2026 2:52:03,15.752
####,08/28/2026 3:07:03,15.688
####,08/28/2026 3:22:03,15.506
####,08/28/2026 3:37:03,15.28
####,08/28/2026 3:52:03,15.205
####,08/28/2026 4:07:03,15.195
####,08/28/2026 4:22:03,15.216
####,08/28/2026 4:37:03,15.291
####,08/28/2026 4:52:03,15.42
####,08/28/2026 5:07:03,15.527
####,08/28/2026 5:22:03,15.592
####,08/28/2026 5:37:03,15.656
####,08/28/2026 5:52:03,15.688
####,08/28/2026 6:07:03,15.709
####,08/28/2026 6:22:03,15.72
####,08/28/2026 6:37:03,15.742
####,08/28/2026 6:52:03,15.742
####,08/28/2026 7:07:03,15.742
####,08/28/2026 7:22:03,15.752
####,08/28/2026 7:37:03,15.742
####,08/28/2026 7:52:03,15.731
####,08/28/2026 8:07:03,15.709
####,08/28/2026 8:22:03,15.645
####,08/28/2026 8:37:03,15.656
####,08/28/2026 8:52:03,15.763
####,08/28/2026 9:07:03,15.978
####,08/28/2026 9:22:03,16.171
####,08/28/2026 9:37:03,16.46
####,08/28/2026 9:52:03,16.782
####,08/28/2026 10:07:03,17.329
####,08/28/2026 10:22:03,17.522
####,08/28/2026 10:37:03,18.015
####,08/28/2026 10:52:03,18.273
####,08/28/2026 11:07:03,18.519
####,08/28/2026 11:22:03,19.238
####,08/28/2026 11:37:03,19.678
####,08/28/2026 11:52:03,20.107
####,08/28/2026 12:07:03,20.364
####,08/28/2026 12:22:03,20.643
####,08/28/2026 12:37:03,20.557
####,08/28/2026 12:52:03,20.793
####,08/28/2026 13:07:03,20.482
####,08/28/2026 13:22:03,20.482
####,08/28/2026 13:37:03,20.675
####,08/28/2026 13:52:03,20.804
####,08/28/2026 14:07:03,21.276
####,08/28/2026 14:22:03,21.984
####,08/28/2026 14:37:03,19.903
####,08/28/2026 14:52:03,19.249
####,08/28/2026 15:07:03,18.659
####,08/28/2026 15:22:03,18.391
####,08/28/2026 15:37:03,18.048
####,08/28/2026 15:52:03,17.747
####,08/28/2026 16:07:03,17.49
####,08/28/2026 16:22:03,17.222
####,08/28/2026 16:37:03,16.975
####,08/28/2026 16:52:03,16.857
####,08/28/2026 17:07:03,16.793
####,08/28/2026 17:22:03,16.685
####,08/28/2026 17:37:03,16.439
####,08/28/2026 17:52:03,16.074
####,08/28/2026 18:07:03,15.86
####,08/28/2026 18:22:03,15.795
####,08/28/2026 18:37:03,15.742
####,08/28/2026 18:52:03,15.699
####,08/28/2026 19:07:03,15.731
####,08/28/2026 19:22:03,15.677
####,08/28/2026 19:37:03,15.581
####,08/28/2026 19:52:03,15.57
####,08/28/2026 20:07:03,15.892
####,08/28/2026 20:22:03,16.45
####,08/28/2026 20:37:03,16.718
####,08/28/2026 20:52:03,16.921
####,08/28/2026 21:07:03,16.889
####,08/28/2026 21:22:03,16.471
####,08/28/2026 21:37:03,16.203
####,08/28/2026 21:52:03,16.085
####,08/28/2026 22:07:03,16.021
####,08/28/2026 22:22:03,16.063
####,08/28/2026 22:37:03,16.106
####,08/28/2026 22:52:03,16.128
####,08/28/2026 23:07:03,16.138
####,08/28/2026 23:22:03,16.171
####,08/28/2026 23:37:03,16.214
####,08/28/2026 23:52:03,16.289
####,08/29/2026 0:07:03,16.321
####,08/29/2026 0:22:03,16.31
####,08/29/2026 0:37:03,16.246
####,08/29/2026 0:52:03,16.246
####,08/29/2026 1:07:03,16.289
####,08/29/2026 1:22:03,16.299
####,08/29/2026 1:37:03,16.31
####,08/29/2026 1:52:03,16.342
####,08/29/2026 2:07:03,16.364
####,08/29/2026 2:22:03,16.364
####,08/29/2026 2:37:03,16.342
####,08/29/2026 2:52:03,16.342
####,08/29/2026 3:07:03,16.374
####,08/29/2026 3:22:03,16.407
####,08/29/2026 3:37:03,16.417
####,08/29/2026 3:52:03,16.385
####,08/29/2026 4:07:03,16.128
####,08/29/2026 4:22:03,15.763
####,08/29/2026 4:37:03,15.484
####,08/29/2026 4:52:03,15.334
####,08/29/2026 5:07:03,15.334
####,08/29/2026 5:22:03,15.409
####,08/29/2026 5:37:03,15.527
####,08/29/2026 5:52:03,15.602
####,08/29/2026 6:07:03,15.645
####,08/29/2026 6:22:03,15.484
####,08/29/2026 6:37:03,15.388
####,08/29/2026 6:52:03,15.506
####,08/29/2026 7:07:03,15.677
####,08/29/2026 7:22:03,15.795
####,08/29/2026 7:37:03,15.881
####,08/29/2026 7:52:03,15.935
####,08/29/2026 8:07:03,15.988
####,08/29/2026 8:22:03,16.042
####,08/29/2026 8:37:03,16.085
####,08/29/2026 8:52:03,16.117
####,08/29/2026 9:07:03,16.171
####,08/29/2026 9:22:03,16.342
####,08/29/2026 9:37:03,16.482
####,08/29/2026 9:52:03,16.61
####,08/29/2026 10:07:03,16.761
####,08/29/2026 10:22:03,16.911
####,08/29/2026 10:37:03,17.543
####,08/29/2026 10:52:03,17.919
####,08/29/2026 11:07:03,18.584
####,08/29/2026 11:22:03,18.959
####,08/29/2026 11:37:03,19.249
####,08/29/2026 11:52:03,19.699
####,08/29/2026 12:07:03,19.828
####,08/29/2026 12:22:03,19.935
####,08/29/2026 12:37:03,19.796
####,08/29/2026 12:52:03,19.581
####,08/29/2026 13:07:03,19.571
####,08/29/2026 13:22:03,20.053
####,08/29/2026 13:37:03,20.139
####,08/29/2026 13:52:03,20.171
####,08/29/2026 14:07:03,20.107
####,08/29/2026 14:22:03,22.005
####,08/29/2026 14:37:03,21.319
####,08/29/2026 14:52:03,20.332
####,08/29/2026 15:07:03,19.506
####,08/29/2026 15:22:03,19.077
####,08/29/2026 15:37:03,18.659
####,08/29/2026 15:52:03,18.337
####,08/29/2026 16:07:03,17.908
####,08/29/2026 16:22:03,17.458
####,08/29/2026 16:37:03,17.039
####,08/29/2026 16:52:03,16.546
####,08/29/2026 17:07:03,16.235
####,08/29/2026 17:22:03,15.827
####,08/29/2026 17:37:03,15.527
####,08/29/2026 17:52:03,15.323
####,08/29/2026 18:07:03,15.334
####,08/29/2026 18:22:03,15.28
####,08/29/2026 18:37:03,15.377
####,08/29/2026 18:52:03,15.484
####,08/29/2026 19:07:03,15.538
####,08/29/2026 19:22:03,15.581
####,08/29/2026 19:37:03,15.592
####,08/29/2026 19:52:03,15.602
####,08/29/2026 20:07:03,15.592
####,08/29/2026 20:22:03,15.613
####,08/29/2026 20:37:03,15.634
####,08/29/2026 20:52:03,15.624
####,08/29/2026 21:07:03,15.634
####,08/29/2026 21:22:03,15.785
####,08/29/2026 21:37:03,15.978
####,08/29/2026 21:52:03,16.149
####,08/29/2026 22:07:03,16.246
####,08/29/2026 22:22:03,16.31
####,08/29/2026 22:37:03,16.321
####,08/29/2026 22:52:03,16.289
####,08/29/2026 23:07:03,16.289
####,08/29/2026 23:22:03,16.342
####,08/29/2026 23:37:03,16.342
####,08/29/2026 23:52:03,16.31
####,08/30/2026 0:07:03,16.256
####,08/30/2026 0:22:03,16.256
####,08/30/2026 0:37:03,16.256
####,08/30/2026 0:52:03,16.278
####,08/30/2026 1:07:03,16.299
####,08/30/2026 1:22:03,16.31
####,08/30/2026 1:37:03,16.353
####,08/30/2026 1:52:03,16.396
####,08/30/2026 2:07:03,16.428
####,08/30/2026 2:22:03,16.482
####,08/30/2026 2:37:03,16.514
####,08/30/2026 2:52:03,16.525
####,08/30/2026 3:07:03,16.535
####,08/30/2026 3:22:03,16.525
####,08/30/2026 3:37:03,16.45
####,08/30/2026 3:52:03,16.396
####,08/30/2026 4:07:03,16.374
####,08/30/2026 4:22:03,16.353
####,08/30/2026 4:37:03,16.321
####,08/30/2026 4:52:03,16.278
####,08/30/2026 5:07:03,16.256
####,08/30/2026 5:22:03,16.181
####,08/30/2026 5:37:03,16.138
####,08/30/2026 5:52:03,16.085
####,08/30/2026 6:07:03,16.01
####,08/30/2026 6:22:03,15.924
####,08/30/2026 6:37:03,15.849
####,08/30/2026 6:52:03,15.795
####,08/30/2026 7:07:03,15.763
####,08/30/2026 7:22:03,15.709
####,08/30/2026 7:37:03,15.72
####,08/30/2026 7:52:03,15.731
####,08/30/2026 8:07:03,15.763
####,08/30/2026 8:22:03,15.774
####,08/30/2026 8:37:03,15.795
####,08/30/2026 8:52:03,15.86
####,08/30/2026 9:07:03,15.913
####,08/30/2026 9:22:03,16.053
####,08/30/2026 9:37:03,16.181
####,08/30/2026 9:52:03,16.289
####,08/30/2026 10:07:03,16.45
####,08/30/2026 10:22:03,16.761
####,08/30/2026 10:37:03,17.093
####,08/30/2026 10:52:03,17.2
####,08/30/2026 11:07:03,17.308
####,08/30/2026 11:22:03,17.318
####,08/30/2026 11:37:03,17.458
####,08/30/2026 11:52:03,17.715
####,08/30/2026 12:07:03,18.005
####,08/30/2026 12:22:03,18.187
####,08/30/2026 12:37:03,18.584
####,08/30/2026 12:52:03,18.788
####,08/30/2026 13:07:03,18.895
####,08/30/2026 13:22:03,19.174
####,08/30/2026 13:37:03,19.774
####,08/30/2026 13:52:03,19.86
####,08/30/2026 14:07:03,19.967
####,08/30/2026 14:22:03,20.89
####,08/30/2026 14:37:03,19.624
####,08/30/2026 14:52:03,18.873
####,08/30/2026 15:07:03,18.348
####,08/30/2026 15:22:03,17.908
####,08/30/2026 15:37:03,17.747
####,08/30/2026 15:52:03,17.522
####,08/30/2026 16:07:03,17.361
####,08/30/2026 16:22:03,17.232
####,08/30/2026 16:37:03,17.072
####,08/30/2026 16:52:03,16.9
####,08/30/2026 17:07:03,16.728
####,08/30/2026 17:22:03,16.428
####,08/30/2026 17:37:03,16.171
####,08/30/2026 17:52:03,16.031
####,08/30/2026 18:07:03,15.892
####,08/30/2026 18:22:03,15.795
####,08/30/2026 18:37:03,15.57
####,08/30/2026 18:52:03,15.13
####,08/30/2026 19:07:03,14.851
####,08/30/2026 19:22:03,14.626
####,08/30/2026 19:37:03,14.605
####,08/30/2026 19:52:03,14.734
####,08/30/2026 20:07:03,14.873
####,08/30/2026 20:22:03,15.034
####,08/30/2026 20:37:03,14.927
####,08/30/2026 20:52:03,14.862
####,08/30/2026 21:07:03,14.959
####,08/30/2026 21:22:03,15.087
####,08/30/2026 21:37:03,15.227
####,08/30/2026 21:52:03,15.302
####,08/30/2026 22:07:03,15.356
####,08/30/2026 22:22:03,15.452
####,08/30/2026 22:37:03,15.592
####,08/30/2026 22:52:03,15.699
####,08/30/2026 23:07:03,15.742
####,08/30/2026 23:22:03,15.742
####,08/30/2026 23:37:03,15.709
####,08/30/2026 23:52:03,15.495
####,08/31/2026 0:07:03,15.366
####,08/31/2026 0:22:03,15.227
####,08/31/2026 0:37:03,15.066
####,08/31/2026 0:52:03,14.873
####,08/31/2026 1:07:03,14.734
####,08/31/2026 1:22:03,14.616
####,08/31/2026 1:37:03,14.487
####,08/31/2026 1:52:03,14.369
####,08/31/2026 2:07:03,14.24
####,08/31/2026 2:22:03,14.176
####,08/31/2026 2:37:03,14.219
####,08/31/2026 2:52:03,13.758
####,08/31/2026 3:07:03,13.897
####,08/31/2026 3:22:03,14.036
####,08/31/2026 3:37:03,14.187
####,08/31/2026 3:52:03,14.326
####,08/31/2026 4:07:03,14.444
####,08/31/2026 4:22:03,14.551
####,08/31/2026 4:37:03,14.658
####,08/31/2026 4:52:03,14.734
####,08/31/2026 5:07:03,14.787
####,08/31/2026 5:22:03,14.787
####,08/31/2026 5:37:03,14.809
####,08/31/2026 5:52:03,14.648
####,08/31/2026 6:07:03,14.444
####,08/31/2026 6:22:03,14.39
####,08/31/2026 6:37:03,14.39
####,08/31/2026 6:52:03,14.39
####,08/31/2026 7:07:03,14.315
####,08/31/2026 7:22:03,14.24
####,08/31/2026 7:37:03,14.272
####,08/31/2026 7:52:03,14.305
####,08/31/2026 8:07:03,14.272
####,08/31/2026 8:22:03,14.176
####,08/31/2026 8:37:03,14.069
####,08/31/2026 8:52:03,13.972
####,08/31/2026 9:07:03,13.843
####,08/31/2026 9:22:03,13.79
####,08/31/2026 9:37:03,13.779
####,08/31/2026 9:52:03,13.983
####,08/31/2026 10:07:03,14.39
####,08/31/2026 10:22:03,14.701
####,08/31/2026 10:37:03,14.959
####,08/31/2026 10:52:03,15.163
####,08/31/2026 11:07:03,15.356
####,08/31/2026 11:22:03,15.592
####,08/31/2026 11:37:03,15.945
####,08/31/2026 11:52:03,16.428
####,08/31/2026 12:07:03,17.2
####,08/31/2026 12:22:03,17.865
####,08/31/2026 12:37:03,18.241
####,08/31/2026 12:52:03,19.066
####,08/31/2026 13:07:03,19.302
####,08/31/2026 13:22:03,19.024
####,08/31/2026 13:37:03,18.83
####,08/31/2026 13:52:03,18.509
####,08/31/2026 14:07:03,18.38
####,08/31/2026 14:22:03,18.058
####,08/31/2026 14:37:03,17.801
####,08/31/2026 14:52:03,17.672
####,08/31/2026 15:07:03,17.586
####,08/31/2026 15:22:03,17.426
####,08/31/2026 15:37:03,17.243
####,08/31/2026 15:52:03,16.932
####,08/31/2026 16:07:03,16.45
####,08/31/2026 16:22:03,16.203
####,08/31/2026 16:37:03,16.085
####,08/31/2026 16:52:03,15.967
####,08/31/2026 17:07:03,15.699
####,08/31/2026 17:22:03,15.624
####,08/31/2026 17:37:03,15.484
####,08/31/2026 17:52:03,15.452
####,08/31/2026 18:07:03,15.334
####,08/31/2026 18:22:03,15.205
####,08/31/2026 18:37:03,15.055
####,08/31/2026 18:52:03,14.819
####,08/31/2026 19:07:03,14.669
####,08/31/2026 19:22:03,14.53
####,08/31/2026 19:37:03,14.39
####,08/31/2026 19:52:03,14.283
####,08/31/2026 20:07:03,14.219
####,08/31/2026 20:22:03,14.197
####,08/31/2026 20:37:03,14.219
####,08/31/2026 20:52:03,14.229
####,08/31/2026 21:07:03,14.251
####,08/31/2026 21:22:03,14.24
####,08/31/2026 21:37:03,14.219
####,08/31/2026 21:52:03,14.133
####,08/31/2026 22:07:03,14.122
####,08/31/2026 22:22:03,14.133
####,08/31/2026 22:37:03,14.154
####,08/31/2026 22:52:03,14.176
####,08/31/2026 23:07:03,14.219
####,08/31/2026 23:22:03,14.272
####,08/31/2026 23:37:03,14.315
####,08/31/2026 23:52:03,14.165
####,09/01/2026 0:07:03,14.176
####,09/01/2026 0:22:03,14.133
####,09/01/2026 0:37:03,14.069
####,09/01/2026 0:52:03,14.026
####,09/01/2026 1:07:03,13.983
####,09/01/2026 1:22:03,13.929
####,09/01/2026 1:37:03,13.897
####,09/01/2026 1:52:03,13.822
####,09/01/2026 2:07:03,13.779
####,09/01/2026 2:22:03,13.725
####,09/01/2026 2:37:03,13.661
####,09/01/2026 2:52:03,13.597
####,09/01/2026 3:07:03,13.554
####,09/01/2026 3:22:03,13.5
####,09/01/2026 3:37:03,13.457
####,09/01/2026 3:52:03,13.393
####,09/01/2026 4:07:03,13.371
####,09/01/2026 4:22:03,12.771
####,09/01/2026 4:37:03,12.76
####,09/01/2026 4:52:03,12.814
####,09/01/2026 5:07:03,12.964
####,09/01/2026 5:22:03,13.232
####,09/01/2026 5:37:03,13.404
####,09/01/2026 5:52:03,13.468
####,09/01/2026 6:07:03,13.522
####,09/01/2026 6:22:03,13.693
####,09/01/2026 6:37:03,13.747
####,09/01/2026 6:52:03,13.8
####,09/01/2026 7:07:03,13.843
####,09/01/2026 7:22:03,13.897
####,09/01/2026 7:37:03,13.951
####,09/01/2026 7:52:03,13.972
####,09/01/2026 8:07:03,13.993
####,09/01/2026 8:22:03,14.026
####,09/01/2026 8:37:03,14.015
####,09/01/2026 8:52:03,13.918
####,09/01/2026 9:07:03,13.811
####,09/01/2026 9:22:03,13.693
####,09/01/2026 9:37:03,13.554
####,09/01/2026 9:52:03,13.5
####,09/01/2026 10:07:03,13.489
####,09/01/2026 10:22:03,13.371
####,09/01/2026 10:37:03,13.35
####,09/01/2026 10:52:03,13.361
####,09/01/2026 11:07:03,13.425
####,09/01/2026 11:22:03,13.575
####,09/01/2026 11:37:03,13.672
####,09/01/2026 11:52:03,13.865
####,09/01/2026 12:07:03,14.09
####,09/01/2026 12:22:03,14.283
####,09/01/2026 12:37:03,14.412
####,09/01/2026 12:52:03,14.616
####,09/01/2026 13:07:03,14.626
####,09/01/2026 13:22:03,14.54
####,09/01/2026 13:37:03,14.594
####,09/01/2026 13:52:03,14.53
####,09/01/2026 14:07:03,14.519
####,09/01/2026 14:22:03,14.476
####,09/01/2026 14:37:03,14.433
####,09/01/2026 14:52:03,14.412
####,09/01/2026 15:07:03,14.219
####,09/01/2026 15:22:03,14.069
####,09/01/2026 15:37:03,14.026
####,09/01/2026 15:52:03,14.015
####,09/01/2026 16:07:03,14.036
####,09/01/2026 16:22:03,14.122
####,09/01/2026 16:37:03,14.208
####,09/01/2026 16:52:03,14.272
####,09/01/2026 17:07:03,14.315
####,09/01/2026 17:22:03,14.326
####,09/01/2026 17:37:03,14.337
####,09/01/2026 17:52:03,14.38
####,09/01/2026 18:07:03,14.39
####,09/01/2026 18:22:03,14.358
####,09/01/2026 18:37:03,14.337
####,09/01/2026 18:52:03,14.326
####,09/01/2026 19:07:03,14.305
####,09/01/2026 19:22:03,14.283
####,09/01/2026 19:37:03,14.272
####,09/01/2026 19:52:03,14.272
####,09/01/2026 20:07:03,14.283
####,09/01/2026 20:22:03,14.326
####,09/01/2026 20:37:03,14.38
####,09/01/2026 20:52:03,14.412
####,09/01/2026 21:07:03,14.433
####,09/01/2026 21:22:03,14.444
####,09/01/2026 21:37:03,14.422
####,09/01/2026 21:52:03,14.412
####,09/01/2026 22:07:03,14.39
####,09/01/2026 22:22:03,14.39
####,09/01/2026 22:37:03,14.38
####,09/01/2026 22:52:03,14.369
####,09/01/2026 23:07:03,14.39
####,09/01/2026 23:22:03,14.412
####,09/01/2026 23:37:03,14.444
####,09/01/2026 23:52:03,14.476
####,09/02/2026 0:07:03,14.444
####,09/02/2026 0:22:03,14.358
####,09/02/2026 0:37:03,14.305
####,09/02/2026 0:52:03,14.262
####,09/02/2026 1:07:03,14.197
####,09/02/2026 1:22:03,14.133
####,09/02/2026 1:37:03,14.101
####,09/02/2026 1:52:03,14.101
####,09/02/2026 2:07:03,14.101
####,09/02/2026 2:22:03,14.069
####,09/02/2026 2:37:03,14.069
####,09/02/2026 2:52:03,14.026
####,09/02/2026 3:07:03,13.983
####,09/02/2026 3:22:03,13.983
####,09/02/2026 3:37:03,13.972
####,09/02/2026 3:52:03,13.94
####,09/02/2026 4:07:03,13.908
####,09/02/2026 4:22:03,13.865
####,09/02/2026 4:37:03,13.843
####,09/02/2026 4:52:03,13.811
####,09/02/2026 5:07:03,13.779
####,09/02/2026 5:22:03,13.758
####,09/02/2026 5:37:03,13.575
####,09/02/2026 5:52:03,13.672
####,09/02/2026 6:07:03,13.876
####,09/02/2026 6:22:03,14.036
####,09/02/2026 6:37:03,14.026
####,09/02/2026 6:52:03,14.036
####,09/02/2026 7:07:03,14.069
####,09/02/2026 7:22:03,14.058
####,09/02/2026 7:37:03,14.015
####,09/02/2026 7:52:03,13.983
####,09/02/2026 8:07:03,13.929
####,09/02/2026 8:22:03,13.758
####,09/02/2026 8:37:03,13.607
####,09/02/2026 8:52:03,13.554
####,09/02/2026 9:07:03,13.532
####,09/02/2026 9:22:03,13.522
####,09/02/2026 9:37:03,13.575
####,09/02/2026 9:52:03,13.607
####,09/02/2026 10:07:03,13.597
####,09/02/2026 10:22:03,13.597
####,09/02/2026 10:37:03,13.479
####,09/02/2026 10:52:03,13.232
####,09/02/2026 11:07:03,13.05
####,09/02/2026 11:22:03,12.889
####,09/02/2026 11:37:03,12.782
####,09/02/2026 11:52:03,12.749
####,09/02/2026 12:07:03,12.685
####,09/02/2026 12:22:03,12.685
####,09/02/2026 12:37:03,12.706
####,09/02/2026 12:52:03,12.792
####,09/02/2026 13:07:03,12.975
####,09/02/2026 13:22:03,13.393
####,09/02/2026 13:37:03,13.554
####,09/02/2026 13:52:03,13.382
####,09/02/2026 14:07:03,13.243
####,09/02/2026 14:22:03,13.178
####,09/02/2026 14:37:03,13.103
####,09/02/2026 14:52:03,13.071
####,09/02/2026 15:07:03,13.06
####,09/02/2026 15:22:03,13.039
####,09/02/2026 15:37:03,12.975
####,09/02/2026 15:52:03,12.953
####,09/02/2026 16:07:03,12.996
####,09/02/2026 16:22:03,13.082
####,09/02/2026 16:37:03,13.146
####,09/02/2026 16:52:03,13.178
####,09/02/2026 17:07:03,13.125
####,09/02/2026 17:22:03,13.125
####,09/02/2026 17:37:03,13.05
####,09/02/2026 17:52:03,12.996
####,09/02/2026 18:07:03,12.921
####,09/02/2026 18:22:03,12.878
####,09/02/2026 18:37:03,12.835
####,09/02/2026 18:52:03,12.835
####,09/02/2026 19:07:03,12.857
####,09/02/2026 19:22:03,13.06
####,09/02/2026 19:37:03,13.329
####,09/02/2026 19:52:03,13.436
####,09/02/2026 20:07:03,13.436
####,09/02/2026 20:22:03,13.404
####,09/02/2026 20:37:03,13.296
####,09/02/2026 20:52:03,13.253
####,09/02/2026 21:07:03,13.168
####,09/02/2026 21:22:03,13.06
####,09/02/2026 21:37:03,13.017
####,09/02/2026 21:52:03,12.985
####,09/02/2026 22:07:03,13.093
####,09/02/2026 22:22:03,13.404
####,09/02/2026 22:37:03,13.532
####,09/02/2026 22:52:03,13.564
####,09/02/2026 23:07:03,13.597
####,09/02/2026 23:22:03,13.586
####,09/02/2026 23:37:03,13.586
####,09/02/2026 23:52:03,13.586
####,09/03/2026 0:07:03,13.597
####,09/03/2026 0:22:03,13.597
####,09/03/2026 0:37:03,13.575
####,09/03/2026 0:52:03,13.382
####,09/03/2026 1:07:03,13.329
####,09/03/2026 1:22:03,13.286
####,09/03/2026 1:37:03,13.211
####,09/03/2026 1:52:03,13.135
####,09/03/2026 2:07:03,13.06
####,09/03/2026 2:22:03,12.996
####,09/03/2026 2:37:03,12.91
####,09/03/2026 2:52:03,12.835
####,09/03/2026 3:07:03,12.771
####,09/03/2026 3:22:03,12.685
####,09/03/2026 3:37:03,12.642
####,09/03/2026 3:52:03,12.664
####,09/03/2026 4:07:03,12.631
####,09/03/2026 4:22:03,12.61
####,09/03/2026 4:37:03,12.599
####,09/03/2026 4:52:03,12.61
####,09/03/2026 5:07:03,12.599
####,09/03/2026 5:22:03,12.588
####,09/03/2026 5:37:03,12.567
####,09/03/2026 5:52:03,12.588
####,09/03/2026 6:07:03,12.599
####,09/03/2026 6:22:03,12.578
####,09/03/2026 6:37:03,12.567
####,09/03/2026 6:52:03,12.546
####,09/03/2026 7:07:03,12.631
####,09/03/2026 7:22:03,12.696
####,09/03/2026 7:37:03,12.685
####,09/03/2026 7:52:03,12.653
####,09/03/2026 8:07:03,12.61
####,09/03/2026 8:22:03,12.621
####,09/03/2026 8:37:03,12.631
####,09/03/2026 8:52:03,12.664
####,09/03/2026 9:07:03,12.696
####,09/03/2026 9:22:03,12.664
####,09/03/2026 9:37:03,12.685
####,09/03/2026 9:52:03,12.706
####,09/03/2026 10:07:03,12.717
####,09/03/2026 10:22:03,12.728
####,09/03/2026 10:37:03,12.771
####,09/03/2026 10:52:03,12.824
####,09/03/2026 11:07:03,12.921
####,09/03/2026 11:22:03,13.093
####,09/03/2026 11:37:03,13.211
####,09/03/2026 11:52:03,13.275
####,09/03/2026 12:07:03,13.307
####,09/03/2026 12:22:03,13.307
####,09/03/2026 12:37:03,13.296
####,09/03/2026 12:52:03,13.275
####,09/03/2026 13:07:03,13.296
####,09/03/2026 13:22:03,13.232
####,09/03/2026 13:37:03,13.093
####,09/03/2026 13:52:03,13.06
####,09/03/2026 14:07:03,13.039
####,09/03/2026 14:22:03,13.007
####,09/03/2026 14:37:03,13.039
####,09/03/2026 14:52:03,13.157
####,09/03/2026 15:07:03,13.329
####,09/03/2026 15:22:03,13.211
####,09/03/2026 15:37:03,13.125
####,09/03/2026 15:52:03,13.135
####,09/03/2026 16:07:03,13.135
####,09/03/2026 16:22:03,13.125
####,09/03/2026 16:37:03,13.168
####,09/03/2026 16:52:03,13.146
####,09/03/2026 17:07:03,13.114
####,09/03/2026 17:22:03,13.157
####,09/03/2026 17:37:03,13.243
####,09/03/2026 17:52:03,13.307
####,09/03/2026 18:07:03,13.361
####,09/03/2026 18:22:03,13.404
####,09/03/2026 18:37:03,13.436
####,09/03/2026 18:52:03,13.522
####,09/03/2026 19:07:03,13.564
####,09/03/2026 19:22:03,13.618
####,09/03/2026 19:37:03,13.661
####,09/03/2026 19:52:03,13.672
####,09/03/2026 20:07:03,13.661
####,09/03/2026 20:22:03,13.64
####,09/03/2026 20:37:03,13.64
####,09/03/2026 20:52:03,13.64
####,09/03/2026 21:07:03,13.672
####,09/03/2026 21:22:03,13.725
####,09/03/2026 21:37:03,13.779
####,09/03/2026 21:52:03,13.811
####,09/03/2026 22:07:03,13.843
####,09/03/2026 22:22:03,13.8
####,09/03/2026 22:37:03,13.747
####,09/03/2026 22:52:03,13.725
####,09/03/2026 23:07:03,13.747
####,09/03/2026 23:22:03,13.779
####,09/03/2026 23:37:03,13.79
####,09/03/2026 23:52:03,13.779
####,09/04/2026 0:07:03,13.779
####,09/04/2026 0:22:03,13.758
####,09/04/2026 0:37:03,13.758
####,09/04/2026 0:52:03,13.736
####,09/04/2026 1:07:03,13.693
####,09/04/2026 1:22:03,13.414
####,09/04/2026 1:37:03,13.178
####,09/04/2026 1:52:03,12.942
####,09/04/2026 2:07:03,12.696
####,09/04/2026 2:22:03,12.374
####,09/04/2026 2:37:03,12.084
####,09/04/2026 2:52:03,12.009
####,09/04/2026 3:07:03,11.773
####,09/04/2026 3:22:03,11.741
####,09/04/2026 3:37:03,11.634
####,09/04/2026 3:52:03,11.602
####,09/04/2026 4:07:03,11.537
####,09/04/2026 4:22:03,11.473
####,09/04/2026 4:37:03,11.527
####,09/04/2026 4:52:03,11.505
####,09/04/2026 5:07:03,11.505
####,09/04/2026 5:22:03,11.462
####,09/04/2026 5:37:03,11.398
####,09/04/2026 5:52:03,11.344
####,09/04/2026 6:07:03,11.312
####,09/04/2026 6:22:03,11.28
####,09/04/2026 6:37:03,11.226
####,09/04/2026 6:52:03,11.28
####,09/04/2026 7:07:03,11.334
####,09/04/2026 7:22:03,11.398
####,09/04/2026 7:37:03,11.452
####,09/04/2026 7:52:03,11.484
####,09/04/2026 8:07:03,11.591
####,09/04/2026 8:22:03,11.806
####,09/04/2026 8:37:03,12.063
####,09/04/2026 8:52:03,12.385
####,09/04/2026 9:07:03,12.556
####,09/04/2026 9:22:03,12.728
####,09/04/2026 9:37:03,12.857
####,09/04/2026 9:52:03,13.017
####,09/04/2026 10:07:03,13.211
####,09/04/2026 10:22:03,13.296
####,09/04/2026 10:37:03,13.296
####,09/04/2026 10:52:03,13.307
####,09/04/2026 11:07:03,13.339
####,09/04/2026 11:22:03,13.329
####,09/04/2026 11:37:03,13.35
####,09/04/2026 11:52:03,13.35
####,09/04/2026 12:07:03,13.307
####,09/04/2026 12:22:03,13.307
####,09/04/2026 12:37:03,13.221
####,09/04/2026 12:52:03,13.007
####,09/04/2026 13:07:03,13.039
####,09/04/2026 13:22:03,13.286
####,09/04/2026 13:37:03,13.693
####,09/04/2026 13:52:03,13.983
####,09/04/2026 14:07:03,14.219
####,09/04/2026 14:22:03,14.315
####,09/04/2026 14:37:03,14.315
####,09/04/2026 14:52:03,14.315
####,09/04/2026 15:07:03,14.38
####,09/04/2026 15:22:03,14.476
####,09/04/2026 15:37:03,14.701
####,09/04/2026 15:52:03,14.09
####,09/04/2026 16:07:03,13.414
####,09/04/2026 16:22:03,13.146
####,09/04/2026 16:37:03,12.985
####,09/04/2026 16:52:03,12.889
####,09/04/2026 17:07:03,12.889
####,09/04/2026 17:22:03,12.803
####,09/04/2026 17:37:03,12.814
####,09/04/2026 17:52:03,12.792
####,09/04/2026 18:07:03,12.803
####,09/04/2026 18:22:03,12.835
####,09/04/2026 18:37:03,12.867
####,09/04/2026 18:52:03,12.889
####,09/04/2026 19:07:03,12.824
####,09/04/2026 19:22:03,12.835
####,09/04/2026 19:37:03,12.782
####,09/04/2026 19:52:03,12.749
####,09/04/2026 20:07:03,12.739
####,09/04/2026 20:22:03,12.706
####,09/04/2026 20:37:03,12.706
####,09/04/2026 20:52:03,12.706
####,09/04/2026 21:07:03,12.685
####,09/04/2026 21:22:03,12.685
####,09/04/2026 21:37:03,12.664
####,09/04/2026 21:52:03,12.664
####,09/04/2026 22:07:03,12.674
####,09/04/2026 22:22:03,12.685
####,09/04/2026 22:37:03,12.685
####,09/04/2026 22:52:03,12.664
####,09/04/2026 23:07:03,12.631
####,09/04/2026 23:22:03,12.631
####,09/04/2026 23:37:03,12.621
####,09/04/2026 23:52:03,12.631
####,09/05/2026 0:07:03,12.685
####,09/05/2026 0:22:03,12.792
####,09/05/2026 0:37:03,12.932
####,09/05/2026 0:52:03,13.039
####,09/05/2026 1:07:03,13.125
####,09/05/2026 1:22:03,13.178
####,09/05/2026 1:37:03,13.211
####,09/05/2026 1:52:03,13.232
####,09/05/2026 2:07:03,13.157
####,09/05/2026 2:22:03,13.06
####,09/05/2026 2:37:03,12.964
####,09/05/2026 2:52:03,12.857
####,09/05/2026 3:07:03,12.792
####,09/05/2026 3:22:03,12.717
####,09/05/2026 3:37:03,12.546
####,09/05/2026 3:52:03,12.449
####,09/05/2026 4:07:03,12.363
####,09/05/2026 4:22:03,12.299
####,09/05/2026 4:37:03,12.288
####,09/05/2026 4:52:03,12.181
####,09/05/2026 5:07:03,12.106
####,09/05/2026 5:22:03,11.999
####,09/05/2026 5:37:03,11.859
####,09/05/2026 5:52:03,11.827
####,09/05/2026 6:07:03,11.752
####,09/05/2026 6:22:03,11.623
####,09/05/2026 6:37:03,11.57
####,09/05/2026 6:52:03,11.613
####,09/05/2026 7:07:03,11.57
####,09/05/2026 7:22:03,11.495
####,09/05/2026 7:37:03,11.505
####,09/05/2026 7:52:03,11.537
####,09/05/2026 8:07:03,11.537
####,09/05/2026 8:22:03,11.441
####,09/05/2026 8:37:03,11.527
####,09/05/2026 8:52:03,11.57
####,09/05/2026 9:07:03,11.666
####,09/05/2026 9:22:03,11.773
####,09/05/2026 9:37:03,12.106
####,09/05/2026 9:52:03,12.192
####,09/05/2026 10:07:03,12.578
####,09/05/2026 10:22:03,12.857
####,09/05/2026 10:37:03,13.039
####,09/05/2026 10:52:03,13.264
####,09/05/2026 11:07:03,13.446
####,09/05/2026 11:22:03,13.543
####,09/05/2026 11:37:03,13.532
####,09/05/2026 11:52:03,13.607
####,09/05/2026 12:07:03,13.747
####,09/05/2026 12:22:03,13.876
####,09/05/2026 12:37:03,13.983
####,09/05/2026 12:52:03,14.079
####,09/05/2026 13:07:03,14.026
####,09/05/2026 13:22:03,13.5
####,09/05/2026 13:37:03,13.06
####,09/05/2026 13:52:03,12.857
####,09/05/2026 14:07:03,12.771
####,09/05/2026 14:22:03,12.771
####,09/05/2026 14:37:03,12.674
####,09/05/2026 14:52:03,12.728
####,09/05/2026 15:07:03,12.771
####,09/05/2026 15:22:03,12.749
####,09/05/2026 15:37:03,12.674
####,09/05/2026 15:52:03,12.728
####,09/05/2026 16:07:03,13.339
####,09/05/2026 16:22:03,13.554
####,09/05/2026 16:37:03,13.672
####,09/05/2026 16:52:03,13.693
####,09/05/2026 17:07:03,13.693
####,09/05/2026 17:22:03,13.725
####,09/05/2026 17:37:03,13.736
####,09/05/2026 17:52:03,13.758
####,09/05/2026 18:07:03,13.747
####,09/05/2026 18:22:03,13.64
####,09/05/2026 18:37:03,13.532
####,09/05/2026 18:52:03,13.511
####,09/05/2026 19:07:03,13.522
####,09/05/2026 19:22:03,13.543
####,09/05/2026 19:37:03,13.554
####,09/05/2026 19:52:03,13.597
####,09/05/2026 20:07:03,13.693
####,09/05/2026 20:22:03,13.768
####,09/05/2026 20:37:03,13.822
####,09/05/2026 20:52:03,13.876
####,09/05/2026 21:07:03,13.897
####,09/05/2026 21:22:03,13.908
####,09/05/2026 21:37:03,13.929
####,09/05/2026 21:52:03,13.929
####,09/05/2026 22:07:03,13.929
####,09/05/2026 22:22:03,13.918
####,09/05/2026 22:37:03,13.811
####,09/05/2026 22:52:03,13.747
####,09/05/2026 23:07:03,13.65
####,09/05/2026 23:22:03,13.457
####,09/05/2026 23:37:03,13.393
####,09/05/2026 23:52:03,13.35
####,09/06/2026 0:07:03,13.382
####,09/06/2026 0:22:03,13.393
####,09/06/2026 0:37:03,13.414
####,09/06/2026 0:52:03,13.425
####,09/06/2026 1:07:03,13.468
####,09/06/2026 1:22:03,13.543
####,09/06/2026 1:37:03,13.586
####,09/06/2026 1:52:03,13.65
####,09/06/2026 2:07:03,13.682
####,09/06/2026 2:22:03,13.715
####,09/06/2026 2:37:03,13.736
####,09/06/2026 2:52:03,13.725
####,09/06/2026 3:07:03,13.489
####,09/06/2026 3:22:03,13.232
####,09/06/2026 3:37:03,13.146
####,09/06/2026 3:52:03,12.953
####,09/06/2026 4:07:03,12.782
####,09/06/2026 4:22:03,12.546
####,09/06/2026 4:37:03,12.31
####,09/06/2026 4:52:03,12.181
####,09/06/2026 5:07:03,12.084
####,09/06/2026 5:22:03,12.031
####,09/06/2026 5:37:03,11.945
####,09/06/2026 5:52:03,11.859
####,09/06/2026 6:07:03,11.72
####,09/06/2026 6:22:03,11.645
####,09/06/2026 6:37:03,11.548
####,09/06/2026 6:52:03,11.505