#,Date-Time (PDT),"Temperature , °C"
1,07/12/2026 21:21:59,21.201
2,07/12/2026 21:36:59,21.501
3,07/12/2026 21:51:59,21.276
4,07/12/2026 22:06:59,21.158
5,07/12/2026 22:21:59,21.061
6,07/12/2026 22:36:59,20.976
7,07/12/2026 22:51:59,20.900
8,07/12/2026 23:06:59,20.825
9,07/12/2026 23:21:59,20.740
10,07/12/2026 23:36:59,20.664
11,07/12/2026 23:51:59,20.600
12,07/13/2026 00:06:59,20.525
13,07/13/2026 00:21:59,20.461
14,07/13/2026 00:36:59,20.396
15,07/13/2026 00:51:59,20.300
16,07/13/2026 01:06:59,20.203
17,07/13/2026 01:21:59,20.075
18,07/13/2026 01:36:59,19.946
19,07/13/2026 01:51:59,19.828
20,07/13/2026 02:06:59,19.689
21,07/13/2026 02:21:59,19.560
22,07/13/2026 02:36:59,19.420
23,07/13/2026 02:51:59,19.292
24,07/13/2026 03:06:59,19.163
25,07/13/2026 03:21:59,19.045
26,07/13/2026 03:36:59,18.916
27,07/13/2026 03:51:59,18.798
28,07/13/2026 04:06:59,18.670
29,07/13/2026 04:21:59,18.552
30,07/13/2026 04:36:59,18.434
31,07/13/2026 04:51:59,18.316
32,07/13/2026 05:06:59,18.208
33,07/13/2026 05:21:59,18.090
34,07/13/2026 05:36:59,17.983
35,07/13/2026 05:51:59,17.865
36,07/13/2026 06:06:59,17.769
37,07/13/2026 06:21:59,16.943
38,07/13/2026 06:36:59,16.535
39,07/13/2026 06:51:59,15.935
40,07/13/2026 07:06:59,16.557
41,07/13/2026 07:21:59,17.275
42,07/13/2026 07:36:59,17.779
43,07/13/2026 07:51:59,17.822
44,07/13/2026 08:06:59,18.241
45,07/13/2026 08:21:59,19.013
46,07/13/2026 08:36:59,19.560
47,07/13/2026 08:51:59,19.871
48,07/13/2026 09:06:59,19.914
49,07/13/2026 09:21:59,19.860
50,07/13/2026 09:36:59,20.235
51,07/13/2026 09:51:59,20.997
52,07/13/2026 10:06:59,20.976
53,07/13/2026 10:21:59,20.815
54,07/13/2026 10:36:59,20.697
55,07/13/2026 10:51:59,20.664
56,07/13/2026 11:06:59,20.707
57,07/13/2026 11:21:59,20.793
58,07/13/2026 11:36:59,20.933
59,07/13/2026 11:51:59,24.697
60,07/13/2026 12:06:59,26.842
61,07/13/2026 12:21:59,24.408
62,07/13/2026 12:36:59,25.115
63,07/13/2026 12:51:59,25.727
64,07/13/2026 13:06:59,19.109
65,07/13/2026 13:21:59,18.755
66,07/13/2026 13:36:59,18.305
67,07/13/2026 13:51:59,17.479
68,07/13/2026 14:06:59,17.029
69,07/13/2026 14:21:59,16.289
70,07/13/2026 14:36:59,15.967
71,07/13/2026 14:51:59,15.795
72,07/13/2026 15:06:59,15.709
73,07/13/2026 15:21:59,15.602
74,07/13/2026 15:36:59,15.474
75,07/13/2026 15:51:59,15.452
76,07/13/2026 16:06:59,15.409
77,07/13/2026 16:21:59,15.388
78,07/13/2026 16:36:59,15.388
79,07/13/2026 16:51:59,15.398
80,07/13/2026 17:06:59,15.313
81,07/13/2026 17:21:59,15.238
82,07/13/2026 17:36:59,15.259
83,07/13/2026 17:51:59,15.345
84,07/13/2026 18:06:59,15.441
85,07/13/2026 18:21:59,15.538
86,07/13/2026 18:36:59,15.742
87,07/13/2026 18:51:59,15.570
88,07/13/2026 19:06:59,15.538
89,07/13/2026 19:21:59,15.538
90,07/13/2026 19:36:59,15.624
91,07/13/2026 19:51:59,15.688
92,07/13/2026 20:06:59,15.795
93,07/13/2026 20:21:59,15.849
94,07/13/2026 20:36:59,15.709
95,07/13/2026 20:51:59,15.559
96,07/13/2026 21:06:59,15.216
97,07/13/2026 21:21:59,15.087
98,07/13/2026 21:36:59,15.087
99,07/13/2026 21:51:59,15.259
100,07/13/2026 22:06:59,15.302
101,07/13/2026 22:21:59,15.377
102,07/13/2026 22:36:59,15.345
103,07/13/2026 22:51:59,15.388
104,07/13/2026 23:06:59,15.441
105,07/13/2026 23:21:59,15.506
106,07/13/2026 23:36:59,15.506
107,07/13/2026 23:51:59,15.645
108,07/14/2026 00:06:59,15.731
109,07/14/2026 00:21:59,15.452
110,07/14/2026 00:36:59,15.420
111,07/14/2026 00:51:59,15.592
112,07/14/2026 01:06:59,15.624
113,07/14/2026 01:21:59,15.634
114,07/14/2026 01:36:59,15.709
115,07/14/2026 01:51:59,15.238
116,07/14/2026 02:06:59,14.980
117,07/14/2026 02:21:59,14.884
118,07/14/2026 02:36:59,14.862
119,07/14/2026 02:51:59,14.819
120,07/14/2026 03:06:59,14.776
121,07/14/2026 03:21:59,14.766
122,07/14/2026 03:36:59,14.766
123,07/14/2026 03:51:59,14.787
124,07/14/2026 04:06:59,14.798
125,07/14/2026 04:21:59,14.851
126,07/14/2026 04:36:59,14.851
127,07/14/2026 04:51:59,14.819
128,07/14/2026 05:06:59,14.819
129,07/14/2026 05:21:59,14.819
130,07/14/2026 05:36:59,14.851
131,07/14/2026 05:51:59,14.927
132,07/14/2026 06:06:59,15.012
133,07/14/2026 06:21:59,15.248
134,07/14/2026 06:36:59,15.109
135,07/14/2026 06:51:59,15.045
136,07/14/2026 07:06:59,15.248
137,07/14/2026 07:21:59,15.484
138,07/14/2026 07:36:59,15.667
139,07/14/2026 07:51:59,15.709
140,07/14/2026 08:06:59,15.742
141,07/14/2026 08:21:59,15.763
142,07/14/2026 08:36:59,15.838
143,07/14/2026 08:51:59,15.870
144,07/14/2026 09:06:59,15.978
145,07/14/2026 09:21:59,16.224
146,07/14/2026 09:36:59,16.653
147,07/14/2026 09:51:59,18.401
148,07/14/2026 10:06:59,20.836
149,07/14/2026 10:21:59,21.919
150,07/14/2026 10:36:59,23.045
151,07/14/2026 10:51:59,24.225
152,07/14/2026 11:06:59,25.255
153,07/14/2026 11:21:59,25.920
154,07/14/2026 11:36:59,26.681
155,07/14/2026 11:51:59,27.100
156,07/14/2026 12:06:59,27.797
157,07/14/2026 12:21:59,28.794
158,07/14/2026 12:36:59,29.481
159,07/14/2026 12:51:59,29.995
160,07/14/2026 13:06:59,30.253
161,07/14/2026 13:21:59,30.853
162,07/14/2026 13:36:59,31.003
163,07/14/2026 13:51:59,22.874
164,07/14/2026 14:06:59,20.375
165,07/14/2026 14:21:59,19.753
166,07/14/2026 14:36:59,19.260
167,07/14/2026 14:51:59,17.876
168,07/14/2026 15:06:59,17.093
169,07/14/2026 15:21:59,16.696
170,07/14/2026 15:36:59,16.600
171,07/14/2026 15:51:59,16.342
172,07/14/2026 16:06:59,15.967
173,07/14/2026 16:21:59,15.967
174,07/14/2026 16:36:59,15.860
175,07/14/2026 16:51:59,15.709
176,07/14/2026 17:06:59,15.634
177,07/14/2026 17:21:59,15.570
178,07/14/2026 17:36:59,15.484
179,07/14/2026 17:51:59,15.420
180,07/14/2026 18:06:59,15.388
181,07/14/2026 18:21:59,15.441
182,07/14/2026 18:36:59,15.431
183,07/14/2026 18:51:59,15.484
184,07/14/2026 19:06:59,15.677
185,07/14/2026 19:21:59,15.484
186,07/14/2026 19:36:59,15.313
187,07/14/2026 19:51:59,15.248
188,07/14/2026 20:06:59,15.248
189,07/14/2026 20:21:59,15.216
190,07/14/2026 20:36:59,15.238
191,07/14/2026 20:51:59,14.851
192,07/14/2026 21:06:59,14.648
193,07/14/2026 21:21:59,14.626
194,07/14/2026 21:36:59,14.637
195,07/14/2026 21:51:59,14.669
196,07/14/2026 22:06:59,14.669
197,07/14/2026 22:21:59,14.734
198,07/14/2026 22:36:59,14.819
199,07/14/2026 22:51:59,14.937
200,07/14/2026 23:06:59,15.034
201,07/14/2026 23:21:59,14.798
202,07/14/2026 23:36:59,14.766
203,07/14/2026 23:51:59,15.023
204,07/15/2026 00:06:59,15.098
205,07/15/2026 00:21:59,15.184
206,07/15/2026 00:36:59,15.141
207,07/15/2026 00:51:59,15.077
208,07/15/2026 01:06:59,14.884
209,07/15/2026 01:21:59,14.894
210,07/15/2026 01:36:59,14.894
211,07/15/2026 01:51:59,14.819
212,07/15/2026 02:06:59,14.734
213,07/15/2026 02:21:59,14.680
214,07/15/2026 02:36:59,14.658
215,07/15/2026 02:51:59,14.648
216,07/15/2026 03:06:59,14.637
217,07/15/2026 03:21:59,14.701
218,07/15/2026 03:36:59,14.787
219,07/15/2026 03:51:59,14.851
220,07/15/2026 04:06:59,14.894
221,07/15/2026 04:21:59,14.916
222,07/15/2026 04:36:59,14.937
223,07/15/2026 04:51:59,14.959
224,07/15/2026 05:06:59,14.905
225,07/15/2026 05:21:59,14.937
226,07/15/2026 05:36:59,14.937
227,07/15/2026 05:51:59,14.927
228,07/15/2026 06:06:59,14.905
229,07/15/2026 06:21:59,14.905
230,07/15/2026 06:36:59,14.873
231,07/15/2026 06:51:59,14.787
232,07/15/2026 07:06:59,14.669
233,07/15/2026 07:21:59,15.173
234,07/15/2026 07:36:59,15.398
235,07/15/2026 07:51:59,15.248
236,07/15/2026 08:06:59,15.506
237,07/15/2026 08:21:59,15.506
238,07/15/2026 08:36:59,15.656
239,07/15/2026 08:51:59,15.709
240,07/15/2026 09:06:59,15.699
241,07/15/2026 09:21:59,15.709
242,07/15/2026 09:36:59,15.688
243,07/15/2026 09:51:59,15.806
244,07/15/2026 10:06:59,16.063
245,07/15/2026 10:21:59,16.396
246,07/15/2026 10:36:59,17.200
247,07/15/2026 10:51:59,19.109
248,07/15/2026 11:06:59,21.437
249,07/15/2026 11:21:59,23.035
250,07/15/2026 11:36:59,24.429
251,07/15/2026 11:51:59,25.566
252,07/15/2026 12:06:59,26.585
253,07/15/2026 12:21:59,27.829
254,07/15/2026 12:36:59,28.376
255,07/15/2026 12:51:59,29.202
256,07/15/2026 13:06:59,29.695
257,07/15/2026 13:21:59,29.877
258,07/15/2026 13:36:59,30.328
259,07/15/2026 13:51:59,31.164
260,07/15/2026 14:06:59,31.701
261,07/15/2026 14:21:59,26.703
262,07/15/2026 14:36:59,20.858
263,07/15/2026 14:51:59,18.948
264,07/15/2026 15:06:59,18.316
265,07/15/2026 15:21:59,17.501
266,07/15/2026 15:36:59,16.653
267,07/15/2026 15:51:59,16.042
268,07/15/2026 16:06:59,15.827
269,07/15/2026 16:21:59,15.849
270,07/15/2026 16:36:59,15.827
271,07/15/2026 16:51:59,15.827
272,07/15/2026 17:06:59,15.774
273,07/15/2026 17:21:59,15.699
274,07/15/2026 17:36:59,15.538
275,07/15/2026 17:51:59,15.452
276,07/15/2026 18:06:59,15.345
277,07/15/2026 18:21:59,15.248
278,07/15/2026 18:36:59,15.109
279,07/15/2026 18:51:59,15.045
280,07/15/2026 19:06:59,15.066
281,07/15/2026 19:21:59,15.045
282,07/15/2026 19:36:59,15.109
283,07/15/2026 19:51:59,15.302
284,07/15/2026 20:06:59,15.205
285,07/15/2026 20:21:59,15.270
286,07/15/2026 20:36:59,15.409
287,07/15/2026 20:51:59,15.795
288,07/15/2026 21:06:59,15.742
289,07/15/2026 21:21:59,15.516
290,07/15/2026 21:36:59,15.366
291,07/15/2026 21:51:59,14.787
292,07/15/2026 22:06:59,14.937
293,07/15/2026 22:21:59,15.045
294,07/15/2026 22:36:59,15.045
295,07/15/2026 22:51:59,15.205
296,07/15/2026 23:06:59,14.744
297,07/15/2026 23:21:59,14.851
298,07/15/2026 23:36:59,14.766
299,07/15/2026 23:51:59,14.948
300,07/16/2026 00:06:59,15.034
301,07/16/2026 00:21:59,15.441
302,07/16/2026 00:36:59,15.592
303,07/16/2026 00:51:59,15.645
304,07/16/2026 01:06:59,15.656
305,07/16/2026 01:21:59,15.613
306,07/16/2026 01:36:59,15.570
307,07/16/2026 01:51:59,15.602
308,07/16/2026 02:06:59,15.624
309,07/16/2026 02:21:59,15.656
310,07/16/2026 02:36:59,15.366
311,07/16/2026 02:51:59,15.570
312,07/16/2026 03:06:59,15.592
313,07/16/2026 03:21:59,15.216
314,07/16/2026 03:36:59,15.173
315,07/16/2026 03:51:59,15.012
316,07/16/2026 04:06:59,14.766
317,07/16/2026 04:21:59,14.648
318,07/16/2026 04:36:59,14.626
319,07/16/2026 04:51:59,14.594
320,07/16/2026 05:06:59,14.573
321,07/16/2026 05:21:59,14.573
322,07/16/2026 05:36:59,14.583
323,07/16/2026 05:51:59,14.626
324,07/16/2026 06:06:59,14.669
325,07/16/2026 06:21:59,14.669
326,07/16/2026 06:36:59,14.669
327,07/16/2026 06:51:59,14.723
328,07/16/2026 07:06:59,14.744
329,07/16/2026 07:21:59,14.712
330,07/16/2026 07:36:59,14.680
331,07/16/2026 07:51:59,14.744
332,07/16/2026 08:06:59,14.819
333,07/16/2026 08:21:59,14.905
334,07/16/2026 08:36:59,14.884
335,07/16/2026 08:51:59,14.851
336,07/16/2026 09:06:59,14.873
337,07/16/2026 09:21:59,14.894
338,07/16/2026 09:36:59,14.980
339,07/16/2026 09:51:59,15.077
340,07/16/2026 10:06:59,15.055
341,07/16/2026 10:21:59,15.195
342,07/16/2026 10:36:59,15.280
343,07/16/2026 10:51:59,15.345
344,07/16/2026 11:06:59,15.313
345,07/16/2026 11:21:59,15.173
346,07/16/2026 11:36:59,15.248
347,07/16/2026 11:51:59,15.248
348,07/16/2026 12:06:59,14.734
349,07/16/2026 12:21:59,14.669
350,07/16/2026 12:36:59,14.851
351,07/16/2026 12:51:59,15.023
352,07/16/2026 13:06:59,15.195
353,07/16/2026 13:21:59,15.334
354,07/16/2026 13:36:59,15.624
355,07/16/2026 13:51:59,15.806
356,07/16/2026 14:06:59,16.782
357,07/16/2026 14:21:59,17.522
358,07/16/2026 14:36:59,18.477
359,07/16/2026 14:51:59,16.042
360,07/16/2026 15:06:59,15.656
361,07/16/2026 15:21:59,15.656
362,07/16/2026 15:36:59,15.677
363,07/16/2026 15:51:59,15.849
364,07/16/2026 16:06:59,15.742
365,07/16/2026 16:21:59,15.570
366,07/16/2026 16:36:59,15.538
367,07/16/2026 16:51:59,15.538
368,07/16/2026 17:06:59,15.516
369,07/16/2026 17:21:59,15.506
370,07/16/2026 17:36:59,15.484
371,07/16/2026 17:51:59,15.484
372,07/16/2026 18:06:59,15.506
373,07/16/2026 18:21:59,15.516
374,07/16/2026 18:36:59,15.527
375,07/16/2026 18:51:59,15.538
376,07/16/2026 19:06:59,15.538
377,07/16/2026 19:21:59,15.538
378,07/16/2026 19:36:59,15.570
379,07/16/2026 19:51:59,15.570
380,07/16/2026 20:06:59,15.602
381,07/16/2026 20:21:59,15.656
382,07/16/2026 20:36:59,15.720
383,07/16/2026 20:51:59,15.677
384,07/16/2026 21:06:59,15.667
385,07/16/2026 21:21:59,15.592
386,07/16/2026 21:36:59,15.345
387,07/16/2026 21:51:59,15.045
388,07/16/2026 22:06:59,14.873
389,07/16/2026 22:21:59,14.648
390,07/16/2026 22:36:59,14.626
391,07/16/2026 22:51:59,14.669
392,07/16/2026 23:06:59,14.701
393,07/16/2026 23:21:59,14.776
394,07/16/2026 23:36:59,14.862
395,07/16/2026 23:51:59,14.959
396,07/17/2026 00:06:59,15.077
397,07/17/2026 00:21:59,15.109
398,07/17/2026 00:36:59,15.173
399,07/17/2026 00:51:59,15.195
400,07/17/2026 01:06:59,15.463
401,07/17/2026 01:21:59,15.506
402,07/17/2026 01:36:59,15.527
403,07/17/2026 01:51:59,15.538
404,07/17/2026 02:06:59,15.570
405,07/17/2026 02:21:59,15.559
406,07/17/2026 02:36:59,15.559
407,07/17/2026 02:51:59,15.549
408,07/17/2026 03:06:59,15.549
409,07/17/2026 03:21:59,15.559
410,07/17/2026 03:36:59,15.570
411,07/17/2026 03:51:59,15.570
412,07/17/2026 04:06:59,15.570
413,07/17/2026 04:21:59,15.570
414,07/17/2026 04:36:59,15.581
415,07/17/2026 04:51:59,15.592
416,07/17/2026 05:06:59,15.592
417,07/17/2026 05:21:59,15.592
418,07/17/2026 05:36:59,15.602
419,07/17/2026 05:51:59,15.624
420,07/17/2026 06:06:59,15.613
421,07/17/2026 06:21:59,15.624
422,07/17/2026 06:36:59,15.613
423,07/17/2026 06:51:59,15.624
424,07/17/2026 07:06:59,15.624
425,07/17/2026 07:21:59,15.559
426,07/17/2026 07:36:59,15.516
427,07/17/2026 07:51:59,15.538
428,07/17/2026 08:06:59,15.602
429,07/17/2026 08:21:59,15.624
430,07/17/2026 08:36:59,15.624
431,07/17/2026 08:51:59,15.624
432,07/17/2026 09:06:59,15.570
433,07/17/2026 09:21:59,15.538
434,07/17/2026 09:36:59,15.592
435,07/17/2026 09:51:59,15.624
436,07/17/2026 10:06:59,15.677
437,07/17/2026 10:21:59,15.795
438,07/17/2026 10:36:59,15.817
439,07/17/2026 10:51:59,15.913
440,07/17/2026 11:06:59,15.967
441,07/17/2026 11:21:59,16.299
442,07/17/2026 11:36:59,16.482
443,07/17/2026 11:51:59,16.728
444,07/17/2026 12:06:59,17.232
445,07/17/2026 12:21:59,17.951
446,07/17/2026 12:36:59,18.906
447,07/17/2026 12:51:59,20.107
448,07/17/2026 13:06:59,22.037
449,07/17/2026 13:21:59,23.303
450,07/17/2026 13:36:59,24.568
451,07/17/2026 13:51:59,25.491
452,07/17/2026 14:06:59,25.855
453,07/17/2026 14:21:59,26.381
454,07/17/2026 14:36:59,28.065
455,07/17/2026 14:51:59,28.419
456,07/17/2026 15:06:59,22.810
457,07/17/2026 15:21:59,21.115
458,07/17/2026 15:36:59,20.504
459,07/17/2026 15:51:59,19.613
460,07/17/2026 16:06:59,18.455
461,07/17/2026 16:21:59,17.844
462,07/17/2026 16:36:59,17.447
463,07/17/2026 16:51:59,17.211
464,07/17/2026 17:06:59,17.029
465,07/17/2026 17:21:59,16.964
466,07/17/2026 17:36:59,16.814
467,07/17/2026 17:51:59,16.836
468,07/17/2026 18:06:59,16.771
469,07/17/2026 18:21:59,16.718
470,07/17/2026 18:36:59,16.739
471,07/17/2026 18:51:59,16.685
472,07/17/2026 19:06:59,16.664
473,07/17/2026 19:21:59,16.632
474,07/17/2026 19:36:59,16.632
475,07/17/2026 19:51:59,16.621
476,07/17/2026 20:06:59,16.589
477,07/17/2026 20:21:59,16.557
478,07/17/2026 20:36:59,16.568
479,07/17/2026 20:51:59,16.568
480,07/17/2026 21:06:59,16.546
481,07/17/2026 21:21:59,15.742
482,07/17/2026 21:36:59,15.463
483,07/17/2026 21:51:59,15.323
484,07/17/2026 22:06:59,15.173
485,07/17/2026 22:21:59,15.120
486,07/17/2026 22:36:59,14.766
487,07/17/2026 22:51:59,14.755
488,07/17/2026 23:06:59,14.819
489,07/17/2026 23:21:59,14.894
490,07/17/2026 23:36:59,14.937
491,07/17/2026 23:51:59,14.991
492,07/18/2026 00:06:59,15.034
493,07/18/2026 00:21:59,15.098
494,07/18/2026 00:36:59,15.152
495,07/18/2026 00:51:59,15.109
496,07/18/2026 01:06:59,15.109
497,07/18/2026 01:21:59,15.205
498,07/18/2026 01:36:59,15.313
499,07/18/2026 01:51:59,15.302
500,07/18/2026 02:06:59,15.366
501,07/18/2026 02:21:59,15.420
502,07/18/2026 02:36:59,15.441
503,07/18/2026 02:51:59,15.431
504,07/18/2026 03:06:59,15.377
505,07/18/2026 03:21:59,15.195
506,07/18/2026 03:36:59,15.098
507,07/18/2026 03:51:59,15.023
508,07/18/2026 04:06:59,15.012
509,07/18/2026 04:21:59,14.980
510,07/18/2026 04:36:59,14.916
511,07/18/2026 04:51:59,14.873
512,07/18/2026 05:06:59,14.884
513,07/18/2026 05:21:59,14.969
514,07/18/2026 05:36:59,15.109
515,07/18/2026 05:51:59,15.205
516,07/18/2026 06:06:59,15.388
517,07/18/2026 06:21:59,15.527
518,07/18/2026 06:36:59,15.570
519,07/18/2026 06:51:59,15.624
520,07/18/2026 07:06:59,15.656
521,07/18/2026 07:21:59,15.656
522,07/18/2026 07:36:59,15.656
523,07/18/2026 07:51:59,15.463
524,07/18/2026 08:06:59,15.356
525,07/18/2026 08:21:59,15.302
526,07/18/2026 08:36:59,15.302
527,07/18/2026 08:51:59,15.323
528,07/18/2026 09:06:59,15.366
529,07/18/2026 09:21:59,15.409
530,07/18/2026 09:36:59,15.441
531,07/18/2026 09:51:59,15.366
532,07/18/2026 10:06:59,15.302
533,07/18/2026 10:21:59,15.398
534,07/18/2026 10:36:59,15.506
535,07/18/2026 10:51:59,15.484
536,07/18/2026 11:06:59,15.559
537,07/18/2026 11:21:59,15.602
538,07/18/2026 11:36:59,15.634
539,07/18/2026 11:51:59,15.903
540,07/18/2026 12:06:59,15.999
541,07/18/2026 12:21:59,16.096
542,07/18/2026 12:36:59,16.289
543,07/18/2026 12:51:59,16.514
544,07/18/2026 13:06:59,16.696
545,07/18/2026 13:21:59,17.093
546,07/18/2026 13:36:59,17.726
547,07/18/2026 13:51:59,18.616
548,07/18/2026 14:06:59,19.624
549,07/18/2026 14:21:59,20.193
550,07/18/2026 14:36:59,20.514
551,07/18/2026 14:51:59,19.774
552,07/18/2026 15:06:59,18.873
553,07/18/2026 15:21:59,18.959
554,07/18/2026 15:36:59,18.648
555,07/18/2026 15:51:59,18.348
556,07/18/2026 16:06:59,18.616
557,07/18/2026 16:21:59,18.895
558,07/18/2026 16:36:59,18.841
559,07/18/2026 16:51:59,18.788
560,07/18/2026 17:06:59,18.734
561,07/18/2026 17:21:59,17.930
562,07/18/2026 17:36:59,17.619
563,07/18/2026 17:51:59,17.350
564,07/18/2026 18:06:59,17.147
565,07/18/2026 18:21:59,16.718
566,07/18/2026 18:36:59,16.310
567,07/18/2026 18:51:59,16.010
568,07/18/2026 19:06:59,15.827
569,07/18/2026 19:21:59,15.763
570,07/18/2026 19:36:59,15.742
571,07/18/2026 19:51:59,15.817
572,07/18/2026 20:06:59,15.870
573,07/18/2026 20:21:59,15.827
574,07/18/2026 20:36:59,15.881
575,07/18/2026 20:51:59,15.763
576,07/18/2026 21:06:59,15.709
577,07/18/2026 21:21:59,15.667
578,07/18/2026 21:36:59,15.656
579,07/18/2026 21:51:59,15.409
580,07/18/2026 22:06:59,15.216
581,07/18/2026 22:21:59,15.216
582,07/18/2026 22:36:59,15.098
583,07/18/2026 22:51:59,15.034
584,07/18/2026 23:06:59,14.884
585,07/18/2026 23:21:59,14.701
586,07/18/2026 23:36:59,14.755
587,07/18/2026 23:51:59,14.669
588,07/19/2026 00:06:59,14.734
589,07/19/2026 00:21:59,14.851
590,07/19/2026 00:36:59,14.937
591,07/19/2026 00:51:59,14.798
592,07/19/2026 01:06:59,14.851
593,07/19/2026 01:21:59,14.841
594,07/19/2026 01:36:59,14.851
595,07/19/2026 01:51:59,14.884
596,07/19/2026 02:06:59,14.948
597,07/19/2026 02:21:59,15.023
598,07/19/2026 02:36:59,15.141
599,07/19/2026 02:51:59,15.227
600,07/19/2026 03:06:59,15.323
601,07/19/2026 03:21:59,15.366
602,07/19/2026 03:36:59,15.366
603,07/19/2026 03:51:59,15.377
604,07/19/2026 04:06:59,15.377
605,07/19/2026 04:21:59,15.356
606,07/19/2026 04:36:59,15.302
607,07/19/2026 04:51:59,15.045
608,07/19/2026 05:06:59,14.937
609,07/19/2026 05:21:59,14.862
610,07/19/2026 05:36:59,14.809
611,07/19/2026 05:51:59,14.637
612,07/19/2026 06:06:59,14.498
613,07/19/2026 06:21:59,14.476
614,07/19/2026 06:36:59,14.530
615,07/19/2026 06:51:59,14.551
616,07/19/2026 07:06:59,14.583
617,07/19/2026 07:21:59,14.648
618,07/19/2026 07:36:59,14.669
619,07/19/2026 07:51:59,14.648
620,07/19/2026 08:06:59,14.712
621,07/19/2026 08:21:59,14.734
622,07/19/2026 08:36:59,14.734
623,07/19/2026 08:51:59,14.776
624,07/19/2026 09:06:59,14.819
625,07/19/2026 09:21:59,14.819
626,07/19/2026 09:36:59,14.798
627,07/19/2026 09:51:59,14.851
628,07/19/2026 10:06:59,14.959
629,07/19/2026 10:21:59,14.969
630,07/19/2026 10:36:59,14.959
631,07/19/2026 10:51:59,14.959
632,07/19/2026 11:06:59,15.066
633,07/19/2026 11:21:59,15.302
634,07/19/2026 11:36:59,15.066
635,07/19/2026 11:51:59,14.969
636,07/19/2026 12:06:59,14.969
637,07/19/2026 12:21:59,15.109
638,07/19/2026 12:36:59,15.238
639,07/19/2026 12:51:59,15.280
640,07/19/2026 13:06:59,15.527
641,07/19/2026 13:21:59,15.913
642,07/19/2026 13:36:59,16.096
643,07/19/2026 13:51:59,15.967
644,07/19/2026 14:06:59,16.117
645,07/19/2026 14:21:59,16.278
646,07/19/2026 14:36:59,16.342
647,07/19/2026 14:51:59,16.535
648,07/19/2026 15:06:59,16.793
649,07/19/2026 15:21:59,16.943
650,07/19/2026 15:36:59,17.608
651,07/19/2026 15:51:59,17.436
652,07/19/2026 16:06:59,17.350
653,07/19/2026 16:21:59,16.911
654,07/19/2026 16:36:59,16.911
655,07/19/2026 16:51:59,16.986
656,07/19/2026 17:06:59,16.278
657,07/19/2026 17:21:59,15.785
658,07/19/2026 17:36:59,15.849
659,07/19/2026 17:51:59,16.085
660,07/19/2026 18:06:59,16.224
661,07/19/2026 18:21:59,16.149
662,07/19/2026 18:36:59,16.171
663,07/19/2026 18:51:59,16.128
664,07/19/2026 19:06:59,16.085
665,07/19/2026 19:21:59,16.021
666,07/19/2026 19:36:59,15.924
667,07/19/2026 19:51:59,15.881
668,07/19/2026 20:06:59,15.881
669,07/19/2026 20:21:59,15.827
670,07/19/2026 20:36:59,15.795
671,07/19/2026 20:51:59,15.817
672,07/19/2026 21:06:59,15.806
673,07/19/2026 21:21:59,15.827
674,07/19/2026 21:36:59,15.870
675,07/19/2026 21:51:59,15.892
676,07/19/2026 22:06:59,15.849
677,07/19/2026 22:21:59,15.581
678,07/19/2026 22:36:59,15.323
679,07/19/2026 22:51:59,15.334
680,07/19/2026 23:06:59,15.173
681,07/19/2026 23:21:59,15.130
682,07/19/2026 23:36:59,14.830
683,07/19/2026 23:51:59,14.530
684,07/20/2026 00:06:59,14.616
685,07/20/2026 00:21:59,14.734
686,07/20/2026 00:36:59,14.916
687,07/20/2026 00:51:59,14.776
688,07/20/2026 01:06:59,14.894
689,07/20/2026 01:21:59,14.959
690,07/20/2026 01:36:59,15.109
691,07/20/2026 01:51:59,15.195
692,07/20/2026 02:06:59,15.248
693,07/20/2026 02:21:59,15.195
694,07/20/2026 02:36:59,15.313
695,07/20/2026 02:51:59,15.506
696,07/20/2026 03:06:59,15.613
697,07/20/2026 03:21:59,15.570
698,07/20/2026 03:36:59,15.570
699,07/20/2026 03:51:59,15.634
700,07/20/2026 04:06:59,15.634
701,07/20/2026 04:21:59,15.602
702,07/20/2026 04:36:59,15.592
703,07/20/2026 04:51:59,15.602
704,07/20/2026 05:06:59,15.602
705,07/20/2026 05:21:59,15.581
706,07/20/2026 05:36:59,15.538
707,07/20/2026 05:51:59,15.420
708,07/20/2026 06:06:59,15.420
709,07/20/2026 06:21:59,15.238
710,07/20/2026 06:36:59,15.023
711,07/20/2026 06:51:59,14.830
712,07/20/2026 07:06:59,14.648
713,07/20/2026 07:21:59,14.551
714,07/20/2026 07:36:59,14.594
715,07/20/2026 07:51:59,14.669
716,07/20/2026 08:06:59,14.637
717,07/20/2026 08:21:59,14.637
718,07/20/2026 08:36:59,14.819
719,07/20/2026 08:51:59,14.873
720,07/20/2026 09:06:59,14.948
721,07/20/2026 09:21:59,15.023
722,07/20/2026 09:36:59,15.195
723,07/20/2026 09:51:59,15.173
724,07/20/2026 10:06:59,15.195
725,07/20/2026 10:21:59,15.291
726,07/20/2026 10:36:59,15.345
727,07/20/2026 10:51:59,15.356
728,07/20/2026 11:06:59,15.366
729,07/20/2026 11:21:59,15.377
730,07/20/2026 11:36:59,15.248
731,07/20/2026 11:51:59,15.130
732,07/20/2026 12:06:59,15.195
733,07/20/2026 12:21:59,15.227
734,07/20/2026 12:36:59,15.280
735,07/20/2026 12:51:59,15.280
736,07/20/2026 13:06:59,15.163
737,07/20/2026 13:21:59,14.905
738,07/20/2026 13:36:59,14.916
739,07/20/2026 13:51:59,14.862
740,07/20/2026 14:06:59,15.023
741,07/20/2026 14:21:59,15.163
742,07/20/2026 14:36:59,15.152
743,07/20/2026 14:51:59,14.884
744,07/20/2026 15:06:59,14.787
745,07/20/2026 15:21:59,14.884
746,07/20/2026 15:36:59,15.002
747,07/20/2026 15:51:59,15.002
748,07/20/2026 16:06:59,15.055
749,07/20/2026 16:21:59,15.216
750,07/20/2026 16:36:59,15.484
751,07/20/2026 16:51:59,15.699
752,07/20/2026 17:06:59,16.546
753,07/20/2026 17:21:59,15.431
754,07/20/2026 17:36:59,16.407
755,07/20/2026 17:51:59,15.656
756,07/20/2026 18:06:59,16.471
757,07/20/2026 18:21:59,16.332
758,07/20/2026 18:36:59,16.310
759,07/20/2026 18:51:59,16.171
760,07/20/2026 19:06:59,16.031
761,07/20/2026 19:21:59,15.463
762,07/20/2026 19:36:59,15.323
763,07/20/2026 19:51:59,15.216
764,07/20/2026 20:06:59,15.163
765,07/20/2026 20:21:59,15.334
766,07/20/2026 20:36:59,15.602
767,07/20/2026 20:51:59,15.763
768,07/20/2026 21:06:59,16.128
769,07/20/2026 21:21:59,15.538
770,07/20/2026 21:36:59,15.366
771,07/20/2026 21:51:59,15.248
772,07/20/2026 22:06:59,15.205
773,07/20/2026 22:21:59,15.034
774,07/20/2026 22:36:59,14.927
775,07/20/2026 22:51:59,14.905
776,07/20/2026 23:06:59,14.916
777,07/20/2026 23:21:59,14.937
778,07/20/2026 23:36:59,14.948
779,07/20/2026 23:51:59,14.937
780,07/21/2026 00:06:59,14.712
781,07/21/2026 00:21:59,14.305
782,07/21/2026 00:36:59,14.326
783,07/21/2026 00:51:59,14.390
784,07/21/2026 01:06:59,14.444
785,07/21/2026 01:21:59,14.412
786,07/21/2026 01:36:59,15.163
787,07/21/2026 01:51:59,14.680
788,07/21/2026 02:06:59,14.390
789,07/21/2026 02:21:59,14.358
790,07/21/2026 02:36:59,14.412
791,07/21/2026 02:51:59,14.498
792,07/21/2026 03:06:59,14.712
793,07/21/2026 03:21:59,14.830
794,07/21/2026 03:36:59,15.055
795,07/21/2026 03:51:59,15.259
796,07/21/2026 04:06:59,15.742
797,07/21/2026 04:21:59,16.096
798,07/21/2026 04:36:59,15.699
799,07/21/2026 04:51:59,15.709
800,07/21/2026 05:06:59,15.849
801,07/21/2026 05:21:59,15.913
802,07/21/2026 05:36:59,16.021
803,07/21/2026 05:51:59,16.021
804,07/21/2026 06:06:59,16.074
805,07/21/2026 06:21:59,16.181
806,07/21/2026 06:36:59,16.214
807,07/21/2026 06:51:59,15.945
808,07/21/2026 07:06:59,15.216
809,07/21/2026 07:21:59,14.969
810,07/21/2026 07:36:59,14.937
811,07/21/2026 07:51:59,14.830
812,07/21/2026 08:06:59,14.734
813,07/21/2026 08:21:59,14.637
814,07/21/2026 08:36:59,14.551
815,07/21/2026 08:51:59,14.562
816,07/21/2026 09:06:59,14.487
817,07/21/2026 09:21:59,14.573
818,07/21/2026 09:36:59,14.605
819,07/21/2026 09:51:59,14.776
820,07/21/2026 10:06:59,14.980
821,07/21/2026 10:21:59,15.313
822,07/21/2026 10:36:59,15.538
823,07/21/2026 10:51:59,15.624
824,07/21/2026 11:06:59,15.613
825,07/21/2026 11:21:59,15.527
826,07/21/2026 11:36:59,15.495
827,07/21/2026 11:51:59,15.506
828,07/21/2026 12:06:59,15.463
829,07/21/2026 12:21:59,15.366
830,07/21/2026 12:36:59,15.366
831,07/21/2026 12:51:59,15.280
832,07/21/2026 13:06:59,15.216
833,07/21/2026 13:21:59,15.195
834,07/21/2026 13:36:59,15.120
835,07/21/2026 13:51:59,15.195
836,07/21/2026 14:06:59,15.130
837,07/21/2026 14:21:59,15.066
838,07/21/2026 14:36:59,15.195
839,07/21/2026 14:51:59,15.280
840,07/21/2026 15:06:59,15.152
841,07/21/2026 15:21:59,15.163
842,07/21/2026 15:36:59,15.270
843,07/21/2026 15:51:59,15.216
844,07/21/2026 16:06:59,15.248
845,07/21/2026 16:21:59,15.516
846,07/21/2026 16:36:59,15.742
847,07/21/2026 16:51:59,15.795
848,07/21/2026 17:06:59,15.474
849,07/21/2026 17:21:59,15.441
850,07/21/2026 17:36:59,15.452
851,07/21/2026 17:51:59,15.570
852,07/21/2026 18:06:59,16.117
853,07/21/2026 18:21:59,15.205
854,07/21/2026 18:36:59,15.280
855,07/21/2026 18:51:59,15.903
856,07/21/2026 19:06:59,16.192
857,07/21/2026 19:21:59,17.050
858,07/21/2026 19:36:59,17.254
859,07/21/2026 19:51:59,17.297
860,07/21/2026 20:06:59,17.286
861,07/21/2026 20:21:59,17.136
862,07/21/2026 20:36:59,17.168
863,07/21/2026 20:51:59,17.211
864,07/21/2026 21:06:59,17.243
865,07/21/2026 21:21:59,17.222
866,07/21/2026 21:36:59,17.254
867,07/21/2026 21:51:59,17.468
868,07/21/2026 22:06:59,16.546
869,07/21/2026 22:21:59,15.216
870,07/21/2026 22:36:59,15.163
871,07/21/2026 22:51:59,15.130
872,07/21/2026 23:06:59,15.377
873,07/21/2026 23:21:59,15.098
874,07/21/2026 23:36:59,15.184
875,07/21/2026 23:51:59,15.205
876,07/22/2026 00:06:59,15.045
877,07/22/2026 00:21:59,14.927
878,07/22/2026 00:36:59,14.819
879,07/22/2026 00:51:59,14.658
880,07/22/2026 01:06:59,14.530
881,07/22/2026 01:21:59,14.616
882,07/22/2026 01:36:59,14.562
883,07/22/2026 01:51:59,14.519
884,07/22/2026 02:06:59,14.519
885,07/22/2026 02:21:59,14.648
886,07/22/2026 02:36:59,14.369
887,07/22/2026 02:51:59,14.326
888,07/22/2026 03:06:59,14.412
889,07/22/2026 03:21:59,14.476
890,07/22/2026 03:36:59,14.530
891,07/22/2026 03:51:59,14.701
892,07/22/2026 04:06:59,15.023
893,07/22/2026 04:21:59,15.645
894,07/22/2026 04:36:59,15.549
895,07/22/2026 04:51:59,15.709
896,07/22/2026 05:06:59,15.817
897,07/22/2026 05:21:59,15.924
898,07/22/2026 05:36:59,15.999
899,07/22/2026 05:51:59,16.117
900,07/22/2026 06:06:59,16.181
901,07/22/2026 06:21:59,16.407
902,07/22/2026 06:36:59,16.675
903,07/22/2026 06:51:59,16.675
904,07/22/2026 07:06:59,16.943
905,07/22/2026 07:21:59,17.093
906,07/22/2026 07:36:59,16.771
907,07/22/2026 07:51:59,16.814
908,07/22/2026 08:06:59,16.771
909,07/22/2026 08:21:59,16.868
910,07/22/2026 08:36:59,16.503
911,07/22/2026 08:51:59,16.332
912,07/22/2026 09:06:59,16.450
913,07/22/2026 09:21:59,16.718
914,07/22/2026 09:36:59,16.879
915,07/22/2026 09:51:59,17.093
916,07/22/2026 10:06:59,17.350
917,07/22/2026 10:21:59,17.200
918,07/22/2026 10:36:59,17.093
919,07/22/2026 10:51:59,17.093
920,07/22/2026 11:06:59,17.050
921,07/22/2026 11:21:59,17.007
922,07/22/2026 11:36:59,15.913
923,07/22/2026 11:51:59,15.699
924,07/22/2026 12:06:59,15.624
925,07/22/2026 12:21:59,15.849
926,07/22/2026 12:36:59,15.452
927,07/22/2026 12:51:59,15.216
928,07/22/2026 13:06:59,15.163
929,07/22/2026 13:21:59,15.163
930,07/22/2026 13:36:59,15.163
931,07/22/2026 13:51:59,15.130
932,07/22/2026 14:06:59,15.034
933,07/22/2026 14:21:59,15.120
934,07/22/2026 14:36:59,15.077
935,07/22/2026 14:51:59,15.045
936,07/22/2026 15:06:59,15.055
937,07/22/2026 15:21:59,15.023
938,07/22/2026 15:36:59,15.045
939,07/22/2026 15:51:59,15.066
940,07/22/2026 16:06:59,14.959
941,07/22/2026 16:21:59,14.862
942,07/22/2026 16:36:59,14.819
943,07/22/2026 16:51:59,14.776
944,07/22/2026 17:06:59,14.809
945,07/22/2026 17:21:59,14.787
946,07/22/2026 17:36:59,14.776
947,07/22/2026 17:51:59,14.766
948,07/22/2026 18:06:59,14.787
949,07/22/2026 18:21:59,14.766
950,07/22/2026 18:36:59,14.809
951,07/22/2026 18:51:59,14.873
952,07/22/2026 19:06:59,15.023
953,07/22/2026 19:21:59,15.195
954,07/22/2026 19:36:59,15.302
955,07/22/2026 19:51:59,15.366
956,07/22/2026 20:06:59,16.578
957,07/22/2026 20:21:59,17.436
958,07/22/2026 20:36:59,17.586
959,07/22/2026 20:51:59,16.846
960,07/22/2026 21:06:59,15.388
961,07/22/2026 21:21:59,16.761
962,07/22/2026 21:36:59,16.997
963,07/22/2026 21:51:59,15.774
964,07/22/2026 22:06:59,15.699
965,07/22/2026 22:21:59,15.763
966,07/22/2026 22:36:59,15.999
967,07/22/2026 22:51:59,16.718
968,07/22/2026 23:06:59,17.586
969,07/22/2026 23:21:59,18.230
970,07/22/2026 23:36:59,18.316
971,07/22/2026 23:51:59,18.326
972,07/23/2026 00:06:59,18.294
973,07/23/2026 00:21:59,17.340
974,07/23/2026 00:36:59,18.305
975,07/23/2026 00:51:59,18.305
976,07/23/2026 01:06:59,18.294
977,07/23/2026 01:21:59,18.273
978,07/23/2026 01:36:59,18.251
979,07/23/2026 01:51:59,18.241
980,07/23/2026 02:06:59,18.208
981,07/23/2026 02:21:59,18.155
982,07/23/2026 02:36:59,18.080
983,07/23/2026 02:51:59,18.037
984,07/23/2026 03:06:59,17.951
985,07/23/2026 03:21:59,17.887
986,07/23/2026 03:36:59,17.897
987,07/23/2026 03:51:59,18.037
988,07/23/2026 04:06:59,18.080
989,07/23/2026 04:21:59,18.155
990,07/23/2026 04:36:59,18.101
991,07/23/2026 04:51:59,18.069
992,07/23/2026 05:06:59,18.048
993,07/23/2026 05:21:59,18.026
994,07/23/2026 05:36:59,18.026
995,07/23/2026 05:51:59,18.015
996,07/23/2026 06:06:59,18.015
997,07/23/2026 06:21:59,17.983
998,07/23/2026 06:36:59,17.962
999,07/23/2026 06:51:59,17.951
1000,07/23/2026 07:06:59,17.951
1001,07/23/2026 07:21:59,17.930
1002,07/23/2026 07:36:59,17.983
1003,07/23/2026 07:51:59,18.026
1004,07/23/2026 08:06:59,18.069
1005,07/23/2026 08:21:59,18.069
1006,07/23/2026 08:36:59,18.037
1007,07/23/2026 08:51:59,17.972
1008,07/23/2026 09:06:59,17.930
1009,07/23/2026 09:21:59,17.833
1010,07/23/2026 09:36:59,17.833
1011,07/23/2026 09:51:59,17.833
1012,07/23/2026 10:06:59,17.779
1013,07/23/2026 10:21:59,17.801
1014,07/23/2026 10:36:59,17.812
1015,07/23/2026 10:51:59,17.683
1016,07/23/2026 11:06:59,17.426
1017,07/23/2026 11:21:59,17.350
1018,07/23/2026 11:36:59,17.393
1019,07/23/2026 11:51:59,17.426
1020,07/23/2026 12:06:59,17.468
1021,07/23/2026 12:21:59,17.479
1022,07/23/2026 12:36:59,17.490
1023,07/23/2026 12:51:59,17.511
1024,07/23/2026 13:06:59,17.490
1025,07/23/2026 13:21:59,17.511
1026,07/23/2026 13:36:59,17.554
1027,07/23/2026 13:51:59,17.586
1028,07/23/2026 14:06:59,17.586
1029,07/23/2026 14:21:59,17.200
1030,07/23/2026 14:36:59,16.975
1031,07/23/2026 14:51:59,16.954
1032,07/23/2026 15:06:59,16.997
1033,07/23/2026 15:21:59,17.029
1034,07/23/2026 15:36:59,17.039
1035,07/23/2026 15:51:59,16.975
1036,07/23/2026 16:06:59,17.029
1037,07/23/2026 16:21:59,17.029
1038,07/23/2026 16:36:59,17.072
1039,07/23/2026 16:51:59,17.147
1040,07/23/2026 17:06:59,17.179
1041,07/23/2026 17:21:59,17.200
1042,07/23/2026 17:36:59,17.179
1043,07/23/2026 17:51:59,17.114
1044,07/23/2026 18:06:59,17.061
1045,07/23/2026 18:21:59,17.007
1046,07/23/2026 18:36:59,16.954
1047,07/23/2026 18:51:59,16.975
1048,07/23/2026 19:06:59,16.889
1049,07/23/2026 19:21:59,16.868
1050,07/23/2026 19:36:59,16.836
1051,07/23/2026 19:51:59,16.793
1052,07/23/2026 20:06:59,16.750
1053,07/23/2026 20:21:59,16.664
1054,07/23/2026 20:36:59,16.621
1055,07/23/2026 20:51:59,16.621
1056,07/23/2026 21:06:59,16.621
1057,07/23/2026 21:21:59,16.600
1058,07/23/2026 21:36:59,16.568
1059,07/23/2026 21:51:59,16.535
1060,07/23/2026 22:06:59,16.525
1061,07/23/2026 22:21:59,16.525
1062,07/23/2026 22:36:59,16.407
1063,07/23/2026 22:51:59,16.289
1064,07/23/2026 23:06:59,16.214
1065,07/23/2026 23:21:59,16.181
1066,07/23/2026 23:36:59,16.224
1067,07/23/2026 23:51:59,16.224
1068,07/24/2026 00:06:59,16.256
1069,07/24/2026 00:21:59,16.289
1070,07/24/2026 00:36:59,16.289
1071,07/24/2026 00:51:59,16.299
1072,07/24/2026 01:06:59,16.321
1073,07/24/2026 01:21:59,16.374
1074,07/24/2026 01:36:59,16.450
1075,07/24/2026 01:51:59,16.525
1076,07/24/2026 02:06:59,16.664
1077,07/24/2026 02:21:59,16.782
1078,07/24/2026 02:36:59,16.793
1079,07/24/2026 02:51:59,16.846
1080,07/24/2026 03:06:59,16.782
1081,07/24/2026 03:21:59,16.707
1082,07/24/2026 03:36:59,16.675
1083,07/24/2026 03:51:59,16.664
1084,07/24/2026 04:06:59,16.675
1085,07/24/2026 04:21:59,16.793
1086,07/24/2026 04:36:59,16.836
1087,07/24/2026 04:51:59,16.825
1088,07/24/2026 05:06:59,16.964
1089,07/24/2026 05:21:59,17.114
1090,07/24/2026 05:36:59,16.943
1091,07/24/2026 05:51:59,16.921
1092,07/24/2026 06:06:59,16.943
1093,07/24/2026 06:21:59,16.943
1094,07/24/2026 06:36:59,16.932
1095,07/24/2026 06:51:59,16.932
1096,07/24/2026 07:06:59,16.986
1097,07/24/2026 07:21:59,17.029
1098,07/24/2026 07:36:59,17.029
1099,07/24/2026 07:51:59,17.029
1100,07/24/2026 08:06:59,17.093
1101,07/24/2026 08:21:59,17.125
1102,07/24/2026 08:36:59,17.200
1103,07/24/2026 08:51:59,17.168
1104,07/24/2026 09:06:59,17.232
1105,07/24/2026 09:21:59,17.350
1106,07/24/2026 09:36:59,17.565
1107,07/24/2026 09:51:59,17.608
1108,07/24/2026 10:06:59,17.436
1109,07/24/2026 10:21:59,17.318
1110,07/24/2026 10:36:59,17.383
1111,07/24/2026 10:51:59,17.565
1112,07/24/2026 11:06:59,17.694
1113,07/24/2026 11:21:59,17.833
1114,07/24/2026 11:36:59,17.908
1115,07/24/2026 11:51:59,17.812
1116,07/24/2026 12:06:59,17.672
1117,07/24/2026 12:21:59,17.468
1118,07/24/2026 12:36:59,17.415
1119,07/24/2026 12:51:59,17.318
1120,07/24/2026 13:06:59,17.265
1121,07/24/2026 13:21:59,17.232
1122,07/24/2026 13:36:59,17.114
1123,07/24/2026 13:51:59,16.921
1124,07/24/2026 14:06:59,16.685
1125,07/24/2026 14:21:59,16.632
1126,07/24/2026 14:36:59,16.514
1127,07/24/2026 14:51:59,16.171
1128,07/24/2026 15:06:59,15.988
1129,07/24/2026 15:21:59,15.881
1130,07/24/2026 15:36:59,15.903
1131,07/24/2026 15:51:59,15.924
1132,07/24/2026 16:06:59,15.913
1133,07/24/2026 16:21:59,15.956
1134,07/24/2026 16:36:59,15.945
1135,07/24/2026 16:51:59,15.913
1136,07/24/2026 17:06:59,15.903
1137,07/24/2026 17:21:59,15.881
1138,07/24/2026 17:36:59,15.881
1139,07/24/2026 17:51:59,15.849
1140,07/24/2026 18:06:59,15.827
1141,07/24/2026 18:21:59,15.849
1142,07/24/2026 18:36:59,15.849
1143,07/24/2026 18:51:59,15.870
1144,07/24/2026 19:06:59,15.870
1145,07/24/2026 19:21:59,15.785
1146,07/24/2026 19:36:59,15.709
1147,07/24/2026 19:51:59,15.624
1148,07/24/2026 20:06:59,15.538
1149,07/24/2026 20:21:59,15.538
1150,07/24/2026 20:36:59,15.506
1151,07/24/2026 20:51:59,15.506
1152,07/24/2026 21:06:59,15.420
1153,07/24/2026 21:21:59,15.388
1154,07/24/2026 21:36:59,15.377
1155,07/24/2026 21:51:59,15.345
1156,07/24/2026 22:06:59,15.356
1157,07/24/2026 22:21:59,15.356
1158,07/24/2026 22:36:59,15.356
1159,07/24/2026 22:51:59,15.388
1160,07/24/2026 23:06:59,15.377
1161,07/24/2026 23:21:59,15.345
1162,07/24/2026 23:36:59,15.334
1163,07/24/2026 23:51:59,15.356
1164,07/25/2026 00:06:59,15.356
1165,07/25/2026 00:21:59,15.345
1166,07/25/2026 00:36:59,15.366
1167,07/25/2026 00:51:59,15.366
1168,07/25/2026 01:06:59,15.377
1169,07/25/2026 01:21:59,15.388
1170,07/25/2026 01:36:59,15.388
1171,07/25/2026 01:51:59,15.366
1172,07/25/2026 02:06:59,15.366
1173,07/25/2026 02:21:59,15.377
1174,07/25/2026 02:36:59,15.366
1175,07/25/2026 02:51:59,15.366
1176,07/25/2026 03:06:59,15.366
1177,07/25/2026 03:21:59,15.366
1178,07/25/2026 03:36:59,15.334
1179,07/25/2026 03:51:59,15.334
1180,07/25/2026 04:06:59,15.345
1181,07/25/2026 04:21:59,15.345
1182,07/25/2026 04:36:59,15.345
1183,07/25/2026 04:51:59,15.356
1184,07/25/2026 05:06:59,15.388
1185,07/25/2026 05:21:59,15.484
1186,07/25/2026 05:36:59,15.881
1187,07/25/2026 05:51:59,16.256
1188,07/25/2026 06:06:59,16.353
1189,07/25/2026 06:21:59,16.482
1190,07/25/2026 06:36:59,16.975
1191,07/25/2026 06:51:59,16.857
1192,07/25/2026 07:06:59,16.171
1193,07/25/2026 07:21:59,16.224
1194,07/25/2026 07:36:59,16.224
1195,07/25/2026 07:51:59,16.224
1196,07/25/2026 08:06:59,16.235
1197,07/25/2026 08:21:59,16.385
1198,07/25/2026 08:36:59,16.546
1199,07/25/2026 08:51:59,16.718
1200,07/25/2026 09:06:59,16.986
1201,07/25/2026 09:21:59,17.297
1202,07/25/2026 09:36:59,17.511
1203,07/25/2026 09:51:59,17.608
1204,07/25/2026 10:06:59,17.629
1205,07/25/2026 10:21:59,17.608
1206,07/25/2026 10:36:59,17.694
1207,07/25/2026 10:51:59,17.844
1208,07/25/2026 11:06:59,17.951
1209,07/25/2026 11:21:59,18.069
1210,07/25/2026 11:36:59,18.058
1211,07/25/2026 11:51:59,18.123
1212,07/25/2026 12:06:59,18.176
1213,07/25/2026 12:21:59,18.123
1214,07/25/2026 12:36:59,18.058
1215,07/25/2026 12:51:59,18.069
1216,07/25/2026 13:06:59,18.048
1217,07/25/2026 13:21:59,18.069
1218,07/25/2026 13:36:59,18.005
1219,07/25/2026 13:51:59,17.801
1220,07/25/2026 14:06:59,17.726
1221,07/25/2026 14:21:59,17.683
1222,07/25/2026 14:36:59,17.737
1223,07/25/2026 14:51:59,17.361
1224,07/25/2026 15:06:59,17.372
1225,07/25/2026 15:21:59,17.350
1226,07/25/2026 15:36:59,17.318
1227,07/25/2026 15:51:59,17.404
1228,07/25/2026 16:06:59,17.415
1229,07/25/2026 16:21:59,17.361
1230,07/25/2026 16:36:59,16.685
1231,07/25/2026 16:51:59,16.696
1232,07/25/2026 17:06:59,16.632
1233,07/25/2026 17:21:59,16.578
1234,07/25/2026 17:36:59,16.707
1235,07/25/2026 17:51:59,16.653
1236,07/25/2026 18:06:59,16.696
1237,07/25/2026 18:21:59,16.643
1238,07/25/2026 18:36:59,16.632
1239,07/25/2026 18:51:59,16.632
1240,07/25/2026 19:06:59,16.632
1241,07/25/2026 19:21:59,16.632
1242,07/25/2026 19:36:59,16.632
1243,07/25/2026 19:51:59,16.653
1244,07/25/2026 20:06:59,16.632
1245,07/25/2026 20:21:59,16.643
1246,07/25/2026 20:36:59,16.664
1247,07/25/2026 20:51:59,16.664
1248,07/25/2026 21:06:59,16.675
1249,07/25/2026 21:21:59,16.685
1250,07/25/2026 21:36:59,16.675
1251,07/25/2026 21:51:59,16.578
1252,07/25/2026 22:06:59,16.557
1253,07/25/2026 22:21:59,16.664
1254,07/25/2026 22:36:59,16.718
1255,07/25/2026 22:51:59,16.750
1256,07/25/2026 23:06:59,16.771
1257,07/25/2026 23:21:59,16.836
1258,07/25/2026 23:36:59,16.911
1259,07/25/2026 23:51:59,16.943
1260,07/26/2026 00:06:59,16.889
1261,07/26/2026 00:21:59,16.803
1262,07/26/2026 00:36:59,16.685
1263,07/26/2026 00:51:59,16.578
1264,07/26/2026 01:06:59,16.535
1265,07/26/2026 01:21:59,16.503
1266,07/26/2026 01:36:59,16.471
1267,07/26/2026 01:51:59,16.374
1268,07/26/2026 02:06:59,16.299
1269,07/26/2026 02:21:59,16.278
1270,07/26/2026 02:36:59,16.289
1271,07/26/2026 02:51:59,16.299
1272,07/26/2026 03:06:59,16.342
1273,07/26/2026 03:21:59,16.460
1274,07/26/2026 03:36:59,16.535
1275,07/26/2026 03:51:59,16.600
1276,07/26/2026 04:06:59,16.718
1277,07/26/2026 04:21:59,16.879
1278,07/26/2026 04:36:59,16.921
1279,07/26/2026 04:51:59,16.975
1280,07/26/2026 05:06:59,17.050
1281,07/26/2026 05:21:59,17.093
1282,07/26/2026 05:36:59,17.093
1283,07/26/2026 05:51:59,17.093
1284,07/26/2026 06:06:59,17.093
1285,07/26/2026 06:21:59,17.061
1286,07/26/2026 06:36:59,17.061
1287,07/26/2026 06:51:59,17.125
1288,07/26/2026 07:06:59,17.211
1289,07/26/2026 07:21:59,17.286
1290,07/26/2026 07:36:59,17.318
1291,07/26/2026 07:51:59,17.308
1292,07/26/2026 08:06:59,17.318
1293,07/26/2026 08:21:59,17.372
1294,07/26/2026 08:36:59,17.350
1295,07/26/2026 08:51:59,17.436
1296,07/26/2026 09:06:59,17.522
1297,07/26/2026 09:21:59,17.747
1298,07/26/2026 09:36:59,18.005
1299,07/26/2026 09:51:59,18.359
1300,07/26/2026 10:06:59,18.208
1301,07/26/2026 10:21:59,18.219
1302,07/26/2026 10:36:59,18.037
1303,07/26/2026 10:51:59,18.090
1304,07/26/2026 11:06:59,18.241
1305,07/26/2026 11:21:59,17.576
1306,07/26/2026 11:36:59,17.297
1307,07/26/2026 11:51:59,17.232
1308,07/26/2026 12:06:59,17.200
1309,07/26/2026 12:21:59,17.265
1310,07/26/2026 12:36:59,17.318
1311,07/26/2026 12:51:59,17.361
1312,07/26/2026 13:06:59,17.318
1313,07/26/2026 13:21:59,17.297
1314,07/26/2026 13:36:59,17.297
1315,07/26/2026 13:51:59,17.308
1316,07/26/2026 14:06:59,17.308
1317,07/26/2026 14:21:59,17.297
1318,07/26/2026 14:36:59,17.297
1319,07/26/2026 14:51:59,17.286
1320,07/26/2026 15:06:59,17.265
1321,07/26/2026 15:21:59,17.232
1322,07/26/2026 15:36:59,17.222
1323,07/26/2026 15:51:59,17.232
1324,07/26/2026 16:06:59,17.211
1325,07/26/2026 16:21:59,17.190
1326,07/26/2026 16:36:59,17.190
1327,07/26/2026 16:51:59,17.179
1328,07/26/2026 17:06:59,17.157
1329,07/26/2026 17:21:59,17.050
1330,07/26/2026 17:36:59,17.007
1331,07/26/2026 17:51:59,16.975
1332,07/26/2026 18:06:59,16.943
1333,07/26/2026 18:21:59,16.889
1334,07/26/2026 18:36:59,16.836
1335,07/26/2026 18:51:59,16.814
1336,07/26/2026 19:06:59,16.803
1337,07/26/2026 19:21:59,16.803
1338,07/26/2026 19:36:59,16.385
1339,07/26/2026 19:51:59,16.171
1340,07/26/2026 20:06:59,16.128
1341,07/26/2026 20:21:59,16.063
1342,07/26/2026 20:36:59,16.074
1343,07/26/2026 20:51:59,16.053
1344,07/26/2026 21:06:59,16.053
1345,07/26/2026 21:21:59,15.978
1346,07/26/2026 21:36:59,16.010
1347,07/26/2026 21:51:59,16.010
1348,07/26/2026 22:06:59,16.053
1349,07/26/2026 22:21:59,16.117
1350,07/26/2026 22:36:59,16.149
1351,07/26/2026 22:51:59,16.192
1352,07/26/2026 23:06:59,16.203
1353,07/26/2026 23:21:59,16.138
1354,07/26/2026 23:36:59,16.138
1355,07/26/2026 23:51:59,16.085
1356,07/27/2026 00:06:59,16.053
1357,07/27/2026 00:21:59,16.085
1358,07/27/2026 00:36:59,16.171
1359,07/27/2026 00:51:59,16.267
1360,07/27/2026 01:06:59,16.385
1361,07/27/2026 01:21:59,16.535
1362,07/27/2026 01:36:59,16.696
1363,07/27/2026 01:51:59,16.718
1364,07/27/2026 02:06:59,16.728
1365,07/27/2026 02:21:59,16.696
1366,07/27/2026 02:36:59,16.632
1367,07/27/2026 02:51:59,16.589
1368,07/27/2026 03:06:59,16.578
1369,07/27/2026 03:21:59,16.578
1370,07/27/2026 03:36:59,16.600
1371,07/27/2026 03:51:59,16.460
1372,07/27/2026 04:06:59,16.246
1373,07/27/2026 04:21:59,16.106
1374,07/27/2026 04:36:59,16.278
1375,07/27/2026 04:51:59,16.428
1376,07/27/2026 05:06:59,16.203
1377,07/27/2026 05:21:59,16.171
1378,07/27/2026 05:36:59,16.224
1379,07/27/2026 05:51:59,16.256
1380,07/27/2026 06:06:59,16.321
1381,07/27/2026 06:21:59,16.568
1382,07/27/2026 06:36:59,16.643
1383,07/27/2026 06:51:59,16.675
1384,07/27/2026 07:06:59,16.696
1385,07/27/2026 07:21:59,16.685
1386,07/27/2026 07:36:59,16.685
1387,07/27/2026 07:51:59,16.718
1388,07/27/2026 08:06:59,16.771
1389,07/27/2026 08:21:59,16.836
1390,07/27/2026 08:36:59,16.868
1391,07/27/2026 08:51:59,16.889
1392,07/27/2026 09:06:59,17.114
1393,07/27/2026 09:21:59,17.511
1394,07/27/2026 09:36:59,17.640
1395,07/27/2026 09:51:59,18.530
1396,07/27/2026 10:06:59,18.348
1397,07/27/2026 10:21:59,19.764
1398,07/27/2026 10:36:59,20.482
1399,07/27/2026 10:51:59,20.976
1400,07/27/2026 11:06:59,21.308
1401,07/27/2026 11:21:59,22.423
1402,07/27/2026 11:36:59,21.769
1403,07/27/2026 11:51:59,19.742
1404,07/27/2026 12:06:59,19.453
1405,07/27/2026 12:21:59,19.109
1406,07/27/2026 12:36:59,18.830
1407,07/27/2026 12:51:59,18.680
1408,07/27/2026 13:06:59,18.412
1409,07/27/2026 13:21:59,18.090
1410,07/27/2026 13:36:59,17.833
1411,07/27/2026 13:51:59,17.704
1412,07/27/2026 14:06:59,17.576
1413,07/27/2026 14:21:59,17.533
1414,07/27/2026 14:36:59,17.522
1415,07/27/2026 14:51:59,17.479
1416,07/27/2026 15:06:59,17.522
1417,07/27/2026 15:21:59,17.608
1418,07/27/2026 15:36:59,17.586
1419,07/27/2026 15:51:59,17.597
1420,07/27/2026 16:06:59,17.651
1421,07/27/2026 16:21:59,17.683
1422,07/27/2026 16:36:59,17.694
1423,07/27/2026 16:51:59,17.715
1424,07/27/2026 17:06:59,17.769
1425,07/27/2026 17:21:59,17.801
1426,07/27/2026 17:36:59,17.779
1427,07/27/2026 17:51:59,17.747
1428,07/27/2026 18:06:59,17.747
1429,07/27/2026 18:21:59,17.661
1430,07/27/2026 18:36:59,16.428
1431,07/27/2026 18:51:59,16.128
1432,07/27/2026 19:06:59,16.042
1433,07/27/2026 19:21:59,15.935
1434,07/27/2026 19:36:59,15.988
1435,07/27/2026 19:51:59,15.945
1436,07/27/2026 20:06:59,15.935
1437,07/27/2026 20:21:59,15.881
1438,07/27/2026 20:36:59,15.838
1439,07/27/2026 20:51:59,15.763
1440,07/27/2026 21:06:59,15.709
1441,07/27/2026 21:21:59,15.677
1442,07/27/2026 21:36:59,15.677
1443,07/27/2026 21:51:59,15.709
1444,07/27/2026 22:06:59,15.742
1445,07/27/2026 22:21:59,15.774
1446,07/27/2026 22:36:59,15.742
1447,07/27/2026 22:51:59,15.709
1448,07/27/2026 23:06:59,15.720
1449,07/27/2026 23:21:59,15.709
1450,07/27/2026 23:36:59,15.699
1451,07/27/2026 23:51:59,15.709
1452,07/28/2026 00:06:59,15.709
1453,07/28/2026 00:21:59,15.720
1454,07/28/2026 00:36:59,15.699
1455,07/28/2026 00:51:59,15.709
1456,07/28/2026 01:06:59,15.677
1457,07/28/2026 01:21:59,15.656
1458,07/28/2026 01:36:59,15.645
1459,07/28/2026 01:51:59,15.645
1460,07/28/2026 02:06:59,15.613
1461,07/28/2026 02:21:59,15.613
1462,07/28/2026 02:36:59,15.656
1463,07/28/2026 02:51:59,15.677
1464,07/28/2026 03:06:59,15.677
1465,07/28/2026 03:21:59,15.677
1466,07/28/2026 03:36:59,15.677
1467,07/28/2026 03:51:59,15.699
1468,07/28/2026 04:06:59,15.720
1469,07/28/2026 04:21:59,15.763
1470,07/28/2026 04:36:59,15.860
1471,07/28/2026 04:51:59,15.945
1472,07/28/2026 05:06:59,16.117
1473,07/28/2026 05:21:59,16.256
1474,07/28/2026 05:36:59,16.321
1475,07/28/2026 05:51:59,16.374
1476,07/28/2026 06:06:59,16.374
1477,07/28/2026 06:21:59,16.396
1478,07/28/2026 06:36:59,16.407
1479,07/28/2026 06:51:59,16.439
1480,07/28/2026 07:06:59,16.428
1481,07/28/2026 07:21:59,16.439
1482,07/28/2026 07:36:59,16.289
1483,07/28/2026 07:51:59,16.278
1484,07/28/2026 08:06:59,16.342
1485,07/28/2026 08:21:59,16.407
1486,07/28/2026 08:36:59,16.482
1487,07/28/2026 08:51:59,16.568
1488,07/28/2026 09:06:59,16.643
1489,07/28/2026 09:21:59,16.685
1490,07/28/2026 09:36:59,16.836
1491,07/28/2026 09:51:59,17.007
1492,07/28/2026 10:06:59,17.340
1493,07/28/2026 10:21:59,18.155
1494,07/28/2026 10:36:59,19.260
1495,07/28/2026 10:51:59,19.281
1496,07/28/2026 11:06:59,19.367
1497,07/28/2026 11:21:59,21.533
1498,07/28/2026 11:36:59,20.922
1499,07/28/2026 11:51:59,21.072
1500,07/28/2026 12:06:59,21.619
1501,07/28/2026 12:21:59,20.139
1502,07/28/2026 12:36:59,19.013
1503,07/28/2026 12:51:59,18.852
1504,07/28/2026 13:06:59,18.820
1505,07/28/2026 13:21:59,18.519
1506,07/28/2026 13:36:59,18.198
1507,07/28/2026 13:51:59,18.037
1508,07/28/2026 14:06:59,17.962
1509,07/28/2026 14:21:59,17.779
1510,07/28/2026 14:36:59,17.758
1511,07/28/2026 14:51:59,17.672
1512,07/28/2026 15:06:59,17.640
1513,07/28/2026 15:21:59,17.501
1514,07/28/2026 15:36:59,17.436
1515,07/28/2026 15:51:59,17.393
1516,07/28/2026 16:06:59,17.329
1517,07/28/2026 16:21:59,17.297
1518,07/28/2026 16:36:59,17.200
1519,07/28/2026 16:51:59,17.093
1520,07/28/2026 17:06:59,17.061
1521,07/28/2026 17:21:59,16.997
1522,07/28/2026 17:36:59,16.932
1523,07/28/2026 17:51:59,16.921
1524,07/28/2026 18:06:59,16.643
1525,07/28/2026 18:21:59,16.460
1526,07/28/2026 18:36:59,16.332
1527,07/28/2026 18:51:59,16.224
1528,07/28/2026 19:06:59,16.235
1529,07/28/2026 19:21:59,16.224
1530,07/28/2026 19:36:59,16.203
1531,07/28/2026 19:51:59,16.160
1532,07/28/2026 20:06:59,16.128
1533,07/28/2026 20:21:59,16.128
1534,07/28/2026 20:36:59,16.074
1535,07/28/2026 20:51:59,16.053
1536,07/28/2026 21:06:59,16.053
1537,07/28/2026 21:21:59,15.945
1538,07/28/2026 21:36:59,15.913
1539,07/28/2026 21:51:59,15.903
1540,07/28/2026 22:06:59,15.903
1541,07/28/2026 22:21:59,15.881
1542,07/28/2026 22:36:59,15.881
1543,07/28/2026 22:51:59,15.892
1544,07/28/2026 23:06:59,15.795
1545,07/28/2026 23:21:59,15.785
1546,07/28/2026 23:36:59,15.795
1547,07/28/2026 23:51:59,15.795
1548,07/29/2026 00:06:59,15.785
1549,07/29/2026 00:21:59,15.785
1550,07/29/2026 00:36:59,15.827
1551,07/29/2026 00:51:59,15.892
1552,07/29/2026 01:06:59,15.956
1553,07/29/2026 01:21:59,15.956
1554,07/29/2026 01:36:59,15.838
1555,07/29/2026 01:51:59,15.924
1556,07/29/2026 02:06:59,15.935
1557,07/29/2026 02:21:59,15.935
1558,07/29/2026 02:36:59,15.935
1559,07/29/2026 02:51:59,15.935
1560,07/29/2026 03:06:59,15.924
1561,07/29/2026 03:21:59,15.924
1562,07/29/2026 03:36:59,15.913
1563,07/29/2026 03:51:59,15.913
1564,07/29/2026 04:06:59,15.913
1565,07/29/2026 04:21:59,15.903
1566,07/29/2026 04:36:59,15.892
1567,07/29/2026 04:51:59,15.892
1568,07/29/2026 05:06:59,15.892
1569,07/29/2026 05:21:59,15.913
1570,07/29/2026 05:36:59,15.935
1571,07/29/2026 05:51:59,15.935
1572,07/29/2026 06:06:59,15.785
1573,07/29/2026 06:21:59,15.709
1574,07/29/2026 06:36:59,15.709
1575,07/29/2026 06:51:59,15.720
1576,07/29/2026 07:06:59,15.742
1577,07/29/2026 07:21:59,15.742
1578,07/29/2026 07:36:59,15.795
1579,07/29/2026 07:51:59,15.913
1580,07/29/2026 08:06:59,16.063
1581,07/29/2026 08:21:59,16.117
1582,07/29/2026 08:36:59,16.192
1583,07/29/2026 08:51:59,16.450
1584,07/29/2026 09:06:59,16.643
1585,07/29/2026 09:21:59,16.621
1586,07/29/2026 09:36:59,16.771
1587,07/29/2026 09:51:59,17.007
1588,07/29/2026 10:06:59,17.318
1589,07/29/2026 10:21:59,17.951
1590,07/29/2026 10:36:59,19.002
1591,07/29/2026 10:51:59,19.935
1592,07/29/2026 11:06:59,21.233
1593,07/29/2026 11:21:59,22.381
1594,07/29/2026 11:36:59,23.657
1595,07/29/2026 11:51:59,23.882
1596,07/29/2026 12:06:59,25.266
1597,07/29/2026 12:21:59,26.091
1598,07/29/2026 12:36:59,27.239
1599,07/29/2026 12:51:59,27.432
1600,07/29/2026 13:06:59,23.700
1601,07/29/2026 13:21:59,20.461
1602,07/29/2026 13:36:59,20.225
1603,07/29/2026 13:51:59,19.613
1604,07/29/2026 14:06:59,19.249
1605,07/29/2026 14:21:59,18.627
1606,07/29/2026 14:36:59,18.026
1607,07/29/2026 14:51:59,17.468
1608,07/29/2026 15:06:59,17.393
1609,07/29/2026 15:21:59,17.082
1610,07/29/2026 15:36:59,17.039
1611,07/29/2026 15:51:59,16.986
1612,07/29/2026 16:06:59,16.771
1613,07/29/2026 16:21:59,16.718
1614,07/29/2026 16:36:59,16.482
1615,07/29/2026 16:51:59,16.428
1616,07/29/2026 17:06:59,16.342
1617,07/29/2026 17:21:59,16.278
1618,07/29/2026 17:36:59,16.310
1619,07/29/2026 17:51:59,16.256
1620,07/29/2026 18:06:59,16.278
1621,07/29/2026 18:21:59,16.278
1622,07/29/2026 18:36:59,16.332
1623,07/29/2026 18:51:59,16.256
1624,07/29/2026 19:06:59,16.224
1625,07/29/2026 19:21:59,15.999
1626,07/29/2026 19:36:59,15.827
1627,07/29/2026 19:51:59,15.838
1628,07/29/2026 20:06:59,15.763
1629,07/29/2026 20:21:59,15.709
1630,07/29/2026 20:36:59,15.677
1631,07/29/2026 20:51:59,15.581
1632,07/29/2026 21:06:59,15.602
1633,07/29/2026 21:21:59,15.592
1634,07/29/2026 21:36:59,15.656
1635,07/29/2026 21:51:59,15.709
1636,07/29/2026 22:06:59,15.688
1637,07/29/2026 22:21:59,15.731
1638,07/29/2026 22:36:59,15.720
1639,07/29/2026 22:51:59,15.699
1640,07/29/2026 23:06:59,15.699
1641,07/29/2026 23:21:59,15.688
1642,07/29/2026 23:36:59,15.624
1643,07/29/2026 23:51:59,15.592
1644,07/30/2026 00:06:59,15.592
1645,07/30/2026 00:21:59,15.592
1646,07/30/2026 00:36:59,15.645
1647,07/30/2026 00:51:59,15.688
1648,07/30/2026 01:06:59,15.667
1649,07/30/2026 01:21:59,15.592
1650,07/30/2026 01:36:59,15.259
1651,07/30/2026 01:51:59,15.163
1652,07/30/2026 02:06:59,15.163
1653,07/30/2026 02:21:59,15.195
1654,07/30/2026 02:36:59,15.163
1655,07/30/2026 02:51:59,15.163
1656,07/30/2026 03:06:59,15.173
1657,07/30/2026 03:21:59,15.087
1658,07/30/2026 03:36:59,15.130
1659,07/30/2026 03:51:59,15.130
1660,07/30/2026 04:06:59,15.152
1661,07/30/2026 04:21:59,15.173
1662,07/30/2026 04:36:59,15.216
1663,07/30/2026 04:51:59,15.248
1664,07/30/2026 05:06:59,15.248
1665,07/30/2026 05:21:59,15.270
1666,07/30/2026 05:36:59,15.270
1667,07/30/2026 05:51:59,15.291
1668,07/30/2026 06:06:59,15.377
1669,07/30/2026 06:21:59,15.366
1670,07/30/2026 06:36:59,15.366
1671,07/30/2026 06:51:59,15.323
1672,07/30/2026 07:06:59,15.248
1673,07/30/2026 07:21:59,15.173
1674,07/30/2026 07:36:59,15.077
1675,07/30/2026 07:51:59,15.087
1676,07/30/2026 08:06:59,15.163
1677,07/30/2026 08:21:59,15.227
1678,07/30/2026 08:36:59,15.356
1679,07/30/2026 08:51:59,15.570
1680,07/30/2026 09:06:59,15.752
1681,07/30/2026 09:21:59,15.860
1682,07/30/2026 09:36:59,16.042
1683,07/30/2026 09:51:59,16.224
1684,07/30/2026 10:06:59,16.374
1685,07/30/2026 10:21:59,16.696
1686,07/30/2026 10:36:59,17.018
1687,07/30/2026 10:51:59,17.297
1688,07/30/2026 11:06:59,18.262
1689,07/30/2026 11:21:59,19.892
1690,07/30/2026 11:36:59,20.986
1691,07/30/2026 11:51:59,21.222
1692,07/30/2026 12:06:59,23.668
1693,07/30/2026 12:21:59,24.172
1694,07/30/2026 12:36:59,25.158
1695,07/30/2026 12:51:59,24.601
1696,07/30/2026 13:06:59,25.759
1697,07/30/2026 13:21:59,26.874
1698,07/30/2026 13:36:59,23.560
1699,07/30/2026 13:51:59,19.860
1700,07/30/2026 14:06:59,19.163
1701,07/30/2026 14:21:59,18.820
1702,07/30/2026 14:36:59,18.820
1703,07/30/2026 14:51:59,19.077
1704,07/30/2026 15:06:59,18.616
1705,07/30/2026 15:21:59,18.198
1706,07/30/2026 15:36:59,17.147
1707,07/30/2026 15:51:59,16.568
1708,07/30/2026 16:06:59,16.428
1709,07/30/2026 16:21:59,16.246
1710,07/30/2026 16:36:59,16.138
1711,07/30/2026 16:51:59,16.031
1712,07/30/2026 17:06:59,15.967
1713,07/30/2026 17:21:59,15.913
1714,07/30/2026 17:36:59,15.881
1715,07/30/2026 17:51:59,15.795
1716,07/30/2026 18:06:59,15.774
1717,07/30/2026 18:21:59,15.838
1718,07/30/2026 18:36:59,15.849
1719,07/30/2026 18:51:59,15.913
1720,07/30/2026 19:06:59,16.042
1721,07/30/2026 19:21:59,16.246
1722,07/30/2026 19:36:59,15.988
1723,07/30/2026 19:51:59,15.817
1724,07/30/2026 20:06:59,15.452
1725,07/30/2026 20:21:59,15.313
1726,07/30/2026 20:36:59,15.270
1727,07/30/2026 20:51:59,15.280
1728,07/30/2026 21:06:59,15.216
1729,07/30/2026 21:21:59,15.216
1730,07/30/2026 21:36:59,15.280
1731,07/30/2026 21:51:59,15.313
1732,07/30/2026 22:06:59,15.388
1733,07/30/2026 22:21:59,15.420
1734,07/30/2026 22:36:59,15.409
1735,07/30/2026 22:51:59,15.313
1736,07/30/2026 23:06:59,15.163
1737,07/30/2026 23:21:59,15.045
1738,07/30/2026 23:36:59,15.120
1739,07/30/2026 23:51:59,15.077
1740,07/31/2026 00:06:59,15.130
1741,07/31/2026 00:21:59,15.130
1742,07/31/2026 00:36:59,15.163
1743,07/31/2026 00:51:59,15.366
1744,07/31/2026 01:06:59,15.656
1745,07/31/2026 01:21:59,15.656
1746,07/31/2026 01:36:59,15.570
1747,07/31/2026 01:51:59,15.431
1748,07/31/2026 02:06:59,15.334
1749,07/31/2026 02:21:59,15.216
1750,07/31/2026 02:36:59,15.195
1751,07/31/2026 02:51:59,15.087
1752,07/31/2026 03:06:59,14.927
1753,07/31/2026 03:21:59,14.873
1754,07/31/2026 03:36:59,14.927
1755,07/31/2026 03:51:59,15.034
1756,07/31/2026 04:06:59,15.098
1757,07/31/2026 04:21:59,15.280
1758,07/31/2026 04:36:59,15.484
1759,07/31/2026 04:51:59,15.581
1760,07/31/2026 05:06:59,15.742
1761,07/31/2026 05:21:59,15.720
1762,07/31/2026 05:36:59,15.827
1763,07/31/2026 05:51:59,15.935
1764,07/31/2026 06:06:59,15.999
1765,07/31/2026 06:21:59,15.945
1766,07/31/2026 06:36:59,15.849
1767,07/31/2026 06:51:59,15.592
1768,07/31/2026 07:06:59,15.313
1769,07/31/2026 07:21:59,15.195
1770,07/31/2026 07:36:59,15.098
1771,07/31/2026 07:51:59,15.023
1772,07/31/2026 08:06:59,15.087
1773,07/31/2026 08:21:59,15.163
1774,07/31/2026 08:36:59,15.377
1775,07/31/2026 08:51:59,15.195
1776,07/31/2026 09:06:59,15.205
1777,07/31/2026 09:21:59,15.366
1778,07/31/2026 09:36:59,15.484
1779,07/31/2026 09:51:59,15.634
1780,07/31/2026 10:06:59,15.774
1781,07/31/2026 10:21:59,15.913
1782,07/31/2026 10:36:59,16.181
1783,07/31/2026 10:51:59,16.739
1784,07/31/2026 11:06:59,17.318
1785,07/31/2026 11:21:59,17.758
1786,07/31/2026 11:36:59,18.401
1787,07/31/2026 11:51:59,19.131
1788,07/31/2026 12:06:59,20.536
1789,07/31/2026 12:21:59,22.284
1790,07/31/2026 12:36:59,24.000
1791,07/31/2026 12:51:59,25.480
1792,07/31/2026 13:06:59,26.349
1793,07/31/2026 13:21:59,28.483
1794,07/31/2026 13:36:59,29.631
1795,07/31/2026 13:51:59,24.161
1796,07/31/2026 14:06:59,20.954
1797,07/31/2026 14:21:59,20.235
1798,07/31/2026 14:36:59,19.592
1799,07/31/2026 14:51:59,19.474
1800,07/31/2026 15:06:59,19.217
1801,07/31/2026 15:21:59,19.013
1802,07/31/2026 15:36:59,18.187
1803,07/31/2026 15:51:59,18.080
1804,07/31/2026 16:06:59,18.048
1805,07/31/2026 16:21:59,17.833
1806,07/31/2026 16:36:59,17.479
1807,07/31/2026 16:51:59,17.007
1808,07/31/2026 17:06:59,16.782
1809,07/31/2026 17:21:59,16.685
1810,07/31/2026 17:36:59,16.482
1811,07/31/2026 17:51:59,16.310
1812,07/31/2026 18:06:59,16.203
1813,07/31/2026 18:21:59,16.021
1814,07/31/2026 18:36:59,15.978
1815,07/31/2026 18:51:59,15.913
1816,07/31/2026 19:06:59,15.860
1817,07/31/2026 19:21:59,15.913
1818,07/31/2026 19:36:59,16.021
1819,07/31/2026 19:51:59,15.924
1820,07/31/2026 20:06:59,15.881
1821,07/31/2026 20:21:59,15.838
1822,07/31/2026 20:36:59,15.677
1823,07/31/2026 20:51:59,15.538
1824,07/31/2026 21:06:59,15.538
1825,07/31/2026 21:21:59,15.452
1826,07/31/2026 21:36:59,15.259
1827,07/31/2026 21:51:59,15.409
1828,07/31/2026 22:06:59,15.506
1829,07/31/2026 22:21:59,15.388
1830,07/31/2026 22:36:59,15.248
1831,07/31/2026 22:51:59,15.280
1832,07/31/2026 23:06:59,15.356
1833,07/31/2026 23:21:59,15.377
1834,07/31/2026 23:36:59,15.184
1835,07/31/2026 23:51:59,15.109
1836,08/01/2026 00:06:59,15.152
1837,08/01/2026 00:21:59,15.216
1838,08/01/2026 00:36:59,15.366
1839,08/01/2026 00:51:59,15.785
1840,08/01/2026 01:06:59,15.849
1841,08/01/2026 01:21:59,15.945
1842,08/01/2026 01:36:59,16.010
1843,08/01/2026 01:51:59,15.999
1844,08/01/2026 02:06:59,15.988
1845,08/01/2026 02:21:59,15.881
1846,08/01/2026 02:36:59,15.752
1847,08/01/2026 02:51:59,15.624
1848,08/01/2026 03:06:59,15.634
1849,08/01/2026 03:21:59,15.613
1850,08/01/2026 03:36:59,15.602
1851,08/01/2026 03:51:59,15.860
1852,08/01/2026 04:06:59,16.117
1853,08/01/2026 04:21:59,16.256
1854,08/01/2026 04:36:59,16.289
1855,08/01/2026 04:51:59,16.224
1856,08/01/2026 05:06:59,16.224
1857,08/01/2026 05:21:59,16.149
1858,08/01/2026 05:36:59,16.214
1859,08/01/2026 05:51:59,16.171
1860,08/01/2026 06:06:59,16.138
1861,08/01/2026 06:21:59,16.181
1862,08/01/2026 06:36:59,16.224
1863,08/01/2026 06:51:59,16.256
1864,08/01/2026 07:06:59,16.267
1865,08/01/2026 07:21:59,16.267
1866,08/01/2026 07:36:59,16.278
1867,08/01/2026 07:51:59,16.289
1868,08/01/2026 08:06:59,16.289
1869,08/01/2026 08:21:59,16.299
1870,08/01/2026 08:36:59,16.310
1871,08/01/2026 08:51:59,16.310
1872,08/01/2026 09:06:59,16.321
1873,08/01/2026 09:21:59,16.342
1874,08/01/2026 09:36:59,16.364
1875,08/01/2026 09:51:59,16.396
1876,08/01/2026 10:06:59,16.417
1877,08/01/2026 10:21:59,16.460
1878,08/01/2026 10:36:59,16.471
1879,08/01/2026 10:51:59,16.514
1880,08/01/2026 11:06:59,16.600
1881,08/01/2026 11:21:59,16.750
1882,08/01/2026 11:36:59,16.943
1883,08/01/2026 11:51:59,16.921
1884,08/01/2026 12:06:59,17.093
1885,08/01/2026 12:21:59,17.533
1886,08/01/2026 12:36:59,17.930
1887,08/01/2026 12:51:59,19.002
1888,08/01/2026 13:06:59,20.128
1889,08/01/2026 13:21:59,20.557
1890,08/01/2026 13:36:59,20.761
1891,08/01/2026 13:51:59,20.021
1892,08/01/2026 14:06:59,20.064
1893,08/01/2026 14:21:59,19.302
1894,08/01/2026 14:36:59,19.345
1895,08/01/2026 14:51:59,19.420
1896,08/01/2026 15:06:59,18.873
1897,08/01/2026 15:21:59,18.208
1898,08/01/2026 15:36:59,18.005
1899,08/01/2026 15:51:59,17.522
1900,08/01/2026 16:06:59,17.297
1901,08/01/2026 16:21:59,16.997
1902,08/01/2026 16:36:59,16.836
1903,08/01/2026 16:51:59,16.578
1904,08/01/2026 17:06:59,16.278
1905,08/01/2026 17:21:59,16.160
1906,08/01/2026 17:36:59,16.117
1907,08/01/2026 17:51:59,16.096
1908,08/01/2026 18:06:59,16.149
1909,08/01/2026 18:21:59,16.171
1910,08/01/2026 18:36:59,16.214
1911,08/01/2026 18:51:59,16.256
1912,08/01/2026 19:06:59,16.289
1913,08/01/2026 19:21:59,16.310
1914,08/01/2026 19:36:59,16.342
1915,08/01/2026 19:51:59,16.374
1916,08/01/2026 20:06:59,16.460
1917,08/01/2026 20:21:59,16.503
1918,08/01/2026 20:36:59,16.557
1919,08/01/2026 20:51:59,16.525
1920,08/01/2026 21:06:59,16.525
1921,08/01/2026 21:21:59,16.514
1922,08/01/2026 21:36:59,16.664
1923,08/01/2026 21:51:59,16.589
1924,08/01/2026 22:06:59,16.546
1925,08/01/2026 22:21:59,16.696
1926,08/01/2026 22:36:59,16.739
1927,08/01/2026 22:51:59,16.718
1928,08/01/2026 23:06:59,16.664
1929,08/01/2026 23:21:59,16.621
1930,08/01/2026 23:36:59,16.664
1931,08/01/2026 23:51:59,16.289
1932,08/02/2026 00:06:59,16.117
1933,08/02/2026 00:21:59,16.482
1934,08/02/2026 00:36:59,16.643
1935,08/02/2026 00:51:59,16.664
1936,08/02/2026 01:06:59,16.643
1937,08/02/2026 01:21:59,16.632
1938,08/02/2026 01:36:59,16.632
1939,08/02/2026 01:51:59,16.632
1940,08/02/2026 02:06:59,16.600
1941,08/02/2026 02:21:59,16.557
1942,08/02/2026 02:36:59,16.514
1943,08/02/2026 02:51:59,16.503
1944,08/02/2026 03:06:59,16.482
1945,08/02/2026 03:21:59,16.471
1946,08/02/2026 03:36:59,16.471
1947,08/02/2026 03:51:59,16.471
1948,08/02/2026 04:06:59,16.396
1949,08/02/2026 04:21:59,16.289
1950,08/02/2026 04:36:59,16.289
1951,08/02/2026 04:51:59,16.332
1952,08/02/2026 05:06:59,16.471
1953,08/02/2026 05:21:59,16.428
1954,08/02/2026 05:36:59,16.450
1955,08/02/2026 05:51:59,16.417
1956,08/02/2026 06:06:59,16.450
1957,08/02/2026 06:21:59,16.450
1958,08/02/2026 06:36:59,16.439
1959,08/02/2026 06:51:59,16.428
1960,08/02/2026 07:06:59,16.428
1961,08/02/2026 07:21:59,16.428
1962,08/02/2026 07:36:59,16.450
1963,08/02/2026 07:51:59,16.460
1964,08/02/2026 08:06:59,16.492
1965,08/02/2026 08:21:59,16.482
1966,08/02/2026 08:36:59,16.503
1967,08/02/2026 08:51:59,16.589
1968,08/02/2026 09:06:59,16.600
1969,08/02/2026 09:21:59,16.578
1970,08/02/2026 09:36:59,16.428
1971,08/02/2026 09:51:59,15.988
1972,08/02/2026 10:06:59,16.031
1973,08/02/2026 10:21:59,16.074
1974,08/02/2026 10:36:59,16.149
1975,08/02/2026 10:51:59,16.246
1976,08/02/2026 11:06:59,16.428
1977,08/02/2026 11:21:59,16.664
1978,08/02/2026 11:36:59,16.889
1979,08/02/2026 11:51:59,17.050
1980,08/02/2026 12:06:59,17.318
1981,08/02/2026 12:21:59,17.597
1982,08/02/2026 12:36:59,17.426
1983,08/02/2026 12:51:59,17.490
1984,08/02/2026 13:06:59,17.726
1985,08/02/2026 13:21:59,18.069
1986,08/02/2026 13:36:59,18.305
1987,08/02/2026 13:51:59,18.809
1988,08/02/2026 14:06:59,19.206
1989,08/02/2026 14:21:59,18.852
1990,08/02/2026 14:36:59,18.648
1991,08/02/2026 14:51:59,18.959
1992,08/02/2026 15:06:59,19.013
1993,08/02/2026 15:21:59,18.755
1994,08/02/2026 15:36:59,18.294
1995,08/02/2026 15:51:59,18.144
1996,08/02/2026 16:06:59,18.401
1997,08/02/2026 16:21:59,17.790
1998,08/02/2026 16:36:59,17.640
1999,08/02/2026 16:51:59,17.404
2000,08/02/2026 17:06:59,17.297
2001,08/02/2026 17:21:59,17.404
2002,08/02/2026 17:36:59,17.329
2003,08/02/2026 17:51:59,17.179
2004,08/02/2026 18:06:59,17.061
2005,08/02/2026 18:21:59,16.964
2006,08/02/2026 18:36:59,16.889
2007,08/02/2026 18:51:59,16.803
2008,08/02/2026 19:06:59,16.750
2009,08/02/2026 19:21:59,16.685
2010,08/02/2026 19:36:59,16.600
2011,08/02/2026 19:51:59,16.492
2012,08/02/2026 20:06:59,16.374
2013,08/02/2026 20:21:59,16.332
2014,08/02/2026 20:36:59,16.353
2015,08/02/2026 20:51:59,16.364
2016,08/02/2026 21:06:59,16.332
2017,08/02/2026 21:21:59,16.181
2018,08/02/2026 21:36:59,16.128
2019,08/02/2026 21:51:59,16.053
2020,08/02/2026 22:06:59,15.913
2021,08/02/2026 22:21:59,15.345
2022,08/02/2026 22:36:59,15.087
2023,08/02/2026 22:51:59,15.334
2024,08/02/2026 23:06:59,15.474
2025,08/02/2026 23:21:59,15.366
2026,08/02/2026 23:36:59,15.377
2027,08/02/2026 23:51:59,15.366
2028,08/03/2026 00:06:59,15.516
2029,08/03/2026 00:21:59,15.967
2030,08/03/2026 00:36:59,16.053
2031,08/03/2026 00:51:59,16.010
2032,08/03/2026 01:06:59,15.849
2033,08/03/2026 01:21:59,15.785
2034,08/03/2026 01:36:59,15.806
2035,08/03/2026 01:51:59,15.817
2036,08/03/2026 02:06:59,15.817
2037,08/03/2026 02:21:59,15.785
2038,08/03/2026 02:36:59,15.742
2039,08/03/2026 02:51:59,15.656
2040,08/03/2026 03:06:59,15.634
2041,08/03/2026 03:21:59,15.581
2042,08/03/2026 03:36:59,15.527
2043,08/03/2026 03:51:59,15.441
2044,08/03/2026 04:06:59,15.409
2045,08/03/2026 04:21:59,15.388
2046,08/03/2026 04:36:59,15.334
2047,08/03/2026 04:51:59,15.291
2048,08/03/2026 05:06:59,15.248
2049,08/03/2026 05:21:59,15.238
2050,08/03/2026 05:36:59,15.227
2051,08/03/2026 05:51:59,15.259
2052,08/03/2026 06:06:59,15.109
2053,08/03/2026 06:21:59,15.195
2054,08/03/2026 06:36:59,15.334
2055,08/03/2026 06:51:59,15.463
2056,08/03/2026 07:06:59,15.602
2057,08/03/2026 07:21:59,15.677
2058,08/03/2026 07:36:59,15.645
2059,08/03/2026 07:51:59,15.656
2060,08/03/2026 08:06:59,15.431
2061,08/03/2026 08:21:59,15.431
2062,08/03/2026 08:36:59,15.441
2063,08/03/2026 08:51:59,15.452
2064,08/03/2026 09:06:59,15.538
2065,08/03/2026 09:21:59,15.452
2066,08/03/2026 09:36:59,15.452
2067,08/03/2026 09:51:59,15.420
2068,08/03/2026 10:06:59,15.388
2069,08/03/2026 10:21:59,15.388
2070,08/03/2026 10:36:59,15.398
2071,08/03/2026 10:51:59,15.441
2072,08/03/2026 11:06:59,15.538
2073,08/03/2026 11:21:59,15.516
2074,08/03/2026 11:36:59,15.667
2075,08/03/2026 11:51:59,15.699
2076,08/03/2026 12:06:59,15.827
2077,08/03/2026 12:21:59,15.913
2078,08/03/2026 12:36:59,16.074
2079,08/03/2026 12:51:59,16.289
2080,08/03/2026 13:06:59,16.482
2081,08/03/2026 13:21:59,16.171
2082,08/03/2026 13:36:59,16.224
2083,08/03/2026 13:51:59,16.267
2084,08/03/2026 14:06:59,16.192
2085,08/03/2026 14:21:59,16.256
2086,08/03/2026 14:36:59,16.138
2087,08/03/2026 14:51:59,16.117
2088,08/03/2026 15:06:59,16.031
2089,08/03/2026 15:21:59,16.106
2090,08/03/2026 15:36:59,16.031
2091,08/03/2026 15:51:59,15.999
2092,08/03/2026 16:06:59,15.999
2093,08/03/2026 16:21:59,15.849
2094,08/03/2026 16:36:59,15.667
2095,08/03/2026 16:51:59,15.484
2096,08/03/2026 17:06:59,15.409
2097,08/03/2026 17:21:59,15.313
2098,08/03/2026 17:36:59,15.227
2099,08/03/2026 17:51:59,15.141
2100,08/03/2026 18:06:59,15.023
2101,08/03/2026 18:21:59,14.959
2102,08/03/2026 18:36:59,14.927
2103,08/03/2026 18:51:59,14.894
2104,08/03/2026 19:06:59,14.916
2105,08/03/2026 19:21:59,14.969
2106,08/03/2026 19:36:59,14.991
2107,08/03/2026 19:51:59,15.023
2108,08/03/2026 20:06:59,15.087
2109,08/03/2026 20:21:59,15.195
2110,08/03/2026 20:36:59,15.366
2111,08/03/2026 20:51:59,15.667
2112,08/03/2026 21:06:59,15.935
2113,08/03/2026 21:21:59,15.935
2114,08/03/2026 21:36:59,15.935
2115,08/03/2026 21:51:59,15.903
2116,08/03/2026 22:06:59,15.967
2117,08/03/2026 22:21:59,15.913
2118,08/03/2026 22:36:59,15.999
2119,08/03/2026 22:51:59,15.731
2120,08/03/2026 23:06:59,14.937
2121,08/03/2026 23:21:59,14.809
2122,08/03/2026 23:36:59,15.002
2123,08/03/2026 23:51:59,15.634
2124,08/04/2026 00:06:59,15.345
2125,08/04/2026 00:21:59,15.077
2126,08/04/2026 00:36:59,15.120
2127,08/04/2026 00:51:59,15.881
2128,08/04/2026 01:06:59,15.870
2129,08/04/2026 01:21:59,15.849
2130,08/04/2026 01:36:59,15.785
2131,08/04/2026 01:51:59,15.709
2132,08/04/2026 02:06:59,15.774
2133,08/04/2026 02:21:59,15.785
2134,08/04/2026 02:36:59,15.763
2135,08/04/2026 02:51:59,15.752
2136,08/04/2026 03:06:59,15.731
2137,08/04/2026 03:21:59,15.709
2138,08/04/2026 03:36:59,15.667
2139,08/04/2026 03:51:59,15.624
2140,08/04/2026 04:06:59,15.634
2141,08/04/2026 04:21:59,15.592
2142,08/04/2026 04:36:59,15.592
2143,08/04/2026 04:51:59,15.527
2144,08/04/2026 05:06:59,15.484
2145,08/04/2026 05:21:59,15.452
2146,08/04/2026 05:36:59,15.398
2147,08/04/2026 05:51:59,15.323
2148,08/04/2026 06:06:59,15.248
2149,08/04/2026 06:21:59,15.238
2150,08/04/2026 06:36:59,15.280
2151,08/04/2026 06:51:59,15.452
2152,08/04/2026 07:06:59,15.302
2153,08/04/2026 07:21:59,15.012
2154,08/04/2026 07:36:59,14.937
2155,08/04/2026 07:51:59,14.884
2156,08/04/2026 08:06:59,14.873
2157,08/04/2026 08:21:59,14.905
2158,08/04/2026 08:36:59,14.894
2159,08/04/2026 08:51:59,14.894
2160,08/04/2026 09:06:59,14.927
2161,08/04/2026 09:21:59,14.916
2162,08/04/2026 09:36:59,14.905
2163,08/04/2026 09:51:59,14.959
2164,08/04/2026 10:06:59,15.002
2165,08/04/2026 10:21:59,15.034
2166,08/04/2026 10:36:59,15.045
2167,08/04/2026 10:51:59,15.045
2168,08/04/2026 11:06:59,15.087
2169,08/04/2026 11:21:59,15.163
2170,08/04/2026 11:36:59,15.270
2171,08/04/2026 11:51:59,15.291
2172,08/04/2026 12:06:59,15.280
2173,08/04/2026 12:21:59,15.302
2174,08/04/2026 12:36:59,15.313
2175,08/04/2026 12:51:59,15.366
2176,08/04/2026 13:06:59,15.280
2177,08/04/2026 13:21:59,15.334
2178,08/04/2026 13:36:59,15.356
2179,08/04/2026 13:51:59,15.484
2180,08/04/2026 14:06:59,15.506
2181,08/04/2026 14:21:59,15.645
2182,08/04/2026 14:36:59,15.742
2183,08/04/2026 14:51:59,15.817
2184,08/04/2026 15:06:59,15.881
2185,08/04/2026 15:21:59,15.817
2186,08/04/2026 15:36:59,15.731
2187,08/04/2026 15:51:59,15.656
2188,08/04/2026 16:06:59,15.516
2189,08/04/2026 16:21:59,15.420
2190,08/04/2026 16:36:59,15.345
2191,08/04/2026 16:51:59,15.216
2192,08/04/2026 17:06:59,15.163
2193,08/04/2026 17:21:59,15.323
2194,08/04/2026 17:36:59,15.613
2195,08/04/2026 17:51:59,15.763
2196,08/04/2026 18:06:59,15.624
2197,08/04/2026 18:21:59,15.506
2198,08/04/2026 18:36:59,15.452
2199,08/04/2026 18:51:59,15.452
2200,08/04/2026 19:06:59,15.452
2201,08/04/2026 19:21:59,15.495
2202,08/04/2026 19:36:59,15.506
2203,08/04/2026 19:51:59,15.538
2204,08/04/2026 20:06:59,15.592
2205,08/04/2026 20:21:59,15.645
2206,08/04/2026 20:36:59,15.699
2207,08/04/2026 20:51:59,15.763
2208,08/04/2026 21:06:59,15.849
2209,08/04/2026 21:21:59,15.978
2210,08/04/2026 21:36:59,16.031
2211,08/04/2026 21:51:59,16.085
2212,08/04/2026 22:06:59,16.149
2213,08/04/2026 22:21:59,16.117
2214,08/04/2026 22:36:59,15.967
2215,08/04/2026 22:51:59,15.945
2216,08/04/2026 23:06:59,15.924
2217,08/04/2026 23:21:59,15.849
2218,08/04/2026 23:36:59,15.023
2219,08/04/2026 23:51:59,15.023
2220,08/05/2026 00:06:59,15.484
2221,08/05/2026 00:21:59,15.173
2222,08/05/2026 00:36:59,15.270
2223,08/05/2026 00:51:59,16.031
2224,08/05/2026 01:06:59,16.042
2225,08/05/2026 01:21:59,15.924
2226,08/05/2026 01:36:59,15.838
2227,08/05/2026 01:51:59,15.827
2228,08/05/2026 02:06:59,15.849
2229,08/05/2026 02:21:59,15.913
2230,08/05/2026 02:36:59,15.935
2231,08/05/2026 02:51:59,15.935
2232,08/05/2026 03:06:59,15.924
2233,08/05/2026 03:21:59,15.913
2234,08/05/2026 03:36:59,15.849
2235,08/05/2026 03:51:59,15.827
2236,08/05/2026 04:06:59,15.817
2237,08/05/2026 04:21:59,15.763
2238,08/05/2026 04:36:59,15.709
2239,08/05/2026 04:51:59,15.624
2240,08/05/2026 05:06:59,15.570
2241,08/05/2026 05:21:59,15.474
2242,08/05/2026 05:36:59,15.452
2243,08/05/2026 05:51:59,15.356
2244,08/05/2026 06:06:59,15.302
2245,08/05/2026 06:21:59,15.334
2246,08/05/2026 06:36:59,15.409
2247,08/05/2026 06:51:59,15.334
2248,08/05/2026 07:06:59,15.280
2249,08/05/2026 07:21:59,15.302
2250,08/05/2026 07:36:59,15.248
2251,08/05/2026 07:51:59,15.248
2252,08/05/2026 08:06:59,15.280
2253,08/05/2026 08:21:59,15.227
2254,08/05/2026 08:36:59,15.163
2255,08/05/2026 08:51:59,15.195
2256,08/05/2026 09:06:59,15.163
2257,08/05/2026 09:21:59,15.130
2258,08/05/2026 09:36:59,15.109
2259,08/05/2026 09:51:59,15.055
2260,08/05/2026 10:06:59,15.023
2261,08/05/2026 10:21:59,15.023
2262,08/05/2026 10:36:59,15.130
2263,08/05/2026 10:51:59,15.238
2264,08/05/2026 11:06:59,15.377
2265,08/05/2026 11:21:59,15.484
2266,08/05/2026 11:36:59,15.506
2267,08/05/2026 11:51:59,15.495
2268,08/05/2026 12:06:59,15.420
2269,08/05/2026 12:21:59,15.388
2270,08/05/2026 12:36:59,15.302
2271,08/05/2026 12:51:59,15.259
2272,08/05/2026 13:06:59,15.291
2273,08/05/2026 13:21:59,15.302
2274,08/05/2026 13:36:59,15.334
2275,08/05/2026 13:51:59,15.388
2276,08/05/2026 14:06:59,15.516
2277,08/05/2026 14:21:59,15.516
2278,08/05/2026 14:36:59,15.592
2279,08/05/2026 14:51:59,15.677
2280,08/05/2026 15:06:59,15.720
2281,08/05/2026 15:21:59,15.742
2282,08/05/2026 15:36:59,15.677
2283,08/05/2026 15:51:59,15.827
2284,08/05/2026 16:06:59,15.624
2285,08/05/2026 16:21:59,15.570
2286,08/05/2026 16:36:59,15.592
2287,08/05/2026 16:51:59,15.613
2288,08/05/2026 17:06:59,15.720
2289,08/05/2026 17:21:59,15.817
2290,08/05/2026 17:36:59,16.085
2291,08/05/2026 17:51:59,15.903
2292,08/05/2026 18:06:59,15.935
2293,08/05/2026 18:21:59,16.106
2294,08/05/2026 18:36:59,15.795
2295,08/05/2026 18:51:59,15.870
2296,08/05/2026 19:06:59,16.332
2297,08/05/2026 19:21:59,16.814
2298,08/05/2026 19:36:59,16.750
2299,08/05/2026 19:51:59,16.718
2300,08/05/2026 20:06:59,16.750
2301,08/05/2026 20:21:59,16.664
2302,08/05/2026 20:36:59,16.568
2303,08/05/2026 20:51:59,16.546
2304,08/05/2026 21:06:59,16.568
2305,08/05/2026 21:21:59,16.600
2306,08/05/2026 21:36:59,16.589
2307,08/05/2026 21:51:59,16.600
2308,08/05/2026 22:06:59,16.632
2309,08/05/2026 22:21:59,16.063
2310,08/05/2026 22:36:59,15.870
2311,08/05/2026 22:51:59,15.795
2312,08/05/2026 23:06:59,15.881
2313,08/05/2026 23:21:59,15.849
2314,08/05/2026 23:36:59,15.849
2315,08/05/2026 23:51:59,15.709
2316,08/06/2026 00:06:59,15.431
2317,08/06/2026 00:21:59,15.280
2318,08/06/2026 00:36:59,15.238
2319,08/06/2026 00:51:59,15.398
2320,08/06/2026 01:06:59,15.452
2321,08/06/2026 01:21:59,15.452
2322,08/06/2026 01:36:59,15.688
2323,08/06/2026 01:51:59,15.806
2324,08/06/2026 02:06:59,15.570
2325,08/06/2026 02:21:59,15.581
2326,08/06/2026 02:36:59,15.624
2327,08/06/2026 02:51:59,15.838
2328,08/06/2026 03:06:59,15.913
2329,08/06/2026 03:21:59,16.310
2330,08/06/2026 03:36:59,16.407
2331,08/06/2026 03:51:59,16.396
2332,08/06/2026 04:06:59,16.353
2333,08/06/2026 04:21:59,16.342
2334,08/06/2026 04:36:59,16.342
2335,08/06/2026 04:51:59,16.342
2336,08/06/2026 05:06:59,16.364
2337,08/06/2026 05:21:59,16.278
2338,08/06/2026 05:36:59,16.192
2339,08/06/2026 05:51:59,16.428
2340,08/06/2026 06:06:59,16.471
2341,08/06/2026 06:21:59,16.482
2342,08/06/2026 06:36:59,16.514
2343,08/06/2026 06:51:59,16.514
2344,08/06/2026 07:06:59,16.546
2345,08/06/2026 07:21:59,16.589
2346,08/06/2026 07:36:59,16.342
2347,08/06/2026 07:51:59,16.160
2348,08/06/2026 08:06:59,15.913
2349,08/06/2026 08:21:59,15.838
2350,08/06/2026 08:36:59,15.935
2351,08/06/2026 08:51:59,16.149
2352,08/06/2026 09:06:59,16.181
2353,08/06/2026 09:21:59,16.342
2354,08/06/2026 09:36:59,16.557
2355,08/06/2026 09:51:59,16.739
2356,08/06/2026 10:06:59,16.718
2357,08/06/2026 10:21:59,16.568
2358,08/06/2026 10:36:59,16.578
2359,08/06/2026 10:51:59,16.600
2360,08/06/2026 11:06:59,16.589
2361,08/06/2026 11:21:59,16.568
2362,08/06/2026 11:36:59,16.535
2363,08/06/2026 11:51:59,16.171
2364,08/06/2026 12:06:59,16.117
2365,08/06/2026 12:21:59,15.999
2366,08/06/2026 12:36:59,15.913
2367,08/06/2026 12:51:59,15.709
2368,08/06/2026 13:06:59,15.677
2369,08/06/2026 13:21:59,15.559
2370,08/06/2026 13:36:59,15.549
2371,08/06/2026 13:51:59,15.581
2372,08/06/2026 14:06:59,15.581
2373,08/06/2026 14:21:59,15.634
2374,08/06/2026 14:36:59,15.441
2375,08/06/2026 14:51:59,15.398
2376,08/06/2026 15:06:59,15.366
2377,08/06/2026 15:21:59,15.366
2378,08/06/2026 15:36:59,15.388
2379,08/06/2026 15:51:59,15.420
2380,08/06/2026 16:06:59,15.409
2381,08/06/2026 16:21:59,15.506
2382,08/06/2026 16:36:59,15.602
2383,08/06/2026 16:51:59,15.602
2384,08/06/2026 17:06:59,15.484
2385,08/06/2026 17:21:59,15.377
2386,08/06/2026 17:36:59,15.366
2387,08/06/2026 17:51:59,15.377
2388,08/06/2026 18:06:59,15.452
2389,08/06/2026 18:21:59,15.452
2390,08/06/2026 18:36:59,15.581
2391,08/06/2026 18:51:59,15.752
2392,08/06/2026 19:06:59,16.149
2393,08/06/2026 19:21:59,16.600
2394,08/06/2026 19:36:59,16.750
2395,08/06/2026 19:51:59,16.482
2396,08/06/2026 20:06:59,16.417
2397,08/06/2026 20:21:59,16.450
2398,08/06/2026 20:36:59,16.514
2399,08/06/2026 20:51:59,16.589
2400,08/06/2026 21:06:59,17.039
2401,08/06/2026 21:21:59,17.168
2402,08/06/2026 21:36:59,17.232
2403,08/06/2026 21:51:59,17.147
2404,08/06/2026 22:06:59,16.728
2405,08/06/2026 22:21:59,16.664
2406,08/06/2026 22:36:59,16.632
2407,08/06/2026 22:51:59,16.482
2408,08/06/2026 23:06:59,16.546
2409,08/06/2026 23:21:59,16.289
2410,08/06/2026 23:36:59,16.085
2411,08/06/2026 23:51:59,15.913
2412,08/07/2026 00:06:59,15.935
2413,08/07/2026 00:21:59,16.031
2414,08/07/2026 00:36:59,16.171
2415,08/07/2026 00:51:59,16.278
2416,08/07/2026 01:06:59,16.053
2417,08/07/2026 01:21:59,15.774
2418,08/07/2026 01:36:59,15.752
2419,08/07/2026 01:51:59,15.677
2420,08/07/2026 02:06:59,15.881
2421,08/07/2026 02:21:59,15.892
2422,08/07/2026 02:36:59,15.935
2423,08/07/2026 02:51:59,16.031
2424,08/07/2026 03:06:59,16.138
2425,08/07/2026 03:21:59,16.246
2426,08/07/2026 03:36:59,16.353
2427,08/07/2026 03:51:59,16.514
2428,08/07/2026 04:06:59,16.610
2429,08/07/2026 04:21:59,16.600
2430,08/07/2026 04:36:59,16.761
2431,08/07/2026 04:51:59,16.782
2432,08/07/2026 05:06:59,16.868
2433,08/07/2026 05:21:59,16.943
2434,08/07/2026 05:36:59,16.803
2435,08/07/2026 05:51:59,16.557
2436,08/07/2026 06:06:59,16.149
2437,08/07/2026 06:21:59,15.677
2438,08/07/2026 06:36:59,15.549
2439,08/07/2026 06:51:59,15.592
2440,08/07/2026 07:06:59,16.138
2441,08/07/2026 07:21:59,16.857
2442,08/07/2026 07:36:59,16.997
2443,08/07/2026 07:51:59,17.179
2444,08/07/2026 08:06:59,17.297
2445,08/07/2026 08:21:59,17.383
2446,08/07/2026 08:36:59,17.104
2447,08/07/2026 08:51:59,16.814
2448,08/07/2026 09:06:59,16.868
2449,08/07/2026 09:21:59,16.675
2450,08/07/2026 09:36:59,16.718
2451,08/07/2026 09:51:59,16.857
2452,08/07/2026 10:06:59,17.072
2453,08/07/2026 10:21:59,17.179
2454,08/07/2026 10:36:59,17.383
2455,08/07/2026 10:51:59,17.608
2456,08/07/2026 11:06:59,17.672
2457,08/07/2026 11:21:59,17.554
2458,08/07/2026 11:36:59,17.511
2459,08/07/2026 11:51:59,17.329
2460,08/07/2026 12:06:59,17.147
2461,08/07/2026 12:21:59,16.739
2462,08/07/2026 12:36:59,16.353
2463,08/07/2026 12:51:59,16.138
2464,08/07/2026 13:06:59,16.171
2465,08/07/2026 13:21:59,16.203
2466,08/07/2026 13:36:59,15.924
2467,08/07/2026 13:51:59,15.860
2468,08/07/2026 14:06:59,15.870
2469,08/07/2026 14:21:59,15.795
2470,08/07/2026 14:36:59,15.763
2471,08/07/2026 14:51:59,15.742
2472,08/07/2026 15:06:59,15.709
2473,08/07/2026 15:21:59,15.688
2474,08/07/2026 15:36:59,15.806
2475,08/07/2026 15:51:59,15.945
2476,08/07/2026 16:06:59,15.699
2477,08/07/2026 16:21:59,15.634
2478,08/07/2026 16:36:59,15.677
2479,08/07/2026 16:51:59,15.602
2480,08/07/2026 17:06:59,15.559
2481,08/07/2026 17:21:59,15.549
2482,08/07/2026 17:36:59,15.506
2483,08/07/2026 17:51:59,15.516
2484,08/07/2026 18:06:59,15.527
2485,08/07/2026 18:21:59,15.570
2486,08/07/2026 18:36:59,15.592
2487,08/07/2026 18:51:59,15.634
2488,08/07/2026 19:06:59,15.645
2489,08/07/2026 19:21:59,15.613
2490,08/07/2026 19:36:59,15.709
2491,08/07/2026 19:51:59,15.838
2492,08/07/2026 20:06:59,15.838
2493,08/07/2026 20:21:59,16.256
2494,08/07/2026 20:36:59,16.975
2495,08/07/2026 20:51:59,17.468
2496,08/07/2026 21:06:59,17.576
2497,08/07/2026 21:21:59,17.029
2498,08/07/2026 21:36:59,16.986
2499,08/07/2026 21:51:59,16.771
2500,08/07/2026 22:06:59,16.750
2501,08/07/2026 22:21:59,16.632
2502,08/07/2026 22:36:59,16.396
2503,08/07/2026 22:51:59,16.385
2504,08/07/2026 23:06:59,16.289
2505,08/07/2026 23:21:59,16.171
2506,08/07/2026 23:36:59,15.634
2507,08/07/2026 23:51:59,15.538
2508,08/08/2026 00:06:59,15.731
2509,08/08/2026 00:21:59,15.827
2510,08/08/2026 00:36:59,15.924
2511,08/08/2026 00:51:59,15.924
2512,08/08/2026 01:06:59,15.892
2513,08/08/2026 01:21:59,15.742
2514,08/08/2026 01:36:59,15.699
2515,08/08/2026 01:51:59,15.709
2516,08/08/2026 02:06:59,15.613
2517,08/08/2026 02:21:59,15.570
2518,08/08/2026 02:36:59,15.549
2519,08/08/2026 02:51:59,15.592
2520,08/08/2026 03:06:59,15.452
2521,08/08/2026 03:21:59,15.484
2522,08/08/2026 03:36:59,15.817
2523,08/08/2026 03:51:59,15.849
2524,08/08/2026 04:06:59,15.881
2525,08/08/2026 04:21:59,15.881
2526,08/08/2026 04:36:59,15.988
2527,08/08/2026 04:51:59,16.267
2528,08/08/2026 05:06:59,16.332
2529,08/08/2026 05:21:59,16.460
2530,08/08/2026 05:36:59,16.632
2531,08/08/2026 05:51:59,16.803
2532,08/08/2026 06:06:59,16.675
2533,08/08/2026 06:21:59,16.750
2534,08/08/2026 06:36:59,16.396
2535,08/08/2026 06:51:59,15.356
2536,08/08/2026 07:06:59,15.516
2537,08/08/2026 07:21:59,15.377
2538,08/08/2026 07:36:59,15.388
2539,08/08/2026 07:51:59,15.752
2540,08/08/2026 08:06:59,16.342
2541,08/08/2026 08:21:59,17.308
2542,08/08/2026 08:36:59,19.388
2543,08/08/2026 08:51:59,18.562
2544,08/08/2026 09:06:59,18.648
2545,08/08/2026 09:21:59,18.541
2546,08/08/2026 09:36:59,18.230
2547,08/08/2026 09:51:59,18.927
2548,08/08/2026 10:06:59,19.077
2549,08/08/2026 10:21:59,19.249
2550,08/08/2026 10:36:59,19.281
2551,08/08/2026 10:51:59,19.388
2552,08/08/2026 11:06:59,19.388
2553,08/08/2026 11:21:59,19.292
2554,08/08/2026 11:36:59,19.045
2555,08/08/2026 11:51:59,18.187
2556,08/08/2026 12:06:59,17.822
2557,08/08/2026 12:21:59,17.694
2558,08/08/2026 12:36:59,17.619
2559,08/08/2026 12:51:59,17.479
2560,08/08/2026 13:06:59,16.975
2561,08/08/2026 13:21:59,16.514
2562,08/08/2026 13:36:59,16.417
2563,08/08/2026 13:51:59,16.342
2564,08/08/2026 14:06:59,16.171
2565,08/08/2026 14:21:59,15.967
2566,08/08/2026 14:36:59,16.042
2567,08/08/2026 14:51:59,16.096
2568,08/08/2026 15:06:59,16.138
2569,08/08/2026 15:21:59,15.999
2570,08/08/2026 15:36:59,16.053
2571,08/08/2026 15:51:59,16.021
2572,08/08/2026 16:06:59,15.945
2573,08/08/2026 16:21:59,15.924
2574,08/08/2026 16:36:59,16.106
2575,08/08/2026 16:51:59,16.246
2576,08/08/2026 17:06:59,15.956
2577,08/08/2026 17:21:59,15.935
2578,08/08/2026 17:36:59,15.806
2579,08/08/2026 17:51:59,15.806
2580,08/08/2026 18:06:59,15.774
2581,08/08/2026 18:21:59,15.752
2582,08/08/2026 18:36:59,15.516
2583,08/08/2026 18:51:59,15.377
2584,08/08/2026 19:06:59,15.366
2585,08/08/2026 19:21:59,15.377
2586,08/08/2026 19:36:59,15.409
2587,08/08/2026 19:51:59,15.420
2588,08/08/2026 20:06:59,15.420
2589,08/08/2026 20:21:59,15.398
2590,08/08/2026 20:36:59,15.398
2591,08/08/2026 20:51:59,15.452
2592,08/08/2026 21:06:59,15.452
2593,08/08/2026 21:21:59,15.516
2594,08/08/2026 21:36:59,15.559
2595,08/08/2026 21:51:59,15.613
2596,08/08/2026 22:06:59,15.624
2597,08/08/2026 22:21:59,15.795
2598,08/08/2026 22:36:59,15.892
2599,08/08/2026 22:51:59,15.881
2600,08/08/2026 23:06:59,16.332
2601,08/08/2026 23:21:59,16.664
2602,08/08/2026 23:36:59,16.299
2603,08/08/2026 23:51:59,16.332
2604,08/09/2026 00:06:59,16.256
2605,08/09/2026 00:21:59,16.256
2606,08/09/2026 00:36:59,16.214
2607,08/09/2026 00:51:59,15.924
2608,08/09/2026 01:06:59,15.795
2609,08/09/2026 01:21:59,15.731
2610,08/09/2026 01:36:59,15.709
2611,08/09/2026 01:51:59,15.763
2612,08/09/2026 02:06:59,15.806
2613,08/09/2026 02:21:59,15.709
2614,08/09/2026 02:36:59,15.656
2615,08/09/2026 02:51:59,15.613
2616,08/09/2026 03:06:59,15.613
2617,08/09/2026 03:21:59,15.634
2618,08/09/2026 03:36:59,15.667
2619,08/09/2026 03:51:59,15.656
2620,08/09/2026 04:06:59,15.624
2621,08/09/2026 04:21:59,15.752
2622,08/09/2026 04:36:59,15.827
2623,08/09/2026 04:51:59,16.192
2624,08/09/2026 05:06:59,16.321
2625,08/09/2026 05:21:59,16.224
2626,08/09/2026 05:36:59,16.256
2627,08/09/2026 05:51:59,16.278
2628,08/09/2026 06:06:59,16.428
2629,08/09/2026 06:21:59,16.589
2630,08/09/2026 06:36:59,16.653
2631,08/09/2026 06:51:59,16.750
2632,08/09/2026 07:06:59,17.007
2633,08/09/2026 07:21:59,16.128
2634,08/09/2026 07:36:59,15.388
2635,08/09/2026 07:51:59,15.195
2636,08/09/2026 08:06:59,15.302
2637,08/09/2026 08:21:59,15.506
2638,08/09/2026 08:36:59,15.870
2639,08/09/2026 08:51:59,18.123
2640,08/09/2026 09:06:59,19.420
2641,08/09/2026 09:21:59,20.514
2642,08/09/2026 09:36:59,21.458
2643,08/09/2026 09:51:59,22.209
2644,08/09/2026 10:06:59,22.456
2645,08/09/2026 10:21:59,20.933
2646,08/09/2026 10:36:59,19.302
2647,08/09/2026 10:51:59,19.120
2648,08/09/2026 11:06:59,19.002
2649,08/09/2026 11:21:59,19.184
2650,08/09/2026 11:36:59,19.463
2651,08/09/2026 11:51:59,19.592
2652,08/09/2026 12:06:59,19.560
2653,08/09/2026 12:21:59,19.420
2654,08/09/2026 12:36:59,19.495
2655,08/09/2026 12:51:59,19.045
2656,08/09/2026 13:06:59,18.584
2657,08/09/2026 13:21:59,18.198
2658,08/09/2026 13:36:59,17.855
2659,08/09/2026 13:51:59,17.501
2660,08/09/2026 14:06:59,17.297
2661,08/09/2026 14:21:59,17.200
2662,08/09/2026 14:36:59,16.921
2663,08/09/2026 14:51:59,16.535
2664,08/09/2026 15:06:59,16.353
2665,08/09/2026 15:21:59,16.396
2666,08/09/2026 15:36:59,16.471
2667,08/09/2026 15:51:59,16.546
2668,08/09/2026 16:06:59,16.332
2669,08/09/2026 16:21:59,16.192
2670,08/09/2026 16:36:59,16.117
2671,08/09/2026 16:51:59,15.913
2672,08/09/2026 17:06:59,16.085
2673,08/09/2026 17:21:59,16.546
2674,08/09/2026 17:36:59,16.450
2675,08/09/2026 17:51:59,16.010
2676,08/09/2026 18:06:59,16.074
2677,08/09/2026 18:21:59,16.053
2678,08/09/2026 18:36:59,16.482
2679,08/09/2026 18:51:59,17.061
2680,08/09/2026 19:06:59,16.846
2681,08/09/2026 19:21:59,16.053
2682,08/09/2026 19:36:59,15.763
2683,08/09/2026 19:51:59,15.549
2684,08/09/2026 20:06:59,15.452
2685,08/09/2026 20:21:59,15.634
2686,08/09/2026 20:36:59,15.763
2687,08/09/2026 20:51:59,15.849
2688,08/09/2026 21:06:59,15.506
2689,08/09/2026 21:21:59,15.388
2690,08/09/2026 21:36:59,15.420
2691,08/09/2026 21:51:59,15.538
2692,08/09/2026 22:06:59,15.742
2693,08/09/2026 22:21:59,16.278
2694,08/09/2026 22:36:59,17.812
2695,08/09/2026 22:51:59,18.401
2696,08/09/2026 23:06:59,18.391
2697,08/09/2026 23:21:59,18.595
2698,08/09/2026 23:36:59,18.605
2699,08/09/2026 23:51:59,18.380
2700,08/10/2026 00:06:59,18.294
2701,08/10/2026 00:21:59,18.123
2702,08/10/2026 00:36:59,17.297
2703,08/10/2026 00:51:59,17.265
2704,08/10/2026 01:06:59,17.329
2705,08/10/2026 01:21:59,17.136
2706,08/10/2026 01:36:59,16.718
2707,08/10/2026 01:51:59,16.310
2708,08/10/2026 02:06:59,16.224
2709,08/10/2026 02:21:59,16.106
2710,08/10/2026 02:36:59,15.935
2711,08/10/2026 02:51:59,15.892
2712,08/10/2026 03:06:59,15.913
2713,08/10/2026 03:21:59,15.903
2714,08/10/2026 03:36:59,15.849
2715,08/10/2026 03:51:59,15.699
2716,08/10/2026 04:06:59,15.645
2717,08/10/2026 04:21:59,15.592
2718,08/10/2026 04:36:59,15.581
2719,08/10/2026 04:51:59,15.624
2720,08/10/2026 05:06:59,15.731
2721,08/10/2026 05:21:59,15.742
2722,08/10/2026 05:36:59,16.160
2723,08/10/2026 05:51:59,16.289
2724,08/10/2026 06:06:59,16.396
2725,08/10/2026 06:21:59,16.321
2726,08/10/2026 06:36:59,16.310
2727,08/10/2026 06:51:59,16.235
2728,08/10/2026 07:06:59,16.342
2729,08/10/2026 07:21:59,16.503
2730,08/10/2026 07:36:59,16.685
2731,08/10/2026 07:51:59,17.082
2732,08/10/2026 08:06:59,16.986
2733,08/10/2026 08:21:59,16.278
2734,08/10/2026 08:36:59,16.653
2735,08/10/2026 08:51:59,16.546
2736,08/10/2026 09:06:59,16.471
2737,08/10/2026 09:21:59,16.803
2738,08/10/2026 09:36:59,16.975
2739,08/10/2026 09:51:59,17.222
2740,08/10/2026 10:06:59,17.597
2741,08/10/2026 10:21:59,18.348
2742,08/10/2026 10:36:59,18.723
2743,08/10/2026 10:51:59,18.841
2744,08/10/2026 11:06:59,18.948
2745,08/10/2026 11:21:59,19.581
2746,08/10/2026 11:36:59,18.927
2747,08/10/2026 11:51:59,17.930
2748,08/10/2026 12:06:59,17.747
2749,08/10/2026 12:21:59,17.887
2750,08/10/2026 12:36:59,18.026
2751,08/10/2026 12:51:59,18.316
2752,08/10/2026 13:06:59,18.530
2753,08/10/2026 13:21:59,18.616
2754,08/10/2026 13:36:59,18.616
2755,08/10/2026 13:51:59,18.573
2756,08/10/2026 14:06:59,18.444
2757,08/10/2026 14:21:59,18.273
2758,08/10/2026 14:36:59,17.543
2759,08/10/2026 14:51:59,17.329
2760,08/10/2026 15:06:59,17.340
2761,08/10/2026 15:21:59,17.136
2762,08/10/2026 15:36:59,16.889
2763,08/10/2026 15:51:59,16.986
2764,08/10/2026 16:06:59,17.093
2765,08/10/2026 16:21:59,16.803
2766,08/10/2026 16:36:59,16.589
2767,08/10/2026 16:51:59,16.568
2768,08/10/2026 17:06:59,16.503
2769,08/10/2026 17:21:59,16.471
2770,08/10/2026 17:36:59,16.407
2771,08/10/2026 17:51:59,16.407
2772,08/10/2026 18:06:59,16.374
2773,08/10/2026 18:21:59,16.342
2774,08/10/2026 18:36:59,16.310
2775,08/10/2026 18:51:59,16.203
2776,08/10/2026 19:06:59,16.128
2777,08/10/2026 19:21:59,16.106
2778,08/10/2026 19:36:59,16.031
2779,08/10/2026 19:51:59,15.967
2780,08/10/2026 20:06:59,15.903
2781,08/10/2026 20:21:59,15.903
2782,08/10/2026 20:36:59,15.774
2783,08/10/2026 20:51:59,15.795
2784,08/10/2026 21:06:59,15.817
2785,08/10/2026 21:21:59,15.849
2786,08/10/2026 21:36:59,15.892
2787,08/10/2026 21:51:59,15.774
2788,08/10/2026 22:06:59,15.774
2789,08/10/2026 22:21:59,15.752
2790,08/10/2026 22:36:59,15.785
2791,08/10/2026 22:51:59,15.924
2792,08/10/2026 23:06:59,15.795
2793,08/10/2026 23:21:59,15.731
2794,08/10/2026 23:36:59,15.731
2795,08/10/2026 23:51:59,15.924
2796,08/11/2026 00:06:59,16.707
2797,08/11/2026 00:21:59,17.114
2798,08/11/2026 00:36:59,17.404
2799,08/11/2026 00:51:59,17.565
2800,08/11/2026 01:06:59,17.661
2801,08/11/2026 01:21:59,17.608
2802,08/11/2026 01:36:59,17.543
2803,08/11/2026 01:51:59,17.490
2804,08/11/2026 02:06:59,17.350
2805,08/11/2026 02:21:59,17.082
2806,08/11/2026 02:36:59,16.685
2807,08/11/2026 02:51:59,16.439
2808,08/11/2026 03:06:59,16.203
2809,08/11/2026 03:21:59,15.978
2810,08/11/2026 03:36:59,15.849
2811,08/11/2026 03:51:59,15.806
2812,08/11/2026 04:06:59,15.677
2813,08/11/2026 04:21:59,15.709
2814,08/11/2026 04:36:59,15.677
2815,08/11/2026 04:51:59,15.624
2816,08/11/2026 05:06:59,15.667
2817,08/11/2026 05:21:59,15.613
2818,08/11/2026 05:36:59,15.538
2819,08/11/2026 05:51:59,15.452
2820,08/11/2026 06:06:59,15.506
2821,08/11/2026 06:21:59,15.592
2822,08/11/2026 06:36:59,15.645
2823,08/11/2026 06:51:59,15.806
2824,08/11/2026 07:06:59,16.181
2825,08/11/2026 07:21:59,16.138
2826,08/11/2026 07:36:59,15.978
2827,08/11/2026 07:51:59,15.924
2828,08/11/2026 08:06:59,16.010
2829,08/11/2026 08:21:59,16.117
2830,08/11/2026 08:36:59,16.374
2831,08/11/2026 08:51:59,16.589
2832,08/11/2026 09:06:59,17.522
2833,08/11/2026 09:21:59,18.691
2834,08/11/2026 09:36:59,19.528
2835,08/11/2026 09:51:59,20.600
2836,08/11/2026 10:06:59,21.351
2837,08/11/2026 10:21:59,21.780
2838,08/11/2026 10:36:59,22.434
2839,08/11/2026 10:51:59,23.775
2840,08/11/2026 11:06:59,24.279
2841,08/11/2026 11:21:59,25.169
2842,08/11/2026 11:36:59,25.373
2843,08/11/2026 11:51:59,25.684
2844,08/11/2026 12:06:59,25.673
2845,08/11/2026 12:21:59,27.271
2846,08/11/2026 12:36:59,20.461
2847,08/11/2026 12:51:59,19.420
2848,08/11/2026 13:06:59,19.302
2849,08/11/2026 13:21:59,19.077
2850,08/11/2026 13:36:59,18.959
2851,08/11/2026 13:51:59,19.045
2852,08/11/2026 14:06:59,18.852
2853,08/11/2026 14:21:59,18.466
2854,08/11/2026 14:36:59,18.155
2855,08/11/2026 14:51:59,17.490
2856,08/11/2026 15:06:59,16.964
2857,08/11/2026 15:21:59,16.836
2858,08/11/2026 15:36:59,16.921
2859,08/11/2026 15:51:59,16.814
2860,08/11/2026 16:06:59,16.514
2861,08/11/2026 16:21:59,16.428
2862,08/11/2026 16:36:59,16.256
2863,08/11/2026 16:51:59,16.149
2864,08/11/2026 17:06:59,16.085
2865,08/11/2026 17:21:59,16.138
2866,08/11/2026 17:36:59,16.246
2867,08/11/2026 17:51:59,16.374
2868,08/11/2026 18:06:59,16.439
2869,08/11/2026 18:21:59,16.439
2870,08/11/2026 18:36:59,16.342
2871,08/11/2026 18:51:59,16.256
2872,08/11/2026 19:06:59,16.117
2873,08/11/2026 19:21:59,15.913
2874,08/11/2026 19:36:59,15.860
2875,08/11/2026 19:51:59,15.742
2876,08/11/2026 20:06:59,15.881
2877,08/11/2026 20:21:59,16.042
2878,08/11/2026 20:36:59,16.160
2879,08/11/2026 20:51:59,16.192
2880,08/11/2026 21:06:59,16.214
2881,08/11/2026 21:21:59,16.289
2882,08/11/2026 21:36:59,16.224
2883,08/11/2026 21:51:59,16.256
2884,08/11/2026 22:06:59,16.138
2885,08/11/2026 22:21:59,16.224
2886,08/11/2026 22:36:59,16.203
2887,08/11/2026 22:51:59,16.149
2888,08/11/2026 23:06:59,16.053
2889,08/11/2026 23:21:59,15.752
2890,08/11/2026 23:36:59,15.742
2891,08/11/2026 23:51:59,16.128
2892,08/12/2026 00:06:59,16.471
2893,08/12/2026 00:21:59,16.492
2894,08/12/2026 00:36:59,15.849
2895,08/12/2026 00:51:59,16.053
2896,08/12/2026 01:06:59,16.460
2897,08/12/2026 01:21:59,16.117
2898,08/12/2026 01:36:59,15.945
2899,08/12/2026 01:51:59,15.956
2900,08/12/2026 02:06:59,16.417
2901,08/12/2026 02:21:59,16.685
2902,08/12/2026 02:36:59,16.568
2903,08/12/2026 02:51:59,16.224
2904,08/12/2026 03:06:59,15.999
2905,08/12/2026 03:21:59,15.860
2906,08/12/2026 03:36:59,15.860
2907,08/12/2026 03:51:59,15.892
2908,08/12/2026 04:06:59,15.913
2909,08/12/2026 04:21:59,15.903
2910,08/12/2026 04:36:59,15.935
2911,08/12/2026 04:51:59,15.935
2912,08/12/2026 05:06:59,15.978
2913,08/12/2026 05:21:59,15.935
2914,08/12/2026 05:36:59,15.763
2915,08/12/2026 05:51:59,15.624
2916,08/12/2026 06:06:59,15.613
2917,08/12/2026 06:21:59,15.667
2918,08/12/2026 06:36:59,15.849
2919,08/12/2026 06:51:59,15.827
2920,08/12/2026 07:06:59,16.010
2921,08/12/2026 07:21:59,16.042
2922,08/12/2026 07:36:59,16.128
2923,08/12/2026 07:51:59,16.289
2924,08/12/2026 08:06:59,16.546
2925,08/12/2026 08:21:59,16.621
2926,08/12/2026 08:36:59,16.525
2927,08/12/2026 08:51:59,16.428
2928,08/12/2026 09:06:59,16.557
2929,08/12/2026 09:21:59,16.739
2930,08/12/2026 09:36:59,17.157
2931,08/12/2026 09:51:59,17.683
2932,08/12/2026 10:06:59,19.313
2933,08/12/2026 10:21:59,20.203
2934,08/12/2026 10:36:59,22.123
2935,08/12/2026 10:51:59,23.271
2936,08/12/2026 11:06:59,24.397
2937,08/12/2026 11:21:59,24.579
2938,08/12/2026 11:36:59,25.083
2939,08/12/2026 11:51:59,25.373
2940,08/12/2026 12:06:59,26.531
2941,08/12/2026 12:21:59,27.571
2942,08/12/2026 12:36:59,28.601
2943,08/12/2026 12:51:59,29.180
2944,08/12/2026 13:06:59,27.046
2945,08/12/2026 13:21:59,21.458
2946,08/12/2026 13:36:59,20.429
2947,08/12/2026 13:51:59,19.538
2948,08/12/2026 14:06:59,19.495
2949,08/12/2026 14:21:59,19.699
2950,08/12/2026 14:36:59,18.670
2951,08/12/2026 14:51:59,17.983
2952,08/12/2026 15:06:59,17.769
2953,08/12/2026 15:21:59,17.576
2954,08/12/2026 15:36:59,17.372
2955,08/12/2026 15:51:59,17.157
2956,08/12/2026 16:06:59,16.943
2957,08/12/2026 16:21:59,16.771
2958,08/12/2026 16:36:59,16.675
2959,08/12/2026 16:51:59,16.514
2960,08/12/2026 17:06:59,16.364
2961,08/12/2026 17:21:59,16.342
2962,08/12/2026 17:36:59,16.267
2963,08/12/2026 17:51:59,16.171
2964,08/12/2026 18:06:59,16.171
2965,08/12/2026 18:21:59,16.289
2966,08/12/2026 18:36:59,16.439
2967,08/12/2026 18:51:59,16.417
2968,08/12/2026 19:06:59,16.374
2969,08/12/2026 19:21:59,16.203
2970,08/12/2026 19:36:59,16.085
2971,08/12/2026 19:51:59,15.913
2972,08/12/2026 20:06:59,15.827
2973,08/12/2026 20:21:59,15.860
2974,08/12/2026 20:36:59,15.935
2975,08/12/2026 20:51:59,15.967
2976,08/12/2026 21:06:59,15.999
2977,08/12/2026 21:21:59,16.160
2978,08/12/2026 21:36:59,16.117
2979,08/12/2026 21:51:59,15.667
2980,08/12/2026 22:06:59,15.463
2981,08/12/2026 22:21:59,15.581
2982,08/12/2026 22:36:59,15.677
2983,08/12/2026 22:51:59,15.699
2984,08/12/2026 23:06:59,15.709
2985,08/12/2026 23:21:59,15.709
2986,08/12/2026 23:36:59,15.752
2987,08/12/2026 23:51:59,15.881
2988,08/13/2026 00:06:59,15.924
2989,08/13/2026 00:21:59,15.731
2990,08/13/2026 00:36:59,15.667
2991,08/13/2026 00:51:59,15.624
2992,08/13/2026 01:06:59,15.613
2993,08/13/2026 01:21:59,15.624
2994,08/13/2026 01:36:59,15.656
2995,08/13/2026 01:51:59,15.774
2996,08/13/2026 02:06:59,16.138
2997,08/13/2026 02:21:59,16.610
2998,08/13/2026 02:36:59,16.610
2999,08/13/2026 02:51:59,16.546
3000,08/13/2026 03:06:59,16.278
3001,08/13/2026 03:21:59,15.978
3002,08/13/2026 03:36:59,15.849
3003,08/13/2026 03:51:59,15.774
3004,08/13/2026 04:06:59,15.731
3005,08/13/2026 04:21:59,15.624
3006,08/13/2026 04:36:59,15.709
3007,08/13/2026 04:51:59,15.720
3008,08/13/2026 05:06:59,15.742
3009,08/13/2026 05:21:59,15.763
3010,08/13/2026 05:36:59,15.763
3011,08/13/2026 05:51:59,15.774
3012,08/13/2026 06:06:59,15.709
3013,08/13/2026 06:21:59,15.667
3014,08/13/2026 06:36:59,15.613
3015,08/13/2026 06:51:59,15.624
3016,08/13/2026 07:06:59,15.645
3017,08/13/2026 07:21:59,15.667
3018,08/13/2026 07:36:59,16.053
3019,08/13/2026 07:51:59,16.214
3020,08/13/2026 08:06:59,15.817
3021,08/13/2026 08:21:59,15.892
3022,08/13/2026 08:36:59,16.160
3023,08/13/2026 08:51:59,16.256
3024,08/13/2026 09:06:59,16.235
3025,08/13/2026 09:21:59,16.321
3026,08/13/2026 09:36:59,16.256
3027,08/13/2026 09:51:59,16.407
3028,08/13/2026 10:06:59,16.803
3029,08/13/2026 10:21:59,17.168
3030,08/13/2026 10:36:59,17.383
3031,08/13/2026 10:51:59,18.005
3032,08/13/2026 11:06:59,19.624
3033,08/13/2026 11:21:59,21.608
3034,08/13/2026 11:36:59,22.874
3035,08/13/2026 11:51:59,23.249
3036,08/13/2026 12:06:59,23.710
3037,08/13/2026 12:21:59,24.740
3038,08/13/2026 12:36:59,26.392
3039,08/13/2026 12:51:59,27.089
3040,08/13/2026 13:06:59,28.633
3041,08/13/2026 13:21:59,29.094
3042,08/13/2026 13:36:59,21.490
3043,08/13/2026 13:51:59,20.042
3044,08/13/2026 14:06:59,19.742
3045,08/13/2026 14:21:59,19.517
3046,08/13/2026 14:36:59,19.163
3047,08/13/2026 14:51:59,18.326
3048,08/13/2026 15:06:59,18.090
3049,08/13/2026 15:21:59,18.015
3050,08/13/2026 15:36:59,18.026
3051,08/13/2026 15:51:59,17.972
3052,08/13/2026 16:06:59,17.694
3053,08/13/2026 16:21:59,17.340
3054,08/13/2026 16:36:59,17.522
3055,08/13/2026 16:51:59,17.812
3056,08/13/2026 17:06:59,18.155
3057,08/13/2026 17:21:59,18.412
3058,08/13/2026 17:36:59,18.498
3059,08/13/2026 17:51:59,18.359
3060,08/13/2026 18:06:59,17.747
3061,08/13/2026 18:21:59,17.383
3062,08/13/2026 18:36:59,17.018
3063,08/13/2026 18:51:59,16.771
3064,08/13/2026 19:06:59,16.621
3065,08/13/2026 19:21:59,16.460
3066,08/13/2026 19:36:59,16.332
3067,08/13/2026 19:51:59,16.149
3068,08/13/2026 20:06:59,15.978
3069,08/13/2026 20:21:59,16.246
3070,08/13/2026 20:36:59,16.021
3071,08/13/2026 20:51:59,15.506
3072,08/13/2026 21:06:59,15.570
3073,08/13/2026 21:21:59,15.506
3074,08/13/2026 21:36:59,15.774
3075,08/13/2026 21:51:59,16.085
3076,08/13/2026 22:06:59,15.613
3077,08/13/2026 22:21:59,15.709
3078,08/13/2026 22:36:59,15.881
3079,08/13/2026 22:51:59,15.806
3080,08/13/2026 23:06:59,15.838
3081,08/13/2026 23:21:59,15.913
3082,08/13/2026 23:36:59,15.978
3083,08/13/2026 23:51:59,16.138
3084,08/14/2026 00:06:59,16.203
3085,08/14/2026 00:21:59,16.192
3086,08/14/2026 00:36:59,15.988
3087,08/14/2026 00:51:59,15.817
3088,08/14/2026 01:06:59,15.913
3089,08/14/2026 01:21:59,15.881
3090,08/14/2026 01:36:59,15.827
3091,08/14/2026 01:51:59,15.892
3092,08/14/2026 02:06:59,15.935
3093,08/14/2026 02:21:59,15.967
3094,08/14/2026 02:36:59,16.428
3095,08/14/2026 02:51:59,17.211
3096,08/14/2026 03:06:59,17.104
3097,08/14/2026 03:21:59,16.975
3098,08/14/2026 03:36:59,17.029
3099,08/14/2026 03:51:59,16.921
3100,08/14/2026 04:06:59,17.050
3101,08/14/2026 04:21:59,17.147
3102,08/14/2026 04:36:59,16.761
3103,08/14/2026 04:51:59,16.578
3104,08/14/2026 05:06:59,16.482
3105,08/14/2026 05:21:59,16.450
3106,08/14/2026 05:36:59,16.310
3107,08/14/2026 05:51:59,16.192
3108,08/14/2026 06:06:59,16.171
3109,08/14/2026 06:21:59,16.299
3110,08/14/2026 06:36:59,16.085
3111,08/14/2026 06:51:59,16.042
3112,08/14/2026 07:06:59,15.978
3113,08/14/2026 07:21:59,15.806
3114,08/14/2026 07:36:59,15.742
3115,08/14/2026 07:51:59,15.795
3116,08/14/2026 08:06:59,15.656
3117,08/14/2026 08:21:59,15.592
3118,08/14/2026 08:36:59,15.527
3119,08/14/2026 08:51:59,15.538
3120,08/14/2026 09:06:59,15.592
3121,08/14/2026 09:21:59,15.742
3122,08/14/2026 09:36:59,16.010
3123,08/14/2026 09:51:59,16.096
3124,08/14/2026 10:06:59,16.128
3125,08/14/2026 10:21:59,16.192
3126,08/14/2026 10:36:59,16.321
3127,08/14/2026 10:51:59,16.439
3128,08/14/2026 11:06:59,16.546
3129,08/14/2026 11:21:59,16.782
3130,08/14/2026 11:36:59,17.211
3131,08/14/2026 11:51:59,17.715
3132,08/14/2026 12:06:59,18.648
3133,08/14/2026 12:21:59,20.943
3134,08/14/2026 12:36:59,23.517
3135,08/14/2026 12:51:59,24.987
3136,08/14/2026 13:06:59,26.295
3137,08/14/2026 13:21:59,25.319
3138,08/14/2026 13:36:59,25.963
3139,08/14/2026 13:51:59,19.924
3140,08/14/2026 14:06:59,19.367
3141,08/14/2026 14:21:59,19.324
3142,08/14/2026 14:36:59,19.131
3143,08/14/2026 14:51:59,19.099
3144,08/14/2026 15:06:59,19.109
3145,08/14/2026 15:21:59,18.509
3146,08/14/2026 15:36:59,17.940
3147,08/14/2026 15:51:59,17.897
3148,08/14/2026 16:06:59,17.833
3149,08/14/2026 16:21:59,17.597
3150,08/14/2026 16:36:59,17.029
3151,08/14/2026 16:51:59,16.761
3152,08/14/2026 17:06:59,16.353
3153,08/14/2026 17:21:59,16.138
3154,08/14/2026 17:36:59,16.042
3155,08/14/2026 17:51:59,16.063
3156,08/14/2026 18:06:59,16.096
3157,08/14/2026 18:21:59,16.117
3158,08/14/2026 18:36:59,16.299
3159,08/14/2026 18:51:59,16.514
3160,08/14/2026 19:06:59,16.750
3161,08/14/2026 19:21:59,16.739
3162,08/14/2026 19:36:59,16.761
3163,08/14/2026 19:51:59,16.482
3164,08/14/2026 20:06:59,16.160
3165,08/14/2026 20:21:59,15.838
3166,08/14/2026 20:36:59,15.860
3167,08/14/2026 20:51:59,15.913
3168,08/14/2026 21:06:59,15.688
3169,08/14/2026 21:21:59,15.592
3170,08/14/2026 21:36:59,15.624
3171,08/14/2026 21:51:59,15.806
3172,08/14/2026 22:06:59,15.935
3173,08/14/2026 22:21:59,16.171
3174,08/14/2026 22:36:59,16.267
3175,08/14/2026 22:51:59,16.460
3176,08/14/2026 23:06:59,16.589
3177,08/14/2026 23:21:59,16.278
3178,08/14/2026 23:36:59,16.482
3179,08/14/2026 23:51:59,16.578
3180,08/15/2026 00:06:59,16.632
3181,08/15/2026 00:21:59,16.482
3182,08/15/2026 00:36:59,16.460
3183,08/15/2026 00:51:59,16.450
3184,08/15/2026 01:06:59,16.492
3185,08/15/2026 01:21:59,16.396
3186,08/15/2026 01:36:59,16.289
3187,08/15/2026 01:51:59,16.235
3188,08/15/2026 02:06:59,15.999
3189,08/15/2026 02:21:59,15.870
3190,08/15/2026 02:36:59,15.795
3191,08/15/2026 02:51:59,15.709
3192,08/15/2026 03:06:59,15.656
3193,08/15/2026 03:21:59,15.452
3194,08/15/2026 03:36:59,15.570
3195,08/15/2026 03:51:59,15.709
3196,08/15/2026 04:06:59,15.988
3197,08/15/2026 04:21:59,16.192
3198,08/15/2026 04:36:59,16.450
3199,08/15/2026 04:51:59,16.632
3200,08/15/2026 05:06:59,16.578
3201,08/15/2026 05:21:59,16.739
3202,08/15/2026 05:36:59,16.857
3203,08/15/2026 05:51:59,16.803
3204,08/15/2026 06:06:59,17.039
3205,08/15/2026 06:21:59,17.039
3206,08/15/2026 06:36:59,17.039
3207,08/15/2026 06:51:59,17.061
3208,08/15/2026 07:06:59,17.061
3209,08/15/2026 07:21:59,17.061
3210,08/15/2026 07:36:59,16.450
3211,08/15/2026 07:51:59,16.149
3212,08/15/2026 08:06:59,16.117
3213,08/15/2026 08:21:59,16.117
3214,08/15/2026 08:36:59,16.117
3215,08/15/2026 08:51:59,16.171
3216,08/15/2026 09:06:59,16.256
3217,08/15/2026 09:21:59,16.321
3218,08/15/2026 09:36:59,16.117
3219,08/15/2026 09:51:59,15.913
3220,08/15/2026 10:06:59,16.053
3221,08/15/2026 10:21:59,16.256
3222,08/15/2026 10:36:59,16.342
3223,08/15/2026 10:51:59,16.460
3224,08/15/2026 11:06:59,16.535
3225,08/15/2026 11:21:59,16.600
3226,08/15/2026 11:36:59,16.685
3227,08/15/2026 11:51:59,16.857
3228,08/15/2026 12:06:59,17.147
3229,08/15/2026 12:21:59,17.297
3230,08/15/2026 12:36:59,17.576
3231,08/15/2026 12:51:59,18.176
3232,08/15/2026 13:06:59,18.745
3233,08/15/2026 13:21:59,18.788
3234,08/15/2026 13:36:59,18.820
3235,08/15/2026 13:51:59,18.906
3236,08/15/2026 14:06:59,18.927
3237,08/15/2026 14:21:59,18.841
3238,08/15/2026 14:36:59,18.541
3239,08/15/2026 14:51:59,18.648
3240,08/15/2026 15:06:59,18.830
3241,08/15/2026 15:21:59,18.680
3242,08/15/2026 15:36:59,18.477
3243,08/15/2026 15:51:59,18.058
3244,08/15/2026 16:06:59,17.694
3245,08/15/2026 16:21:59,17.747
3246,08/15/2026 16:36:59,17.672
3247,08/15/2026 16:51:59,17.576
3248,08/15/2026 17:06:59,17.576
3249,08/15/2026 17:21:59,17.329
3250,08/15/2026 17:36:59,17.114
3251,08/15/2026 17:51:59,16.943
3252,08/15/2026 18:06:59,16.771
3253,08/15/2026 18:21:59,16.685
3254,08/15/2026 18:36:59,16.664
3255,08/15/2026 18:51:59,16.610
3256,08/15/2026 19:06:59,16.653
3257,08/15/2026 19:21:59,16.718
3258,08/15/2026 19:36:59,16.814
3259,08/15/2026 19:51:59,16.943
3260,08/15/2026 20:06:59,16.782
3261,08/15/2026 20:21:59,16.739
3262,08/15/2026 20:36:59,16.514
3263,08/15/2026 20:51:59,16.428
3264,08/15/2026 21:06:59,16.310
3265,08/15/2026 21:21:59,16.289
3266,08/15/2026 21:36:59,16.085
3267,08/15/2026 21:51:59,15.913
3268,08/15/2026 22:06:59,16.181
3269,08/15/2026 22:21:59,16.289
3270,08/15/2026 22:36:59,15.903
3271,08/15/2026 22:51:59,15.677
3272,08/15/2026 23:06:59,15.763
3273,08/15/2026 23:21:59,16.192
3274,08/15/2026 23:36:59,16.428
3275,08/15/2026 23:51:59,16.203
3276,08/16/2026 00:06:59,16.267
3277,08/16/2026 00:21:59,16.138
3278,08/16/2026 00:36:59,16.192
3279,08/16/2026 00:51:59,16.246
3280,08/16/2026 01:06:59,16.342
3281,08/16/2026 01:21:59,16.535
3282,08/16/2026 01:36:59,16.750
3283,08/16/2026 01:51:59,16.814
3284,08/16/2026 02:06:59,16.761
3285,08/16/2026 02:21:59,16.728
3286,08/16/2026 02:36:59,16.793
3287,08/16/2026 02:51:59,16.857
3288,08/16/2026 03:06:59,16.621
3289,08/16/2026 03:21:59,16.042
3290,08/16/2026 03:36:59,15.881
3291,08/16/2026 03:51:59,15.967
3292,08/16/2026 04:06:59,15.881
3293,08/16/2026 04:21:59,15.817
3294,08/16/2026 04:36:59,15.881
3295,08/16/2026 04:51:59,16.171
3296,08/16/2026 05:06:59,16.546
3297,08/16/2026 05:21:59,16.707
3298,08/16/2026 05:36:59,16.846
3299,08/16/2026 05:51:59,16.814
3300,08/16/2026 06:06:59,16.793
3301,08/16/2026 06:21:59,16.879
3302,08/16/2026 06:36:59,16.932
3303,08/16/2026 06:51:59,16.932
3304,08/16/2026 07:06:59,16.921
3305,08/16/2026 07:21:59,16.846
3306,08/16/2026 07:36:59,16.836
3307,08/16/2026 07:51:59,16.857
3308,08/16/2026 08:06:59,16.943
3309,08/16/2026 08:21:59,16.696
3310,08/16/2026 08:36:59,16.353
3311,08/16/2026 08:51:59,16.021
3312,08/16/2026 09:06:59,15.903
3313,08/16/2026 09:21:59,15.870
3314,08/16/2026 09:36:59,15.999
3315,08/16/2026 09:51:59,15.881
3316,08/16/2026 10:06:59,15.785
3317,08/16/2026 10:21:59,15.709
3318,08/16/2026 10:36:59,15.613
3319,08/16/2026 10:51:59,15.699
3320,08/16/2026 11:06:59,15.795
3321,08/16/2026 11:21:59,15.849
3322,08/16/2026 11:36:59,15.967
3323,08/16/2026 11:51:59,16.138
3324,08/16/2026 12:06:59,16.256
3325,08/16/2026 12:21:59,16.396
3326,08/16/2026 12:36:59,16.664
3327,08/16/2026 12:51:59,16.932
3328,08/16/2026 13:06:59,17.329
3329,08/16/2026 13:21:59,17.726
3330,08/16/2026 13:36:59,18.187
3331,08/16/2026 13:51:59,18.241
3332,08/16/2026 14:06:59,18.348
3333,08/16/2026 14:21:59,18.198
3334,08/16/2026 14:36:59,18.326
3335,08/16/2026 14:51:59,18.401
3336,08/16/2026 15:06:59,18.294
3337,08/16/2026 15:21:59,17.951
3338,08/16/2026 15:36:59,17.737
3339,08/16/2026 15:51:59,17.393
3340,08/16/2026 16:06:59,17.779
3341,08/16/2026 16:21:59,18.026
3342,08/16/2026 16:36:59,18.230
3343,08/16/2026 16:51:59,17.940
3344,08/16/2026 17:06:59,17.726
3345,08/16/2026 17:21:59,17.468
3346,08/16/2026 17:36:59,17.383
3347,08/16/2026 17:51:59,17.232
3348,08/16/2026 18:06:59,16.997
3349,08/16/2026 18:21:59,16.879
3350,08/16/2026 18:36:59,16.600
3351,08/16/2026 18:51:59,16.428
3352,08/16/2026 19:06:59,16.428
3353,08/16/2026 19:21:59,16.407
3354,08/16/2026 19:36:59,16.428
3355,08/16/2026 19:51:59,16.514
3356,08/16/2026 20:06:59,16.653
3357,08/16/2026 20:21:59,16.836
3358,08/16/2026 20:36:59,16.868
3359,08/16/2026 20:51:59,17.029
3360,08/16/2026 21:06:59,16.718
3361,08/16/2026 21:21:59,16.997
3362,08/16/2026 21:36:59,16.578
3363,08/16/2026 21:51:59,16.310
3364,08/16/2026 22:06:59,16.246
3365,08/16/2026 22:21:59,15.677
3366,08/16/2026 22:36:59,16.053
3367,08/16/2026 22:51:59,15.838
3368,08/16/2026 23:06:59,15.452
3369,08/16/2026 23:21:59,15.431
3370,08/16/2026 23:36:59,15.688
3371,08/16/2026 23:51:59,15.881
3372,08/17/2026 00:06:59,15.999
3373,08/17/2026 00:21:59,16.031
3374,08/17/2026 00:36:59,16.010
3375,08/17/2026 00:51:59,16.138
3376,08/17/2026 01:06:59,16.428
3377,08/17/2026 01:21:59,16.696
3378,08/17/2026 01:36:59,16.868
3379,08/17/2026 01:51:59,16.889
3380,08/17/2026 02:06:59,16.889
3381,08/17/2026 02:21:59,16.889
3382,08/17/2026 02:36:59,16.889
3383,08/17/2026 02:51:59,16.836
3384,08/17/2026 03:06:59,16.761
3385,08/17/2026 03:21:59,16.696
3386,08/17/2026 03:36:59,16.664
3387,08/17/2026 03:51:59,16.557
3388,08/17/2026 04:06:59,15.924
3389,08/17/2026 04:21:59,15.742
3390,08/17/2026 04:36:59,15.634
3391,08/17/2026 04:51:59,15.495
3392,08/17/2026 05:06:59,15.302
3393,08/17/2026 05:21:59,15.345
3394,08/17/2026 05:36:59,15.441
3395,08/17/2026 05:51:59,15.484
3396,08/17/2026 06:06:59,15.549
3397,08/17/2026 06:21:59,15.827
3398,08/17/2026 06:36:59,15.860
3399,08/17/2026 06:51:59,15.967
3400,08/17/2026 07:06:59,16.031
3401,08/17/2026 07:21:59,15.978
3402,08/17/2026 07:36:59,15.881
3403,08/17/2026 07:51:59,15.849
3404,08/17/2026 08:06:59,15.870
3405,08/17/2026 08:21:59,15.849
3406,08/17/2026 08:36:59,15.849
3407,08/17/2026 08:51:59,15.870
3408,08/17/2026 09:06:59,15.763
3409,08/17/2026 09:21:59,15.720
3410,08/17/2026 09:36:59,15.742
3411,08/17/2026 09:51:59,15.752
3412,08/17/2026 10:06:59,15.731
3413,08/17/2026 10:21:59,15.709
3414,08/17/2026 10:36:59,15.699
3415,08/17/2026 10:51:59,15.677
3416,08/17/2026 11:06:59,15.742
3417,08/17/2026 11:21:59,15.838
3418,08/17/2026 11:36:59,15.860
3419,08/17/2026 11:51:59,15.870
3420,08/17/2026 12:06:59,15.881
3421,08/17/2026 12:21:59,16.021
3422,08/17/2026 12:36:59,16.160
3423,08/17/2026 12:51:59,16.203
3424,08/17/2026 13:06:59,16.396
3425,08/17/2026 13:21:59,16.632
3426,08/17/2026 13:36:59,16.771
3427,08/17/2026 13:51:59,16.954
3428,08/17/2026 14:06:59,17.265
3429,08/17/2026 14:21:59,17.265
3430,08/17/2026 14:36:59,17.072
3431,08/17/2026 14:51:59,16.900
3432,08/17/2026 15:06:59,16.728
3433,08/17/2026 15:21:59,16.803
3434,08/17/2026 15:36:59,16.889
3435,08/17/2026 15:51:59,16.932
3436,08/17/2026 16:06:59,16.911
3437,08/17/2026 16:21:59,16.857
3438,08/17/2026 16:36:59,16.653
3439,08/17/2026 16:51:59,17.769
3440,08/17/2026 17:06:59,17.726
3441,08/17/2026 17:21:59,18.026
3442,08/17/2026 17:36:59,18.026
3443,08/17/2026 17:51:59,17.930
3444,08/17/2026 18:06:59,17.661
3445,08/17/2026 18:21:59,17.715
3446,08/17/2026 18:36:59,17.608
3447,08/17/2026 18:51:59,17.597
3448,08/17/2026 19:06:59,17.608
3449,08/17/2026 19:21:59,17.619
3450,08/17/2026 19:36:59,17.308
3451,08/17/2026 19:51:59,16.868
3452,08/17/2026 20:06:59,16.739
3453,08/17/2026 20:21:59,16.621
3454,08/17/2026 20:36:59,16.621
3455,08/17/2026 20:51:59,16.589
3456,08/17/2026 21:06:59,16.289
3457,08/17/2026 21:21:59,16.117
3458,08/17/2026 21:36:59,16.096
3459,08/17/2026 21:51:59,15.935
3460,08/17/2026 22:06:59,15.785
3461,08/17/2026 22:21:59,15.709
3462,08/17/2026 22:36:59,15.656
3463,08/17/2026 22:51:59,15.409
3464,08/17/2026 23:06:59,15.334
3465,08/17/2026 23:21:59,15.280
3466,08/17/2026 23:36:59,15.248
3467,08/17/2026 23:51:59,15.216
3468,08/18/2026 00:06:59,15.334
3469,08/18/2026 00:21:59,15.452
3470,08/18/2026 00:36:59,15.860
3471,08/18/2026 00:51:59,16.364
3472,08/18/2026 01:06:59,16.289
3473,08/18/2026 01:21:59,16.106
3474,08/18/2026 01:36:59,15.967
3475,08/18/2026 01:51:59,16.171
3476,08/18/2026 02:06:59,16.289
3477,08/18/2026 02:21:59,16.396
3478,08/18/2026 02:36:59,16.482
3479,08/18/2026 02:51:59,16.600
3480,08/18/2026 03:06:59,16.600
3481,08/18/2026 03:21:59,16.557
3482,08/18/2026 03:36:59,16.546
3483,08/18/2026 03:51:59,16.546
3484,08/18/2026 04:06:59,16.589
3485,08/18/2026 04:21:59,16.557
3486,08/18/2026 04:36:59,16.353
3487,08/18/2026 04:51:59,16.160
3488,08/18/2026 05:06:59,15.999
3489,08/18/2026 05:21:59,15.870
3490,08/18/2026 05:36:59,15.795
3491,08/18/2026 05:51:59,15.795
3492,08/18/2026 06:06:59,15.592
3493,08/18/2026 06:21:59,15.495
3494,08/18/2026 06:36:59,15.581
3495,08/18/2026 06:51:59,15.849
3496,08/18/2026 07:06:59,16.063
3497,08/18/2026 07:21:59,16.568
3498,08/18/2026 07:36:59,16.664
3499,08/18/2026 07:51:59,16.932
3500,08/18/2026 08:06:59,17.114
3501,08/18/2026 08:21:59,17.029
3502,08/18/2026 08:36:59,17.082
3503,08/18/2026 08:51:59,16.482
3504,08/18/2026 09:06:59,16.256
3505,08/18/2026 09:21:59,16.289
3506,08/18/2026 09:36:59,16.235
3507,08/18/2026 09:51:59,16.267
3508,08/18/2026 10:06:59,16.138
3509,08/18/2026 10:21:59,16.128
3510,08/18/2026 10:36:59,16.128
3511,08/18/2026 10:51:59,16.053
3512,08/18/2026 11:06:59,15.988
3513,08/18/2026 11:21:59,15.903
3514,08/18/2026 11:36:59,15.849
3515,08/18/2026 11:51:59,15.838
3516,08/18/2026 12:06:59,15.913
3517,08/18/2026 12:21:59,16.031
3518,08/18/2026 12:36:59,15.988
3519,08/18/2026 12:51:59,15.913
3520,08/18/2026 13:06:59,16.031
3521,08/18/2026 13:21:59,16.021
3522,08/18/2026 13:36:59,16.149
3523,08/18/2026 13:51:59,16.171
3524,08/18/2026 14:06:59,16.246
3525,08/18/2026 14:21:59,16.439
3526,08/18/2026 14:36:59,16.793
3527,08/18/2026 14:51:59,17.640
3528,08/18/2026 15:06:59,17.962
3529,08/18/2026 15:21:59,18.198
3530,08/18/2026 15:36:59,18.530
3531,08/18/2026 15:51:59,17.125
3532,08/18/2026 16:06:59,17.683
3533,08/18/2026 16:21:59,18.873
3534,08/18/2026 16:36:59,19.024
3535,08/18/2026 16:51:59,18.605
3536,08/18/2026 17:06:59,18.584
3537,08/18/2026 17:21:59,18.755
3538,08/18/2026 17:36:59,18.369
3539,08/18/2026 17:51:59,17.232
3540,08/18/2026 18:06:59,17.940
3541,08/18/2026 18:21:59,18.573
3542,08/18/2026 18:36:59,19.281
3543,08/18/2026 18:51:59,19.249
3544,08/18/2026 19:06:59,19.024
3545,08/18/2026 19:21:59,18.670
3546,08/18/2026 19:36:59,17.833
3547,08/18/2026 19:51:59,17.393
3548,08/18/2026 20:06:59,17.297
3549,08/18/2026 20:21:59,17.286
3550,08/18/2026 20:36:59,17.308
3551,08/18/2026 20:51:59,17.318
3552,08/18/2026 21:06:59,17.350
3553,08/18/2026 21:21:59,17.383
3554,08/18/2026 21:36:59,17.168
3555,08/18/2026 21:51:59,17.404
3556,08/18/2026 22:06:59,17.125
3557,08/18/2026 22:21:59,16.063
3558,08/18/2026 22:36:59,15.849
3559,08/18/2026 22:51:59,15.827
3560,08/18/2026 23:06:59,15.881
3561,08/18/2026 23:21:59,15.806
3562,08/18/2026 23:36:59,15.870
3563,08/18/2026 23:51:59,15.881
3564,08/19/2026 00:06:59,15.763
3565,08/19/2026 00:21:59,15.677
3566,08/19/2026 00:36:59,15.709
3567,08/19/2026 00:51:59,15.913
3568,08/19/2026 01:06:59,16.342
3569,08/19/2026 01:21:59,16.321
3570,08/19/2026 01:36:59,16.332
3571,08/19/2026 01:51:59,16.310
3572,08/19/2026 02:06:59,16.246
3573,08/19/2026 02:21:59,16.621
3574,08/19/2026 02:36:59,16.793
3575,08/19/2026 02:51:59,16.836
3576,08/19/2026 03:06:59,16.771
3577,08/19/2026 03:21:59,16.814
3578,08/19/2026 03:36:59,16.857
3579,08/19/2026 03:51:59,16.857
3580,08/19/2026 04:06:59,16.889
3581,08/19/2026 04:21:59,17.039
3582,08/19/2026 04:36:59,17.061
3583,08/19/2026 04:51:59,17.082
3584,08/19/2026 05:06:59,17.114
3585,08/19/2026 05:21:59,17.275
3586,08/19/2026 05:36:59,17.447
3587,08/19/2026 05:51:59,17.383
3588,08/19/2026 06:06:59,17.350
3589,08/19/2026 06:21:59,17.232
3590,08/19/2026 06:36:59,17.157
3591,08/19/2026 06:51:59,18.069
3592,08/19/2026 07:06:59,18.155
3593,08/19/2026 07:21:59,17.951
3594,08/19/2026 07:36:59,18.176
3595,08/19/2026 07:51:59,18.541
3596,08/19/2026 08:06:59,18.702
3597,08/19/2026 08:21:59,18.745
3598,08/19/2026 08:36:59,18.755
3599,08/19/2026 08:51:59,18.713
3600,08/19/2026 09:06:59,18.198
3601,08/19/2026 09:21:59,18.123
3602,08/19/2026 09:36:59,18.048
3603,08/19/2026 09:51:59,18.015
3604,08/19/2026 10:06:59,17.994
3605,08/19/2026 10:21:59,17.919
3606,08/19/2026 10:36:59,17.576
3607,08/19/2026 10:51:59,17.018
3608,08/19/2026 11:06:59,16.621
3609,08/19/2026 11:21:59,16.482
3610,08/19/2026 11:36:59,16.396
3611,08/19/2026 11:51:59,16.321
3612,08/19/2026 12:06:59,16.278
3613,08/19/2026 12:21:59,16.224
3614,08/19/2026 12:36:59,16.256
3615,08/19/2026 12:51:59,16.407
3616,08/19/2026 13:06:59,16.685
3617,08/19/2026 13:21:59,16.975
3618,08/19/2026 13:36:59,16.997
3619,08/19/2026 13:51:59,16.632
3620,08/19/2026 14:06:59,17.114
3621,08/19/2026 14:21:59,17.200
3622,08/19/2026 14:36:59,17.404
3623,08/19/2026 14:51:59,17.661
3624,08/19/2026 15:06:59,17.114
3625,08/19/2026 15:21:59,17.275
3626,08/19/2026 15:36:59,17.308
3627,08/19/2026 15:51:59,16.653
3628,08/19/2026 16:06:59,16.610
3629,08/19/2026 16:21:59,16.825
3630,08/19/2026 16:36:59,17.072
3631,08/19/2026 16:51:59,17.404
3632,08/19/2026 17:06:59,17.565
3633,08/19/2026 17:21:59,17.372
3634,08/19/2026 17:36:59,17.576
3635,08/19/2026 17:51:59,17.779
3636,08/19/2026 18:06:59,17.833
3637,08/19/2026 18:21:59,17.265
3638,08/19/2026 18:36:59,16.750
3639,08/19/2026 18:51:59,16.514
3640,08/19/2026 19:06:59,16.546
3641,08/19/2026 19:21:59,16.374
3642,08/19/2026 19:36:59,16.396
3643,08/19/2026 19:51:59,16.503
3644,08/19/2026 20:06:59,16.771
3645,08/19/2026 20:21:59,17.522
3646,08/19/2026 20:36:59,18.208
3647,08/19/2026 20:51:59,18.552
3648,08/19/2026 21:06:59,18.530
3649,08/19/2026 21:21:59,16.428
3650,08/19/2026 21:36:59,16.417
3651,08/19/2026 21:51:59,16.525
3652,08/19/2026 22:06:59,16.825
3653,08/19/2026 22:21:59,17.007
3654,08/19/2026 22:36:59,17.200
3655,08/19/2026 22:51:59,16.246
3656,08/19/2026 23:06:59,16.235
3657,08/19/2026 23:21:59,16.214
3658,08/19/2026 23:36:59,16.224
3659,08/19/2026 23:51:59,16.138
3660,08/20/2026 00:06:59,16.085
3661,08/20/2026 00:21:59,16.053
3662,08/20/2026 00:36:59,15.999
3663,08/20/2026 00:51:59,16.074
3664,08/20/2026 01:06:59,16.214
3665,08/20/2026 01:21:59,16.374
3666,08/20/2026 01:36:59,16.664
3667,08/20/2026 01:51:59,16.739
3668,08/20/2026 02:06:59,16.610
3669,08/20/2026 02:21:59,16.085
3670,08/20/2026 02:36:59,16.128
3671,08/20/2026 02:51:59,16.171
3672,08/20/2026 03:06:59,16.535
3673,08/20/2026 03:21:59,16.750
3674,08/20/2026 03:36:59,16.814
3675,08/20/2026 03:51:59,17.007
3676,08/20/2026 04:06:59,17.114
3677,08/20/2026 04:21:59,17.147
3678,08/20/2026 04:36:59,17.179
3679,08/20/2026 04:51:59,17.147
3680,08/20/2026 05:06:59,17.168
3681,08/20/2026 05:21:59,17.243
3682,08/20/2026 05:36:59,17.179
3683,08/20/2026 05:51:59,17.243
3684,08/20/2026 06:06:59,17.265
3685,08/20/2026 06:21:59,17.232
3686,08/20/2026 06:36:59,17.136
3687,08/20/2026 06:51:59,17.136
3688,08/20/2026 07:06:59,17.136
3689,08/20/2026 07:21:59,17.168
3690,08/20/2026 07:36:59,16.900
3691,08/20/2026 07:51:59,16.911
3692,08/20/2026 08:06:59,16.964
3693,08/20/2026 08:21:59,17.018
3694,08/20/2026 08:36:59,17.179
3695,08/20/2026 08:51:59,17.726
3696,08/20/2026 09:06:59,18.123
3697,08/20/2026 09:21:59,18.230
3698,08/20/2026 09:36:59,18.005
3699,08/20/2026 09:51:59,17.865
3700,08/20/2026 10:06:59,17.737
3701,08/20/2026 10:21:59,17.661
3702,08/20/2026 10:36:59,17.554
3703,08/20/2026 10:51:59,16.879
3704,08/20/2026 11:06:59,16.718
3705,08/20/2026 11:21:59,16.589
3706,08/20/2026 11:36:59,16.160
3707,08/20/2026 11:51:59,16.171
3708,08/20/2026 12:06:59,16.299
3709,08/20/2026 12:21:59,16.332
3710,08/20/2026 12:36:59,16.460
3711,08/20/2026 12:51:59,16.578
3712,08/20/2026 13:06:59,16.053
3713,08/20/2026 13:21:59,15.945
3714,08/20/2026 13:36:59,15.978
3715,08/20/2026 13:51:59,16.074
3716,08/20/2026 14:06:59,16.117
3717,08/20/2026 14:21:59,16.246
3718,08/20/2026 14:36:59,16.289
3719,08/20/2026 14:51:59,16.203
3720,08/20/2026 15:06:59,16.214
3721,08/20/2026 15:21:59,16.353
3722,08/20/2026 15:36:59,16.278
3723,08/20/2026 15:51:59,16.117
3724,08/20/2026 16:06:59,16.117
3725,08/20/2026 16:21:59,16.117
3726,08/20/2026 16:36:59,16.063
3727,08/20/2026 16:51:59,15.903
3728,08/20/2026 17:06:59,15.849
3729,08/20/2026 17:21:59,15.849
3730,08/20/2026 17:36:59,15.978
3731,08/20/2026 17:51:59,15.763
3732,08/20/2026 18:06:59,15.763
3733,08/20/2026 18:21:59,15.763
3734,08/20/2026 18:36:59,15.806
3735,08/20/2026 18:51:59,15.827
3736,08/20/2026 19:06:59,15.870
3737,08/20/2026 19:21:59,15.999
3738,08/20/2026 19:36:59,16.117
3739,08/20/2026 19:51:59,16.181
3740,08/20/2026 20:06:59,16.117
3741,08/20/2026 20:21:59,16.267
3742,08/20/2026 20:36:59,16.546
3743,08/20/2026 20:51:59,16.825
3744,08/20/2026 21:06:59,17.093
3745,08/20/2026 21:21:59,16.535
3746,08/20/2026 21:36:59,16.868
3747,08/20/2026 21:51:59,16.042
3748,08/20/2026 22:06:59,15.999
3749,08/20/2026 22:21:59,16.117
3750,08/20/2026 22:36:59,16.171
3751,08/20/2026 22:51:59,16.149
3752,08/20/2026 23:06:59,16.096
3753,08/20/2026 23:21:59,16.010
3754,08/20/2026 23:36:59,16.181
3755,08/20/2026 23:51:59,16.203
3756,08/21/2026 00:06:59,16.138
3757,08/21/2026 00:21:59,16.106
3758,08/21/2026 00:36:59,16.085
3759,08/21/2026 00:51:59,15.892
3760,08/21/2026 01:06:59,15.827
3761,08/21/2026 01:21:59,15.795
3762,08/21/2026 01:36:59,15.506
3763,08/21/2026 01:51:59,15.270
3764,08/21/2026 02:06:59,15.270
3765,08/21/2026 02:21:59,15.409
3766,08/21/2026 02:36:59,15.720
3767,08/21/2026 02:51:59,15.903
3768,08/21/2026 03:06:59,16.138
3769,08/21/2026 03:21:59,16.374
3770,08/21/2026 03:36:59,16.460
3771,08/21/2026 03:51:59,16.782
3772,08/21/2026 04:06:59,16.900
3773,08/21/2026 04:21:59,17.093
3774,08/21/2026 04:36:59,17.350
3775,08/21/2026 04:51:59,17.393
3776,08/21/2026 05:06:59,17.383
3777,08/21/2026 05:21:59,17.426
3778,08/21/2026 05:36:59,17.747
3779,08/21/2026 05:51:59,17.758
3780,08/21/2026 06:06:59,17.747
3781,08/21/2026 06:21:59,17.790
3782,08/21/2026 06:36:59,17.715
3783,08/21/2026 06:51:59,17.726
3784,08/21/2026 07:06:59,17.726
3785,08/21/2026 07:21:59,17.758
3786,08/21/2026 07:36:59,17.114
3787,08/21/2026 07:51:59,16.578
3788,08/21/2026 08:06:59,16.450
3789,08/21/2026 08:21:59,16.407
3790,08/21/2026 08:36:59,16.203
3791,08/21/2026 08:51:59,16.171
3792,08/21/2026 09:06:59,16.460
3793,08/21/2026 09:21:59,16.482
3794,08/21/2026 09:36:59,16.503
3795,08/21/2026 09:51:59,16.632
3796,08/21/2026 10:06:59,16.728
3797,08/21/2026 10:21:59,16.718
3798,08/21/2026 10:36:59,16.653
3799,08/21/2026 10:51:59,16.600
3800,08/21/2026 11:06:59,16.578
3801,08/21/2026 11:21:59,16.568
3802,08/21/2026 11:36:59,16.471
3803,08/21/2026 11:51:59,16.417
3804,08/21/2026 12:06:59,16.417
3805,08/21/2026 12:21:59,16.267
3806,08/21/2026 12:36:59,16.224
3807,08/21/2026 12:51:59,16.332
3808,08/21/2026 13:06:59,16.203
3809,08/21/2026 13:21:59,15.742
3810,08/21/2026 13:36:59,15.709
3811,08/21/2026 13:51:59,15.806
3812,08/21/2026 14:06:59,15.731
3813,08/21/2026 14:21:59,15.656
3814,08/21/2026 14:36:59,15.645
3815,08/21/2026 14:51:59,15.527
3816,08/21/2026 15:06:59,15.409
3817,08/21/2026 15:21:59,15.409
3818,08/21/2026 15:36:59,15.506
3819,08/21/2026 15:51:59,15.763
3820,08/21/2026 16:06:59,15.806
3821,08/21/2026 16:21:59,15.913
3822,08/21/2026 16:36:59,15.624
3823,08/21/2026 16:51:59,15.538
3824,08/21/2026 17:06:59,15.452
3825,08/21/2026 17:21:59,15.538
3826,08/21/2026 17:36:59,15.388
3827,08/21/2026 17:51:59,15.420
3828,08/21/2026 18:06:59,15.366
3829,08/21/2026 18:21:59,15.452
3830,08/21/2026 18:36:59,15.559
3831,08/21/2026 18:51:59,15.474
3832,08/21/2026 19:06:59,15.527
3833,08/21/2026 19:21:59,15.602
3834,08/21/2026 19:36:59,15.484
3835,08/21/2026 19:51:59,15.334
3836,08/21/2026 20:06:59,15.484
3837,08/21/2026 20:21:59,15.624
3838,08/21/2026 20:36:59,15.795
3839,08/21/2026 20:51:59,15.881
3840,08/21/2026 21:06:59,15.795
3841,08/21/2026 21:21:59,15.913
3842,08/21/2026 21:36:59,16.096
3843,08/21/2026 21:51:59,17.232
3844,08/21/2026 22:06:59,18.241
3845,08/21/2026 22:21:59,19.034
3846,08/21/2026 22:36:59,19.367
3847,08/21/2026 22:51:59,19.131
3848,08/21/2026 23:06:59,18.820
3849,08/21/2026 23:21:59,18.466
3850,08/21/2026 23:36:59,18.391
3851,08/21/2026 23:51:59,18.412
3852,08/22/2026 00:06:59,18.444
3853,08/22/2026 00:21:59,18.444
3854,08/22/2026 00:36:59,18.444
3855,08/22/2026 00:51:59,18.423
3856,08/22/2026 01:06:59,18.401
3857,08/22/2026 01:21:59,18.380
3858,08/22/2026 01:36:59,18.359
3859,08/22/2026 01:51:59,18.326
3860,08/22/2026 02:06:59,18.262
3861,08/22/2026 02:21:59,18.166
3862,08/22/2026 02:36:59,18.069
3863,08/22/2026 02:51:59,17.994
3864,08/22/2026 03:06:59,17.972
3865,08/22/2026 03:21:59,17.951
3866,08/22/2026 03:36:59,18.069
3867,08/22/2026 03:51:59,18.101
3868,08/22/2026 04:06:59,18.155
3869,08/22/2026 04:21:59,18.090
3870,08/22/2026 04:36:59,18.037
3871,08/22/2026 04:51:59,18.058
3872,08/22/2026 05:06:59,18.262
3873,08/22/2026 05:21:59,18.444
3874,08/22/2026 05:36:59,18.530
3875,08/22/2026 05:51:59,18.530
3876,08/22/2026 06:06:59,18.552
3877,08/22/2026 06:21:59,18.552
3878,08/22/2026 06:36:59,18.509
3879,08/22/2026 06:51:59,18.444
3880,08/22/2026 07:06:59,18.380
3881,08/22/2026 07:21:59,18.305
3882,08/22/2026 07:36:59,18.219
3883,08/22/2026 07:51:59,18.208
3884,08/22/2026 08:06:59,18.123
3885,08/22/2026 08:21:59,18.101
3886,08/22/2026 08:36:59,18.176
3887,08/22/2026 08:51:59,18.208
3888,08/22/2026 09:06:59,18.187
3889,08/22/2026 09:21:59,18.208
3890,08/22/2026 09:36:59,18.262
3891,08/22/2026 09:51:59,18.348
3892,08/22/2026 10:06:59,18.412
3893,08/22/2026 10:21:59,18.444
3894,08/22/2026 10:36:59,18.444
3895,08/22/2026 10:51:59,18.444
3896,08/22/2026 11:06:59,18.444
3897,08/22/2026 11:21:59,18.401
3898,08/22/2026 11:36:59,18.359
3899,08/22/2026 11:51:59,18.037
3900,08/22/2026 12:06:59,17.726
3901,08/22/2026 12:21:59,17.844
3902,08/22/2026 12:36:59,17.876
3903,08/22/2026 12:51:59,18.112
3904,08/22/2026 13:06:59,18.166
3905,08/22/2026 13:21:59,18.155
3906,08/22/2026 13:36:59,17.983
3907,08/22/2026 13:51:59,17.747
3908,08/22/2026 14:06:59,17.426
3909,08/22/2026 14:21:59,17.254
3910,08/22/2026 14:36:59,17.640
3911,08/22/2026 14:51:59,17.565
3912,08/22/2026 15:06:59,17.136
3913,08/22/2026 15:21:59,17.983
3914,08/22/2026 15:36:59,18.144
3915,08/22/2026 15:51:59,18.241
3916,08/22/2026 16:06:59,18.326
3917,08/22/2026 16:21:59,18.316
3918,08/22/2026 16:36:59,18.241
3919,08/22/2026 16:51:59,18.123
3920,08/22/2026 17:06:59,18.080
3921,08/22/2026 17:21:59,18.015
3922,08/22/2026 17:36:59,17.972
3923,08/22/2026 17:51:59,18.015
3924,08/22/2026 18:06:59,18.123
3925,08/22/2026 18:21:59,17.983
3926,08/22/2026 18:36:59,17.908
3927,08/22/2026 18:51:59,17.897
3928,08/22/2026 19:06:59,17.908
3929,08/22/2026 19:21:59,17.983
3930,08/22/2026 19:36:59,17.994
3931,08/22/2026 19:51:59,17.962
3932,08/22/2026 20:06:59,17.930
3933,08/22/2026 20:21:59,17.479
3934,08/22/2026 20:36:59,17.211
3935,08/22/2026 20:51:59,17.232
3936,08/22/2026 21:06:59,17.275
3937,08/22/2026 21:21:59,17.275
3938,08/22/2026 21:36:59,17.254
3939,08/22/2026 21:51:59,17.200
3940,08/22/2026 22:06:59,17.200
3941,08/22/2026 22:21:59,17.061
3942,08/22/2026 22:36:59,16.911
3943,08/22/2026 22:51:59,16.836
3944,08/22/2026 23:06:59,16.771
3945,08/22/2026 23:21:59,16.696
3946,08/22/2026 23:36:59,16.664
3947,08/22/2026 23:51:59,16.589
3948,08/23/2026 00:06:59,16.525
3949,08/23/2026 00:21:59,16.471
3950,08/23/2026 00:36:59,16.439
3951,08/23/2026 00:51:59,16.396
3952,08/23/2026 01:06:59,16.353
3953,08/23/2026 01:21:59,16.321
3954,08/23/2026 01:36:59,16.256
3955,08/23/2026 01:51:59,16.256
3956,08/23/2026 02:06:59,16.256
3957,08/23/2026 02:21:59,16.224
3958,08/23/2026 02:36:59,16.192
3959,08/23/2026 02:51:59,16.224
3960,08/23/2026 03:06:59,16.267
3961,08/23/2026 03:21:59,16.267
3962,08/23/2026 03:36:59,16.267
3963,08/23/2026 03:51:59,16.267
3964,08/23/2026 04:06:59,16.256
3965,08/23/2026 04:21:59,16.278
3966,08/23/2026 04:36:59,16.289
3967,08/23/2026 04:51:59,16.374
3968,08/23/2026 05:06:59,16.514
3969,08/23/2026 05:21:59,16.342
3970,08/23/2026 05:36:59,16.310
3971,08/23/2026 05:51:59,16.342
3972,08/23/2026 06:06:59,16.407
3973,08/23/2026 06:21:59,16.514
3974,08/23/2026 06:36:59,16.568
3975,08/23/2026 06:51:59,16.621
3976,08/23/2026 07:06:59,16.696
3977,08/23/2026 07:21:59,16.793
3978,08/23/2026 07:36:59,16.782
3979,08/23/2026 07:51:59,16.825
3980,08/23/2026 08:06:59,16.943
3981,08/23/2026 08:21:59,17.039
3982,08/23/2026 08:36:59,17.093
3983,08/23/2026 08:51:59,17.157
3984,08/23/2026 09:06:59,17.018
3985,08/23/2026 09:21:59,17.093
3986,08/23/2026 09:36:59,17.061
3987,08/23/2026 09:51:59,17.093
3988,08/23/2026 10:06:59,17.136
3989,08/23/2026 10:21:59,17.211
3990,08/23/2026 10:36:59,17.608
3991,08/23/2026 10:51:59,18.069
3992,08/23/2026 11:06:59,18.273
3993,08/23/2026 11:21:59,18.305
3994,08/23/2026 11:36:59,18.348
3995,08/23/2026 11:51:59,17.887
3996,08/23/2026 12:06:59,17.715
3997,08/23/2026 12:21:59,17.543
3998,08/23/2026 12:36:59,17.329
3999,08/23/2026 12:51:59,17.232
4000,08/23/2026 13:06:59,17.061
4001,08/23/2026 13:21:59,16.900
4002,08/23/2026 13:36:59,16.761
4003,08/23/2026 13:51:59,16.632
4004,08/23/2026 14:06:59,16.557
4005,08/23/2026 14:21:59,16.514
4006,08/23/2026 14:36:59,16.492
4007,08/23/2026 14:51:59,16.525
4008,08/23/2026 15:06:59,16.546
4009,08/23/2026 15:21:59,16.568
4010,08/23/2026 15:36:59,16.535
4011,08/23/2026 15:51:59,16.514
4012,08/23/2026 16:06:59,16.589
4013,08/23/2026 16:21:59,16.653
4014,08/23/2026 16:36:59,16.675
4015,08/23/2026 16:51:59,16.718
4016,08/23/2026 17:06:59,16.750
4017,08/23/2026 17:21:59,16.707
4018,08/23/2026 17:36:59,16.664
4019,08/23/2026 17:51:59,16.675
4020,08/23/2026 18:06:59,16.685
4021,08/23/2026 18:21:59,16.685
4022,08/23/2026 18:36:59,16.857
4023,08/23/2026 18:51:59,16.771
4024,08/23/2026 19:06:59,16.771
4025,08/23/2026 19:21:59,16.836
4026,08/23/2026 19:36:59,16.632
4027,08/23/2026 19:51:59,16.396
4028,08/23/2026 20:06:59,16.256
4029,08/23/2026 20:21:59,16.192
4030,08/23/2026 20:36:59,16.138
4031,08/23/2026 20:51:59,16.117
4032,08/23/2026 21:06:59,16.117
4033,08/23/2026 21:21:59,16.128
4034,08/23/2026 21:36:59,16.031
4035,08/23/2026 21:51:59,15.956
4036,08/23/2026 22:06:59,15.913
4037,08/23/2026 22:21:59,15.870
4038,08/23/2026 22:36:59,15.935
4039,08/23/2026 22:51:59,15.967
4040,08/23/2026 23:06:59,15.999
4041,08/23/2026 23:21:59,16.085
4042,08/23/2026 23:36:59,16.042
4043,08/23/2026 23:51:59,16.138
4044,08/24/2026 00:06:59,15.967
4045,08/24/2026 00:21:59,15.827
4046,08/24/2026 00:36:59,15.913
4047,08/24/2026 00:51:59,15.988
4048,08/24/2026 01:06:59,15.785
4049,08/24/2026 01:21:59,15.785
4050,08/24/2026 01:36:59,15.827
4051,08/24/2026 01:51:59,15.870
4052,08/24/2026 02:06:59,15.913
4053,08/24/2026 02:21:59,15.967
4054,08/24/2026 02:36:59,15.999
4055,08/24/2026 02:51:59,15.967
4056,08/24/2026 03:06:59,15.881
4057,08/24/2026 03:21:59,15.860
4058,08/24/2026 03:36:59,15.795
4059,08/24/2026 03:51:59,15.731
4060,08/24/2026 04:06:59,15.709
4061,08/24/2026 04:21:59,15.613
4062,08/24/2026 04:36:59,15.463
4063,08/24/2026 04:51:59,15.409
4064,08/24/2026 05:06:59,15.420
4065,08/24/2026 05:21:59,15.441
4066,08/24/2026 05:36:59,15.474
4067,08/24/2026 05:51:59,15.484
4068,08/24/2026 06:06:59,15.506
4069,08/24/2026 06:21:59,15.570
4070,08/24/2026 06:36:59,15.624
4071,08/24/2026 06:51:59,15.709
4072,08/24/2026 07:06:59,15.817
4073,08/24/2026 07:21:59,15.860
4074,08/24/2026 07:36:59,15.967
4075,08/24/2026 07:51:59,16.085
4076,08/24/2026 08:06:59,16.203
4077,08/24/2026 08:21:59,16.492
4078,08/24/2026 08:36:59,16.803
4079,08/24/2026 08:51:59,16.921
4080,08/24/2026 09:06:59,17.114
4081,08/24/2026 09:21:59,17.415
4082,08/24/2026 09:36:59,17.747
4083,08/24/2026 09:51:59,17.779
4084,08/24/2026 10:06:59,17.812
4085,08/24/2026 10:21:59,17.619
4086,08/24/2026 10:36:59,17.715
4087,08/24/2026 10:51:59,17.275
4088,08/24/2026 11:06:59,17.029
4089,08/24/2026 11:21:59,17.114
4090,08/24/2026 11:36:59,16.975
4091,08/24/2026 11:51:59,16.836
4092,08/24/2026 12:06:59,16.825
4093,08/24/2026 12:21:59,16.879
4094,08/24/2026 12:36:59,16.771
4095,08/24/2026 12:51:59,16.696
4096,08/24/2026 13:06:59,16.600
4097,08/24/2026 13:21:59,16.514
4098,08/24/2026 13:36:59,16.471
4099,08/24/2026 13:51:59,16.342
4100,08/24/2026 14:06:59,16.289
4101,08/24/2026 14:21:59,16.256
4102,08/24/2026 14:36:59,16.224
4103,08/24/2026 14:51:59,16.192
4104,08/24/2026 15:06:59,16.171
4105,08/24/2026 15:21:59,16.128
4106,08/24/2026 15:36:59,16.117
4107,08/24/2026 15:51:59,16.117
4108,08/24/2026 16:06:59,16.117
4109,08/24/2026 16:21:59,16.138
4110,08/24/2026 16:36:59,16.181
4111,08/24/2026 16:51:59,16.214
4112,08/24/2026 17:06:59,16.224
4113,08/24/2026 17:21:59,16.224
4114,08/24/2026 17:36:59,16.246
4115,08/24/2026 17:51:59,16.246
4116,08/24/2026 18:06:59,16.278
4117,08/24/2026 18:21:59,16.289
4118,08/24/2026 18:36:59,16.289
4119,08/24/2026 18:51:59,16.267
4120,08/24/2026 19:06:59,16.224
4121,08/24/2026 19:21:59,16.214
4122,08/24/2026 19:36:59,16.149
4123,08/24/2026 19:51:59,16.171
4124,08/24/2026 20:06:59,16.192
4125,08/24/2026 20:21:59,16.203
4126,08/24/2026 20:36:59,16.224
4127,08/24/2026 20:51:59,16.246
4128,08/24/2026 21:06:59,16.256
4129,08/24/2026 21:21:59,16.289
4130,08/24/2026 21:36:59,16.267
4131,08/24/2026 21:51:59,16.278
4132,08/24/2026 22:06:59,16.256
4133,08/24/2026 22:21:59,16.224
4134,08/24/2026 22:36:59,16.203
4135,08/24/2026 22:51:59,16.214
4136,08/24/2026 23:06:59,16.214
4137,08/24/2026 23:21:59,16.203
4138,08/24/2026 23:36:59,16.171
4139,08/24/2026 23:51:59,16.171
4140,08/25/2026 00:06:59,16.128
4141,08/25/2026 00:21:59,16.053
4142,08/25/2026 00:36:59,16.031
4143,08/25/2026 00:51:59,15.870
4144,08/25/2026 01:06:59,15.838
4145,08/25/2026 01:21:59,15.849
4146,08/25/2026 01:36:59,15.827
4147,08/25/2026 01:51:59,15.720
4148,08/25/2026 02:06:59,15.688
4149,08/25/2026 02:21:59,15.731
4150,08/25/2026 02:36:59,15.774
4151,08/25/2026 02:51:59,15.731
4152,08/25/2026 03:06:59,15.763
4153,08/25/2026 03:21:59,15.870
4154,08/25/2026 03:36:59,15.892
4155,08/25/2026 03:51:59,15.913
4156,08/25/2026 04:06:59,15.935
4157,08/25/2026 04:21:59,15.774
4158,08/25/2026 04:36:59,15.538
4159,08/25/2026 04:51:59,15.388
4160,08/25/2026 05:06:59,15.313
4161,08/25/2026 05:21:59,15.259
4162,08/25/2026 05:36:59,15.238
4163,08/25/2026 05:51:59,15.195
4164,08/25/2026 06:06:59,15.163
4165,08/25/2026 06:21:59,15.184
4166,08/25/2026 06:36:59,15.227
4167,08/25/2026 06:51:59,15.280
4168,08/25/2026 07:06:59,15.366
4169,08/25/2026 07:21:59,15.452
4170,08/25/2026 07:36:59,15.549
4171,08/25/2026 07:51:59,15.752
4172,08/25/2026 08:06:59,15.945
4173,08/25/2026 08:21:59,16.031
4174,08/25/2026 08:36:59,16.128
4175,08/25/2026 08:51:59,16.267
4176,08/25/2026 09:06:59,16.396
4177,08/25/2026 09:21:59,16.546
4178,08/25/2026 09:36:59,16.879
4179,08/25/2026 09:51:59,17.479
4180,08/25/2026 10:06:59,18.262
4181,08/25/2026 10:21:59,18.562
4182,08/25/2026 10:36:59,17.865
4183,08/25/2026 10:51:59,17.833
4184,08/25/2026 11:06:59,17.629
4185,08/25/2026 11:21:59,17.468
4186,08/25/2026 11:36:59,17.447
4187,08/25/2026 11:51:59,17.200
4188,08/25/2026 12:06:59,17.243
4189,08/25/2026 12:21:59,17.458
4190,08/25/2026 12:36:59,17.619
4191,08/25/2026 12:51:59,17.769
4192,08/25/2026 13:06:59,17.790
4193,08/25/2026 13:21:59,17.554
4194,08/25/2026 13:36:59,17.383
4195,08/25/2026 13:51:59,17.179
4196,08/25/2026 14:06:59,17.147
4197,08/25/2026 14:21:59,17.147
4198,08/25/2026 14:36:59,17.522
4199,08/25/2026 14:51:59,17.887
4200,08/25/2026 15:06:59,18.487
4201,08/25/2026 15:21:59,18.809
4202,08/25/2026 15:36:59,18.595
4203,08/25/2026 15:51:59,18.477
4204,08/25/2026 16:06:59,18.369
4205,08/25/2026 16:21:59,18.155
4206,08/25/2026 16:36:59,18.037
4207,08/25/2026 16:51:59,18.015
4208,08/25/2026 17:06:59,17.972
4209,08/25/2026 17:21:59,17.951
4210,08/25/2026 17:36:59,17.833
4211,08/25/2026 17:51:59,17.801
4212,08/25/2026 18:06:59,17.726
4213,08/25/2026 18:21:59,17.565
4214,08/25/2026 18:36:59,17.468
4215,08/25/2026 18:51:59,17.479
4216,08/25/2026 19:06:59,17.511
4217,08/25/2026 19:21:59,17.501
4218,08/25/2026 19:36:59,17.501
4219,08/25/2026 19:51:59,17.490
4220,08/25/2026 20:06:59,17.490
4221,08/25/2026 20:21:59,17.511
4222,08/25/2026 20:36:59,17.511
4223,08/25/2026 20:51:59,17.490
4224,08/25/2026 21:06:59,17.468
4225,08/25/2026 21:21:59,17.436
4226,08/25/2026 21:36:59,17.383
4227,08/25/2026 21:51:59,17.329
4228,08/25/2026 22:06:59,17.297
4229,08/25/2026 22:21:59,17.265
4230,08/25/2026 22:36:59,17.318
4231,08/25/2026 22:51:59,17.436
4232,08/25/2026 23:06:59,17.661
4233,08/25/2026 23:21:59,17.833
4234,08/25/2026 23:36:59,17.822
4235,08/25/2026 23:51:59,17.790
4236,08/26/2026 00:06:59,17.887
4237,08/26/2026 00:21:59,17.940
4238,08/26/2026 00:36:59,17.865
4239,08/26/2026 00:51:59,17.779
4240,08/26/2026 01:06:59,17.533
4241,08/26/2026 01:21:59,17.436
4242,08/26/2026 01:36:59,17.329
4243,08/26/2026 01:51:59,17.254
4244,08/26/2026 02:06:59,17.200
4245,08/26/2026 02:21:59,17.147
4246,08/26/2026 02:36:59,17.039
4247,08/26/2026 02:51:59,17.007
4248,08/26/2026 03:06:59,16.964
4249,08/26/2026 03:21:59,16.932
4250,08/26/2026 03:36:59,16.921
4251,08/26/2026 03:51:59,16.718
4252,08/26/2026 04:06:59,16.707
4253,08/26/2026 04:21:59,16.685
4254,08/26/2026 04:36:59,16.675
4255,08/26/2026 04:51:59,16.643
4256,08/26/2026 05:06:59,16.632
4257,08/26/2026 05:21:59,16.632
4258,08/26/2026 05:36:59,16.632
4259,08/26/2026 05:51:59,16.632
4260,08/26/2026 06:06:59,16.685
4261,08/26/2026 06:21:59,16.685
4262,08/26/2026 06:36:59,16.900
4263,08/26/2026 06:51:59,16.771
4264,08/26/2026 07:06:59,16.696
4265,08/26/2026 07:21:59,16.718
4266,08/26/2026 07:36:59,16.750
4267,08/26/2026 07:51:59,16.771
4268,08/26/2026 08:06:59,16.803
4269,08/26/2026 08:21:59,16.879
4270,08/26/2026 08:36:59,16.932
4271,08/26/2026 08:51:59,16.954
4272,08/26/2026 09:06:59,17.007
4273,08/26/2026 09:21:59,17.029
4274,08/26/2026 09:36:59,17.061
4275,08/26/2026 09:51:59,17.157
4276,08/26/2026 10:06:59,17.275
4277,08/26/2026 10:21:59,17.468
4278,08/26/2026 10:36:59,18.498
4279,08/26/2026 10:51:59,19.420
4280,08/26/2026 11:06:59,19.635
4281,08/26/2026 11:21:59,19.184
4282,08/26/2026 11:36:59,18.648
4283,08/26/2026 11:51:59,18.766
4284,08/26/2026 12:06:59,18.198
4285,08/26/2026 12:21:59,18.123
4286,08/26/2026 12:36:59,18.005
4287,08/26/2026 12:51:59,17.887
4288,08/26/2026 13:06:59,17.779
4289,08/26/2026 13:21:59,17.726
4290,08/26/2026 13:36:59,17.726
4291,08/26/2026 13:51:59,17.565
4292,08/26/2026 14:06:59,17.415
4293,08/26/2026 14:21:59,17.361
4294,08/26/2026 14:36:59,17.350
4295,08/26/2026 14:51:59,17.350
4296,08/26/2026 15:06:59,17.383
4297,08/26/2026 15:21:59,17.468
4298,08/26/2026 15:36:59,17.694
4299,08/26/2026 15:51:59,17.779
4300,08/26/2026 16:06:59,17.833
4301,08/26/2026 16:21:59,17.833
4302,08/26/2026 16:36:59,17.726
4303,08/26/2026 16:51:59,17.737
4304,08/26/2026 17:06:59,17.779
4305,08/26/2026 17:21:59,17.855
4306,08/26/2026 17:36:59,17.865
4307,08/26/2026 17:51:59,17.876
4308,08/26/2026 18:06:59,17.897
4309,08/26/2026 18:21:59,17.833
4310,08/26/2026 18:36:59,17.790
4311,08/26/2026 18:51:59,17.737
4312,08/26/2026 19:06:59,17.694
4313,08/26/2026 19:21:59,17.404
4314,08/26/2026 19:36:59,16.879
4315,08/26/2026 19:51:59,17.265
4316,08/26/2026 20:06:59,16.921
4317,08/26/2026 20:21:59,16.321
4318,08/26/2026 20:36:59,16.278
4319,08/26/2026 20:51:59,16.235
4320,08/26/2026 21:06:59,16.224
4321,08/26/2026 21:21:59,16.267
4322,08/26/2026 21:36:59,16.460
4323,08/26/2026 21:51:59,16.803
4324,08/26/2026 22:06:59,16.857
4325,08/26/2026 22:21:59,16.632
4326,08/26/2026 22:36:59,16.600
4327,08/26/2026 22:51:59,16.664
4328,08/26/2026 23:06:59,16.814
4329,08/26/2026 23:21:59,16.857
4330,08/26/2026 23:36:59,16.739
4331,08/26/2026 23:51:59,16.557
4332,08/27/2026 00:06:59,16.492
4333,08/27/2026 00:21:59,16.332
4334,08/27/2026 00:36:59,16.267
4335,08/27/2026 00:51:59,16.203
4336,08/27/2026 01:06:59,16.138
4337,08/27/2026 01:21:59,16.106
4338,08/27/2026 01:36:59,16.085
4339,08/27/2026 01:51:59,16.181
4340,08/27/2026 02:06:59,16.235
4341,08/27/2026 02:21:59,16.138
4342,08/27/2026 02:36:59,16.085
4343,08/27/2026 02:51:59,16.021
4344,08/27/2026 03:06:59,15.999
4345,08/27/2026 03:21:59,16.117
4346,08/27/2026 03:36:59,16.246
4347,08/27/2026 03:51:59,16.739
4348,08/27/2026 04:06:59,17.018
4349,08/27/2026 04:21:59,17.125
4350,08/27/2026 04:36:59,17.114
4351,08/27/2026 04:51:59,16.761
4352,08/27/2026 05:06:59,16.836
4353,08/27/2026 05:21:59,16.814
4354,08/27/2026 05:36:59,16.503
4355,08/27/2026 05:51:59,16.396
4356,08/27/2026 06:06:59,16.428
4357,08/27/2026 06:21:59,16.546
4358,08/27/2026 06:36:59,16.600
4359,08/27/2026 06:51:59,16.685
4360,08/27/2026 07:06:59,16.782
4361,08/27/2026 07:21:59,16.857
4362,08/27/2026 07:36:59,17.104
4363,08/27/2026 07:51:59,17.093
4364,08/27/2026 08:06:59,17.093
4365,08/27/2026 08:21:59,17.093
4366,08/27/2026 08:36:59,17.082
4367,08/27/2026 08:51:59,17.082
4368,08/27/2026 09:06:59,17.061
4369,08/27/2026 09:21:59,17.061
4370,08/27/2026 09:36:59,17.104
4371,08/27/2026 09:51:59,17.232
4372,08/27/2026 10:06:59,17.415
4373,08/27/2026 10:21:59,17.576
4374,08/27/2026 10:36:59,17.640
4375,08/27/2026 10:51:59,17.704
4376,08/27/2026 11:06:59,17.897
4377,08/27/2026 11:21:59,18.284
4378,08/27/2026 11:36:59,18.444
4379,08/27/2026 11:51:59,18.434
4380,08/27/2026 12:06:59,18.455
4381,08/27/2026 12:21:59,18.273
4382,08/27/2026 12:36:59,18.208
4383,08/27/2026 12:51:59,18.187
4384,08/27/2026 13:06:59,18.123
4385,08/27/2026 13:21:59,17.951
4386,08/27/2026 13:36:59,17.844
4387,08/27/2026 13:51:59,17.769
4388,08/27/2026 14:06:59,17.704
4389,08/27/2026 14:21:59,17.640
4390,08/27/2026 14:36:59,17.533
4391,08/27/2026 14:51:59,17.543
4392,08/27/2026 15:06:59,17.490
4393,08/27/2026 15:21:59,17.415
4394,08/27/2026 15:36:59,17.404
4395,08/27/2026 15:51:59,17.265
4396,08/27/2026 16:06:59,17.147
4397,08/27/2026 16:21:59,17.093
4398,08/27/2026 16:36:59,16.943
4399,08/27/2026 16:51:59,16.889
4400,08/27/2026 17:06:59,16.857
4401,08/27/2026 17:21:59,16.836
4402,08/27/2026 17:36:59,16.857
4403,08/27/2026 17:51:59,16.889
4404,08/27/2026 18:06:59,16.900
4405,08/27/2026 18:21:59,16.889
4406,08/27/2026 18:36:59,16.857
4407,08/27/2026 18:51:59,16.857
4408,08/27/2026 19:06:59,16.836
4409,08/27/2026 19:21:59,16.825
4410,08/27/2026 19:36:59,16.739
4411,08/27/2026 19:51:59,16.557
4412,08/27/2026 20:06:59,16.546
4413,08/27/2026 20:21:59,16.632
4414,08/27/2026 20:36:59,16.503
4415,08/27/2026 20:51:59,16.428
4416,08/27/2026 21:06:59,16.364
4417,08/27/2026 21:21:59,16.407
4418,08/27/2026 21:36:59,16.782
4419,08/27/2026 21:51:59,16.803
4420,08/27/2026 22:06:59,16.803
4421,08/27/2026 22:21:59,16.836
4422,08/27/2026 22:36:59,16.836
4423,08/27/2026 22:51:59,16.836
4424,08/27/2026 23:06:59,16.771
4425,08/27/2026 23:21:59,16.761
4426,08/27/2026 23:36:59,16.814
4427,08/27/2026 23:51:59,16.836
4428,08/28/2026 00:06:59,16.846
4429,08/28/2026 00:21:59,16.846
4430,08/28/2026 00:36:59,16.803
4431,08/28/2026 00:51:59,16.793
4432,08/28/2026 01:06:59,16.771
4433,08/28/2026 01:21:59,16.728
4434,08/28/2026 01:36:59,16.428
4435,08/28/2026 01:51:59,16.332
4436,08/28/2026 02:06:59,16.235
4437,08/28/2026 02:21:59,16.192
4438,08/28/2026 02:36:59,16.149
4439,08/28/2026 02:51:59,16.096
4440,08/28/2026 03:06:59,16.053
4441,08/28/2026 03:21:59,16.042
4442,08/28/2026 03:36:59,16.031
4443,08/28/2026 03:51:59,15.999
4444,08/28/2026 04:06:59,15.999
4445,08/28/2026 04:21:59,15.967
4446,08/28/2026 04:36:59,15.967
4447,08/28/2026 04:51:59,15.988
4448,08/28/2026 05:06:59,15.956
4449,08/28/2026 05:21:59,15.935
4450,08/28/2026 05:36:59,15.913
4451,08/28/2026 05:51:59,15.935
4452,08/28/2026 06:06:59,16.096
4453,08/28/2026 06:21:59,16.138
4454,08/28/2026 06:36:59,16.138
4455,08/28/2026 06:51:59,16.246
4456,08/28/2026 07:06:59,16.364
4457,08/28/2026 07:21:59,16.385
4458,08/28/2026 07:36:59,16.417
4459,08/28/2026 07:51:59,16.450
4460,08/28/2026 08:06:59,16.460
4461,08/28/2026 08:21:59,16.417
4462,08/28/2026 08:36:59,16.439
4463,08/28/2026 08:51:59,16.525
4464,08/28/2026 09:06:59,16.685
4465,08/28/2026 09:21:59,16.653
4466,08/28/2026 09:36:59,16.600
4467,08/28/2026 09:51:59,16.600
4468,08/28/2026 10:06:59,16.632
4469,08/28/2026 10:21:59,16.685
4470,08/28/2026 10:36:59,16.707
4471,08/28/2026 10:51:59,16.825
4472,08/28/2026 11:06:59,17.029
4473,08/28/2026 11:21:59,17.211
4474,08/28/2026 11:36:59,17.468
4475,08/28/2026 11:51:59,17.865
4476,08/28/2026 12:06:59,18.477
4477,08/28/2026 12:21:59,18.627
4478,08/28/2026 12:36:59,18.208
4479,08/28/2026 12:51:59,17.747
4480,08/28/2026 13:06:59,17.393
4481,08/28/2026 13:21:59,17.340
4482,08/28/2026 13:36:59,17.318
4483,08/28/2026 13:51:59,17.265
4484,08/28/2026 14:06:59,17.265
4485,08/28/2026 14:21:59,17.265
4486,08/28/2026 14:36:59,17.061
4487,08/28/2026 14:51:59,17.029
4488,08/28/2026 15:06:59,16.943
4489,08/28/2026 15:21:59,16.857
4490,08/28/2026 15:36:59,16.889
4491,08/28/2026 15:51:59,16.857
4492,08/28/2026 16:06:59,16.814
4493,08/28/2026 16:21:59,16.943
4494,08/28/2026 16:36:59,16.975
4495,08/28/2026 16:51:59,16.986
4496,08/28/2026 17:06:59,17.007
4497,08/28/2026 17:21:59,17.007
4498,08/28/2026 17:36:59,17.018
4499,08/28/2026 17:51:59,17.039
4500,08/28/2026 18:06:59,17.050
4501,08/28/2026 18:21:59,17.007
4502,08/28/2026 18:36:59,16.954
4503,08/28/2026 18:51:59,16.728
4504,08/28/2026 19:06:59,16.514
4505,08/28/2026 19:21:59,16.299
4506,08/28/2026 19:36:59,16.171
4507,08/28/2026 19:51:59,16.181
4508,08/28/2026 20:06:59,16.106
4509,08/28/2026 20:21:59,15.988
4510,08/28/2026 20:36:59,15.924
4511,08/28/2026 20:51:59,15.849
4512,08/28/2026 21:06:59,15.913
4513,08/28/2026 21:21:59,15.956
4514,08/28/2026 21:36:59,15.999
4515,08/28/2026 21:51:59,16.042
4516,08/28/2026 22:06:59,16.074
4517,08/28/2026 22:21:59,16.096
4518,08/28/2026 22:36:59,16.106
4519,08/28/2026 22:51:59,16.138
4520,08/28/2026 23:06:59,16.160
4521,08/28/2026 23:21:59,16.278
4522,08/28/2026 23:36:59,16.321
4523,08/28/2026 23:51:59,16.342
4524,08/29/2026 00:06:59,16.374
4525,08/29/2026 00:21:59,16.374
4526,08/29/2026 00:36:59,16.342
4527,08/29/2026 00:51:59,16.246
4528,08/29/2026 01:06:59,16.203
4529,08/29/2026 01:21:59,16.160
4530,08/29/2026 01:36:59,16.085
4531,08/29/2026 01:51:59,16.031
4532,08/29/2026 02:06:59,15.999
4533,08/29/2026 02:21:59,15.935
4534,08/29/2026 02:36:59,15.881
4535,08/29/2026 02:51:59,15.860
4536,08/29/2026 03:06:59,15.817
4537,08/29/2026 03:21:59,15.838
4538,08/29/2026 03:36:59,15.903
4539,08/29/2026 03:51:59,15.881
4540,08/29/2026 04:06:59,15.881
4541,08/29/2026 04:21:59,15.913
4542,08/29/2026 04:36:59,15.967
4543,08/29/2026 04:51:59,15.967
4544,08/29/2026 05:06:59,15.967
4545,08/29/2026 05:21:59,15.967
4546,08/29/2026 05:36:59,15.967
4547,08/29/2026 05:51:59,15.978
4548,08/29/2026 06:06:59,15.978
4549,08/29/2026 06:21:59,15.935
4550,08/29/2026 06:36:59,15.935
4551,08/29/2026 06:51:59,15.956
4552,08/29/2026 07:06:59,15.967
4553,08/29/2026 07:21:59,15.956
4554,08/29/2026 07:36:59,15.956
4555,08/29/2026 07:51:59,15.967
4556,08/29/2026 08:06:59,15.967
4557,08/29/2026 08:21:59,15.967
4558,08/29/2026 08:36:59,15.967
4559,08/29/2026 08:51:59,15.999
4560,08/29/2026 09:06:59,15.956
4561,08/29/2026 09:21:59,15.967
4562,08/29/2026 09:36:59,16.203
4563,08/29/2026 09:51:59,16.256
4564,08/29/2026 10:06:59,16.299
4565,08/29/2026 10:21:59,16.396
4566,08/29/2026 10:36:59,16.310
4567,08/29/2026 10:51:59,16.439
4568,08/29/2026 11:06:59,16.578
4569,08/29/2026 11:21:59,16.707
4570,08/29/2026 11:36:59,16.921
4571,08/29/2026 11:51:59,17.179
4572,08/29/2026 12:06:59,17.651
4573,08/29/2026 12:21:59,17.522
4574,08/29/2026 12:36:59,17.672
4575,08/29/2026 12:51:59,17.640
4576,08/29/2026 13:06:59,17.887
4577,08/29/2026 13:21:59,17.855
4578,08/29/2026 13:36:59,17.876
4579,08/29/2026 13:51:59,17.661
4580,08/29/2026 14:06:59,17.554
4581,08/29/2026 14:21:59,17.468
4582,08/29/2026 14:36:59,17.383
4583,08/29/2026 14:51:59,17.308
4584,08/29/2026 15:06:59,17.211
4585,08/29/2026 15:21:59,17.082
4586,08/29/2026 15:36:59,16.997
4587,08/29/2026 15:51:59,16.943
4588,08/29/2026 16:06:59,16.964
4589,08/29/2026 16:21:59,16.975
4590,08/29/2026 16:36:59,16.943
4591,08/29/2026 16:51:59,17.007
4592,08/29/2026 17:06:59,16.954
4593,08/29/2026 17:21:59,16.932
4594,08/29/2026 17:36:59,16.900
4595,08/29/2026 17:51:59,16.900
4596,08/29/2026 18:06:59,16.921
4597,08/29/2026 18:21:59,16.943
4598,08/29/2026 18:36:59,16.954
4599,08/29/2026 18:51:59,16.921
4600,08/29/2026 19:06:59,16.932
4601,08/29/2026 19:21:59,16.482
4602,08/29/2026 19:36:59,16.203
4603,08/29/2026 19:51:59,16.138
4604,08/29/2026 20:06:59,16.181
4605,08/29/2026 20:21:59,16.138
4606,08/29/2026 20:36:59,16.192
4607,08/29/2026 20:51:59,15.570
4608,08/29/2026 21:06:59,15.817
4609,08/29/2026 21:21:59,15.956
4610,08/29/2026 21:36:59,15.849
4611,08/29/2026 21:51:59,15.656
4612,08/29/2026 22:06:59,15.806
4613,08/29/2026 22:21:59,15.999
4614,08/29/2026 22:36:59,16.181
4615,08/29/2026 22:51:59,16.224
4616,08/29/2026 23:06:59,16.181
4617,08/29/2026 23:21:59,16.192
4618,08/29/2026 23:36:59,16.117
4619,08/29/2026 23:51:59,16.138
4620,08/30/2026 00:06:59,16.171
4621,08/30/2026 00:21:59,16.138
4622,08/30/2026 00:36:59,16.085
4623,08/30/2026 00:51:59,15.999
4624,08/30/2026 01:06:59,16.010
4625,08/30/2026 01:21:59,16.053
4626,08/30/2026 01:36:59,15.956
4627,08/30/2026 01:51:59,15.860
4628,08/30/2026 02:06:59,15.795
4629,08/30/2026 02:21:59,15.763
4630,08/30/2026 02:36:59,15.624
4631,08/30/2026 02:51:59,15.592
4632,08/30/2026 03:06:59,15.506
4633,08/30/2026 03:21:59,15.420
4634,08/30/2026 03:36:59,15.366
4635,08/30/2026 03:51:59,15.334
4636,08/30/2026 04:06:59,15.291
4637,08/30/2026 04:21:59,15.184
4638,08/30/2026 04:36:59,15.280
4639,08/30/2026 04:51:59,15.302
4640,08/30/2026 05:06:59,15.388
4641,08/30/2026 05:21:59,15.559
4642,08/30/2026 05:36:59,15.581
4643,08/30/2026 05:51:59,15.602
4644,08/30/2026 06:06:59,15.634
4645,08/30/2026 06:21:59,15.613
4646,08/30/2026 06:36:59,15.592
4647,08/30/2026 06:51:59,15.592
4648,08/30/2026 07:06:59,15.592
4649,08/30/2026 07:21:59,15.516
4650,08/30/2026 07:36:59,15.645
4651,08/30/2026 07:51:59,15.709
4652,08/30/2026 08:06:59,15.742
4653,08/30/2026 08:21:59,15.709
4654,08/30/2026 08:36:59,15.720
4655,08/30/2026 08:51:59,15.709
4656,08/30/2026 09:06:59,15.709
4657,08/30/2026 09:21:59,15.677
4658,08/30/2026 09:36:59,15.709
4659,08/30/2026 09:51:59,15.752
4660,08/30/2026 10:06:59,15.913
4661,08/30/2026 10:21:59,15.935
4662,08/30/2026 10:36:59,16.031
4663,08/30/2026 10:51:59,16.117
4664,08/30/2026 11:06:59,16.203
4665,08/30/2026 11:21:59,16.407
4666,08/30/2026 11:36:59,16.546
4667,08/30/2026 11:51:59,16.696
4668,08/30/2026 12:06:59,16.836
4669,08/30/2026 12:21:59,17.072
4670,08/30/2026 12:36:59,17.179
4671,08/30/2026 12:51:59,17.436
4672,08/30/2026 13:06:59,17.383
4673,08/30/2026 13:21:59,17.383
4674,08/30/2026 13:36:59,17.404
4675,08/30/2026 13:51:59,17.522
4676,08/30/2026 14:06:59,17.576
4677,08/30/2026 14:21:59,17.661
4678,08/30/2026 14:36:59,17.704
4679,08/30/2026 14:51:59,17.565
4680,08/30/2026 15:06:59,17.404
4681,08/30/2026 15:21:59,17.361
4682,08/30/2026 15:36:59,16.621
4683,08/30/2026 15:51:59,16.224
4684,08/30/2026 16:06:59,16.042
4685,08/30/2026 16:21:59,15.967
4686,08/30/2026 16:36:59,15.913
4687,08/30/2026 16:51:59,16.053
4688,08/30/2026 17:06:59,15.999
4689,08/30/2026 17:21:59,16.021
4690,08/30/2026 17:36:59,16.042
4691,08/30/2026 17:51:59,16.106
4692,08/30/2026 18:06:59,16.138
4693,08/30/2026 18:21:59,16.171
4694,08/30/2026 18:36:59,16.235
4695,08/30/2026 18:51:59,16.246
4696,08/30/2026 19:06:59,16.149
4697,08/30/2026 19:21:59,16.117
4698,08/30/2026 19:36:59,16.138
4699,08/30/2026 19:51:59,16.053
4700,08/30/2026 20:06:59,15.935
4701,08/30/2026 20:21:59,15.913
4702,08/30/2026 20:36:59,15.870
4703,08/30/2026 20:51:59,15.903
4704,08/30/2026 21:06:59,15.924
4705,08/30/2026 21:21:59,15.752
4706,08/30/2026 21:36:59,15.731
4707,08/30/2026 21:51:59,15.742
4708,08/30/2026 22:06:59,15.763
4709,08/30/2026 22:21:59,15.752
4710,08/30/2026 22:36:59,15.795
4711,08/30/2026 22:51:59,16.053
4712,08/30/2026 23:06:59,16.203
4713,08/30/2026 23:21:59,16.557
4714,08/30/2026 23:36:59,16.610
4715,08/30/2026 23:51:59,16.053
4716,08/31/2026 00:06:59,16.010
4717,08/31/2026 00:21:59,15.988
4718,08/31/2026 00:36:59,16.021
4719,08/31/2026 00:51:59,15.999
4720,08/31/2026 01:06:59,15.988
4721,08/31/2026 01:21:59,15.978
4722,08/31/2026 01:36:59,15.967
4723,08/31/2026 01:51:59,15.913
4724,08/31/2026 02:06:59,15.795
4725,08/31/2026 02:21:59,15.720
4726,08/31/2026 02:36:59,15.677
4727,08/31/2026 02:51:59,15.645
4728,08/31/2026 03:06:59,15.613
4729,08/31/2026 03:21:59,15.538
4730,08/31/2026 03:36:59,15.452
4731,08/31/2026 03:51:59,15.345
4732,08/31/2026 04:06:59,15.216
4733,08/31/2026 04:21:59,15.163
4734,08/31/2026 04:36:59,15.248
4735,08/31/2026 04:51:59,15.280
4736,08/31/2026 05:06:59,15.452
4737,08/31/2026 05:21:59,15.774
4738,08/31/2026 05:36:59,15.838
4739,08/31/2026 05:51:59,15.849
4740,08/31/2026 06:06:59,15.806
4741,08/31/2026 06:21:59,15.806
4742,08/31/2026 06:36:59,15.860
4743,08/31/2026 06:51:59,15.903
4744,08/31/2026 07:06:59,15.903
4745,08/31/2026 07:21:59,15.827
4746,08/31/2026 07:36:59,15.795
4747,08/31/2026 07:51:59,15.634
4748,08/31/2026 08:06:59,15.677
4749,08/31/2026 08:21:59,15.667
4750,08/31/2026 08:36:59,15.699
4751,08/31/2026 08:51:59,15.699
4752,08/31/2026 09:06:59,15.677
4753,08/31/2026 09:21:59,15.677
4754,08/31/2026 09:36:59,15.602
4755,08/31/2026 09:51:59,15.592
4756,08/31/2026 10:06:59,15.634
4757,08/31/2026 10:21:59,15.742
4758,08/31/2026 10:36:59,15.827
4759,08/31/2026 10:51:59,15.913
4760,08/31/2026 11:06:59,15.699
4761,08/31/2026 11:21:59,15.688
4762,08/31/2026 11:36:59,16.053
4763,08/31/2026 11:51:59,16.214
4764,08/31/2026 12:06:59,16.332
4765,08/31/2026 12:21:59,16.310
4766,08/31/2026 12:36:59,16.299
4767,08/31/2026 12:51:59,16.342
4768,08/31/2026 13:06:59,16.589
4769,08/31/2026 13:21:59,17.104
4770,08/31/2026 13:36:59,16.986
4771,08/31/2026 13:51:59,16.997
4772,08/31/2026 14:06:59,16.750
4773,08/31/2026 14:21:59,16.589
4774,08/31/2026 14:36:59,16.235
4775,08/31/2026 14:51:59,16.106
4776,08/31/2026 15:06:59,15.870
4777,08/31/2026 15:21:59,15.785
4778,08/31/2026 15:36:59,15.720
4779,08/31/2026 15:51:59,15.398
4780,08/31/2026 16:06:59,15.302
4781,08/31/2026 16:21:59,15.259
4782,08/31/2026 16:36:59,15.216
4783,08/31/2026 16:51:59,15.205
4784,08/31/2026 17:06:59,15.163
4785,08/31/2026 17:21:59,15.152
4786,08/31/2026 17:36:59,15.163
4787,08/31/2026 17:51:59,15.141
4788,08/31/2026 18:06:59,15.163
4789,08/31/2026 18:21:59,15.195
4790,08/31/2026 18:36:59,15.195
4791,08/31/2026 18:51:59,15.216
4792,08/31/2026 19:06:59,15.280
4793,08/31/2026 19:21:59,15.420
4794,08/31/2026 19:36:59,15.549
4795,08/31/2026 19:51:59,15.677
4796,08/31/2026 20:06:59,15.763
4797,08/31/2026 20:21:59,15.795
4798,08/31/2026 20:36:59,15.838
4799,08/31/2026 20:51:59,15.870
4800,08/31/2026 21:06:59,15.913
4801,08/31/2026 21:21:59,16.053
4802,08/31/2026 21:36:59,16.074
4803,08/31/2026 21:51:59,15.978
4804,08/31/2026 22:06:59,16.053
4805,08/31/2026 22:21:59,16.021
4806,08/31/2026 22:36:59,16.021
4807,08/31/2026 22:51:59,16.074
4808,08/31/2026 23:06:59,15.570
4809,08/31/2026 23:21:59,15.806
4810,08/31/2026 23:36:59,15.742
4811,08/31/2026 23:51:59,15.870
4812,09/01/2026 00:06:59,15.870
4813,09/01/2026 00:21:59,15.913
4814,09/01/2026 00:36:59,15.892
4815,09/01/2026 00:51:59,15.881
4816,09/01/2026 01:06:59,15.860
4817,09/01/2026 01:21:59,15.849
4818,09/01/2026 01:36:59,15.827
4819,09/01/2026 01:51:59,15.752
4820,09/01/2026 02:06:59,15.688
4821,09/01/2026 02:21:59,15.699
4822,09/01/2026 02:36:59,15.709
4823,09/01/2026 02:51:59,15.592
4824,09/01/2026 03:06:59,15.474
4825,09/01/2026 03:21:59,15.463
4826,09/01/2026 03:36:59,15.484
4827,09/01/2026 03:51:59,15.431
4828,09/01/2026 04:06:59,15.398
4829,09/01/2026 04:21:59,15.291
4830,09/01/2026 04:36:59,15.205
4831,09/01/2026 04:51:59,15.163
4832,09/01/2026 05:06:59,15.559
4833,09/01/2026 05:21:59,15.452
4834,09/01/2026 05:36:59,15.366
4835,09/01/2026 05:51:59,15.259
4836,09/01/2026 06:06:59,15.163
4837,09/01/2026 06:21:59,15.109
4838,09/01/2026 06:36:59,15.120
4839,09/01/2026 06:51:59,15.141
4840,09/01/2026 07:06:59,15.163
4841,09/01/2026 07:21:59,15.216
4842,09/01/2026 07:36:59,15.227
4843,09/01/2026 07:51:59,15.205
4844,09/01/2026 08:06:59,15.173
4845,09/01/2026 08:21:59,15.216
4846,09/01/2026 08:36:59,15.270
4847,09/01/2026 08:51:59,15.280
4848,09/01/2026 09:06:59,15.280
4849,09/01/2026 09:21:59,15.313
4850,09/01/2026 09:36:59,15.334
4851,09/01/2026 09:51:59,15.366
4852,09/01/2026 10:06:59,15.409
4853,09/01/2026 10:21:59,15.484
4854,09/01/2026 10:36:59,15.581
4855,09/01/2026 10:51:59,15.634
4856,09/01/2026 11:06:59,15.656
4857,09/01/2026 11:21:59,15.516
4858,09/01/2026 11:36:59,15.592
4859,09/01/2026 11:51:59,15.677
4860,09/01/2026 12:06:59,15.774
4861,09/01/2026 12:21:59,15.881
4862,09/01/2026 12:36:59,16.021
4863,09/01/2026 12:51:59,16.267
4864,09/01/2026 13:06:59,16.364
4865,09/01/2026 13:21:59,16.428
4866,09/01/2026 13:36:59,16.492
4867,09/01/2026 13:51:59,16.557
4868,09/01/2026 14:06:59,16.535
4869,09/01/2026 14:21:59,16.568
4870,09/01/2026 14:36:59,16.568
4871,09/01/2026 14:51:59,16.739
4872,09/01/2026 15:06:59,16.718
4873,09/01/2026 15:21:59,16.664
4874,09/01/2026 15:36:59,16.621
4875,09/01/2026 15:51:59,16.600
4876,09/01/2026 16:06:59,16.589
4877,09/01/2026 16:21:59,16.568
4878,09/01/2026 16:36:59,16.546
4879,09/01/2026 16:51:59,16.525
4880,09/01/2026 17:06:59,16.525
4881,09/01/2026 17:21:59,16.546
4882,09/01/2026 17:36:59,16.535
4883,09/01/2026 17:51:59,16.546
4884,09/01/2026 18:06:59,16.546
4885,09/01/2026 18:21:59,16.546
4886,09/01/2026 18:36:59,16.503
4887,09/01/2026 18:51:59,16.439
4888,09/01/2026 19:06:59,16.417
4889,09/01/2026 19:21:59,16.428
4890,09/01/2026 19:36:59,16.385
4891,09/01/2026 19:51:59,16.364
4892,09/01/2026 20:06:59,16.374
4893,09/01/2026 20:21:59,16.364
4894,09/01/2026 20:36:59,16.310
4895,09/01/2026 20:51:59,16.310
4896,09/01/2026 21:06:59,16.332
4897,09/01/2026 21:21:59,16.342
4898,09/01/2026 21:36:59,16.310
4899,09/01/2026 21:51:59,16.278
4900,09/01/2026 22:06:59,16.267
4901,09/01/2026 22:21:59,16.278
4902,09/01/2026 22:36:59,16.267
4903,09/01/2026 22:51:59,16.289
4904,09/01/2026 23:06:59,16.310
4905,09/01/2026 23:21:59,16.321
4906,09/01/2026 23:36:59,16.342
4907,09/01/2026 23:51:59,16.342
4908,09/02/2026 00:06:59,16.364
4909,09/02/2026 00:21:59,16.428
4910,09/02/2026 00:36:59,16.310
4911,09/02/2026 00:51:59,16.256
4912,09/02/2026 01:06:59,16.203
4913,09/02/2026 01:21:59,16.171
4914,09/02/2026 01:36:59,16.160
4915,09/02/2026 01:51:59,16.192
4916,09/02/2026 02:06:59,16.192
4917,09/02/2026 02:21:59,16.181
4918,09/02/2026 02:36:59,16.171
4919,09/02/2026 02:51:59,16.138
4920,09/02/2026 03:06:59,16.085
4921,09/02/2026 03:21:59,16.021
4922,09/02/2026 03:36:59,15.988
4923,09/02/2026 03:51:59,15.656
4924,09/02/2026 04:06:59,15.667
4925,09/02/2026 04:21:59,15.742
4926,09/02/2026 04:36:59,15.774
4927,09/02/2026 04:51:59,15.817
4928,09/02/2026 05:06:59,15.860
4929,09/02/2026 05:21:59,15.913
4930,09/02/2026 05:36:59,15.913
4931,09/02/2026 05:51:59,15.785
4932,09/02/2026 06:06:59,15.763
4933,09/02/2026 06:21:59,15.795
4934,09/02/2026 06:36:59,15.795
4935,09/02/2026 06:51:59,15.817
4936,09/02/2026 07:06:59,15.838
4937,09/02/2026 07:21:59,15.849
4938,09/02/2026 07:36:59,15.860
4939,09/02/2026 07:51:59,15.881
4940,09/02/2026 08:06:59,15.903
4941,09/02/2026 08:21:59,15.903
4942,09/02/2026 08:36:59,15.913
4943,09/02/2026 08:51:59,15.935
4944,09/02/2026 09:06:59,15.935
4945,09/02/2026 09:21:59,15.935
4946,09/02/2026 09:36:59,15.935
4947,09/02/2026 09:51:59,15.924
4948,09/02/2026 10:06:59,15.935
4949,09/02/2026 10:21:59,15.967
4950,09/02/2026 10:36:59,15.967
4951,09/02/2026 10:51:59,15.967
4952,09/02/2026 11:06:59,15.978
4953,09/02/2026 11:21:59,15.999
4954,09/02/2026 11:36:59,15.988
4955,09/02/2026 11:51:59,16.021
4956,09/02/2026 12:06:59,15.978
4957,09/02/2026 12:21:59,15.967
4958,09/02/2026 12:36:59,15.945
4959,09/02/2026 12:51:59,16.053
4960,09/02/2026 13:06:59,16.106
4961,09/02/2026 13:21:59,16.171
4962,09/02/2026 13:36:59,16.289
4963,09/02/2026 13:51:59,16.289
4964,09/02/2026 14:06:59,16.289
4965,09/02/2026 14:21:59,16.332
4966,09/02/2026 14:36:59,16.299
4967,09/02/2026 14:51:59,16.289
4968,09/02/2026 15:06:59,16.289
4969,09/02/2026 15:21:59,16.278
4970,09/02/2026 15:36:59,16.289
4971,09/02/2026 15:51:59,16.267
4972,09/02/2026 16:06:59,16.235
4973,09/02/2026 16:21:59,16.149
4974,09/02/2026 16:36:59,16.138
4975,09/02/2026 16:51:59,16.117
4976,09/02/2026 17:06:59,16.063
4977,09/02/2026 17:21:59,16.031
4978,09/02/2026 17:36:59,16.021
4979,09/02/2026 17:51:59,16.010
4980,09/02/2026 18:06:59,15.988
4981,09/02/2026 18:21:59,15.978
4982,09/02/2026 18:36:59,15.967
4983,09/02/2026 18:51:59,15.967
4984,09/02/2026 19:06:59,15.935
4985,09/02/2026 19:21:59,15.806
4986,09/02/2026 19:36:59,15.752
4987,09/02/2026 19:51:59,15.720
4988,09/02/2026 20:06:59,15.699
4989,09/02/2026 20:21:59,15.688
4990,09/02/2026 20:36:59,15.677
4991,09/02/2026 20:51:59,15.677
4992,09/02/2026 21:06:59,15.667
4993,09/02/2026 21:21:59,15.667
4994,09/02/2026 21:36:59,15.656
4995,09/02/2026 21:51:59,15.656
4996,09/02/2026 22:06:59,15.645
4997,09/02/2026 22:21:59,15.645
4998,09/02/2026 22:36:59,15.752
4999,09/02/2026 22:51:59,15.752
5000,09/02/2026 23:06:59,15.806
5001,09/02/2026 23:21:59,15.817
5002,09/02/2026 23:36:59,15.827
5003,09/02/2026 23:51:59,15.849
5004,09/03/2026 00:06:59,15.849
5005,09/03/2026 00:21:59,15.806
5006,09/03/2026 00:36:59,15.763
5007,09/03/2026 00:51:59,15.720
5008,09/03/2026 01:06:59,15.709
5009,09/03/2026 01:21:59,15.656
5010,09/03/2026 01:36:59,15.624
5011,09/03/2026 01:51:59,15.581
5012,09/03/2026 02:06:59,15.516
5013,09/03/2026 02:21:59,15.452
5014,09/03/2026 02:36:59,15.398
5015,09/03/2026 02:51:59,15.356
5016,09/03/2026 03:06:59,15.280
5017,09/03/2026 03:21:59,15.195
5018,09/03/2026 03:36:59,15.055
5019,09/03/2026 03:51:59,15.098
5020,09/03/2026 04:06:59,15.141
5021,09/03/2026 04:21:59,15.173
5022,09/03/2026 04:36:59,15.130
5023,09/03/2026 04:51:59,15.055
5024,09/03/2026 05:06:59,15.077
5025,09/03/2026 05:21:59,15.120
5026,09/03/2026 05:36:59,15.205
5027,09/03/2026 05:51:59,15.173
5028,09/03/2026 06:06:59,15.216
5029,09/03/2026 06:21:59,15.313
5030,09/03/2026 06:36:59,15.452
5031,09/03/2026 06:51:59,15.506
5032,09/03/2026 07:06:59,15.570
5033,09/03/2026 07:21:59,15.613
5034,09/03/2026 07:36:59,15.634
5035,09/03/2026 07:51:59,15.656
5036,09/03/2026 08:06:59,15.656
5037,09/03/2026 08:21:59,15.667
5038,09/03/2026 08:36:59,15.667
5039,09/03/2026 08:51:59,15.677
5040,09/03/2026 09:06:59,15.699
5041,09/03/2026 09:21:59,15.720
5042,09/03/2026 09:36:59,15.742
5043,09/03/2026 09:51:59,15.774
5044,09/03/2026 10:06:59,15.785
5045,09/03/2026 10:21:59,15.827
5046,09/03/2026 10:36:59,15.827
5047,09/03/2026 10:51:59,15.838
5048,09/03/2026 11:06:59,15.881
5049,09/03/2026 11:21:59,15.913
5050,09/03/2026 11:36:59,15.913
5051,09/03/2026 11:51:59,15.945
5052,09/03/2026 12:06:59,15.988
5053,09/03/2026 12:21:59,15.999
5054,09/03/2026 12:36:59,16.031
5055,09/03/2026 12:51:59,16.042
5056,09/03/2026 13:06:59,16.085
5057,09/03/2026 13:21:59,16.117
5058,09/03/2026 13:36:59,16.138
5059,09/03/2026 13:51:59,16.138
5060,09/03/2026 14:06:59,16.149
5061,09/03/2026 14:21:59,16.171
5062,09/03/2026 14:36:59,16.171
5063,09/03/2026 14:51:59,16.181
5064,09/03/2026 15:06:59,16.171
5065,09/03/2026 15:21:59,16.192
5066,09/03/2026 15:36:59,16.203
5067,09/03/2026 15:51:59,16.224
5068,09/03/2026 16:06:59,16.214
5069,09/03/2026 16:21:59,16.192
5070,09/03/2026 16:36:59,16.203
5071,09/03/2026 16:51:59,16.214
5072,09/03/2026 17:06:59,16.224
5073,09/03/2026 17:21:59,16.214
5074,09/03/2026 17:36:59,16.224
5075,09/03/2026 17:51:59,16.256
5076,09/03/2026 18:06:59,16.267
5077,09/03/2026 18:21:59,16.267
5078,09/03/2026 18:36:59,16.278
5079,09/03/2026 18:51:59,16.289
5080,09/03/2026 19:06:59,16.256
5081,09/03/2026 19:21:59,16.203
5082,09/03/2026 19:36:59,15.967
5083,09/03/2026 19:51:59,15.988
5084,09/03/2026 20:06:59,15.967
5085,09/03/2026 20:21:59,15.935
5086,09/03/2026 20:36:59,15.763
5087,09/03/2026 20:51:59,15.677
5088,09/03/2026 21:06:59,15.570
5089,09/03/2026 21:21:59,15.484
5090,09/03/2026 21:36:59,15.388
5091,09/03/2026 21:51:59,15.334
5092,09/03/2026 22:06:59,15.302
5093,09/03/2026 22:21:59,15.291
5094,09/03/2026 22:36:59,15.291
5095,09/03/2026 22:51:59,15.259
5096,09/03/2026 23:06:59,15.238
5097,09/03/2026 23:21:59,15.280
5098,09/03/2026 23:36:59,15.431
5099,09/03/2026 23:51:59,15.420
5100,09/04/2026 00:06:59,15.431
5101,09/04/2026 00:21:59,15.431
5102,09/04/2026 00:36:59,15.527
5103,09/04/2026 00:51:59,15.538
5104,09/04/2026 01:06:59,15.484
5105,09/04/2026 01:21:59,15.474
5106,09/04/2026 01:36:59,15.474
5107,09/04/2026 01:51:59,15.484
5108,09/04/2026 02:06:59,15.474
5109,09/04/2026 02:21:59,15.516
5110,09/04/2026 02:36:59,15.506
5111,09/04/2026 02:51:59,15.549
5112,09/04/2026 03:06:59,15.656
5113,09/04/2026 03:21:59,15.613
5114,09/04/2026 03:36:59,15.656
5115,09/04/2026 03:51:59,15.581
5116,09/04/2026 04:06:59,15.570
5117,09/04/2026 04:21:59,15.516
5118,09/04/2026 04:36:59,15.409
5119,09/04/2026 04:51:59,15.345
5120,09/04/2026 05:06:59,15.227
5121,09/04/2026 05:21:59,15.130
5122,09/04/2026 05:36:59,15.066
5123,09/04/2026 05:51:59,15.055
5124,09/04/2026 06:06:59,14.991
5125,09/04/2026 06:21:59,14.991
5126,09/04/2026 06:36:59,15.023
5127,09/04/2026 06:51:59,15.034
5128,09/04/2026 07:06:59,14.980
5129,09/04/2026 07:21:59,15.045
5130,09/04/2026 07:36:59,15.055
5131,09/04/2026 07:51:59,15.045
5132,09/04/2026 08:06:59,15.045
5133,09/04/2026 08:21:59,15.087
5134,09/04/2026 08:36:59,15.130
5135,09/04/2026 08:51:59,15.184
5136,09/04/2026 09:06:59,15.216
5137,09/04/2026 09:21:59,15.248
5138,09/04/2026 09:36:59,15.280
5139,09/04/2026 09:51:59,15.323
5140,09/04/2026 10:06:59,15.398
5141,09/04/2026 10:21:59,15.431
5142,09/04/2026 10:36:59,15.431
5143,09/04/2026 10:51:59,15.484
5144,09/04/2026 11:06:59,15.538
5145,09/04/2026 11:21:59,15.602
5146,09/04/2026 11:36:59,15.677
5147,09/04/2026 11:51:59,15.763
5148,09/04/2026 12:06:59,15.849
5149,09/04/2026 12:21:59,15.881
5150,09/04/2026 12:36:59,15.913
5151,09/04/2026 12:51:59,15.838
5152,09/04/2026 13:06:59,15.785
5153,09/04/2026 13:21:59,15.752
5154,09/04/2026 13:36:59,15.774
5155,09/04/2026 13:51:59,15.774
5156,09/04/2026 14:06:59,15.785
5157,09/04/2026 14:21:59,15.752
5158,09/04/2026 14:36:59,15.709
5159,09/04/2026 14:51:59,15.709
5160,09/04/2026 15:06:59,15.709
5161,09/04/2026 15:21:59,15.709
5162,09/04/2026 15:36:59,15.731
5163,09/04/2026 15:51:59,15.742
5164,09/04/2026 16:06:59,15.795
5165,09/04/2026 16:21:59,15.720
5166,09/04/2026 16:36:59,15.752
5167,09/04/2026 16:51:59,15.656
5168,09/04/2026 17:06:59,15.398
5169,09/04/2026 17:21:59,15.345
5170,09/04/2026 17:36:59,15.334
5171,09/04/2026 17:51:59,15.334
5172,09/04/2026 18:06:59,15.280
5173,09/04/2026 18:21:59,15.291
5174,09/04/2026 18:36:59,15.216
5175,09/04/2026 18:51:59,15.195
5176,09/04/2026 19:06:59,15.163
5177,09/04/2026 19:21:59,15.120
5178,09/04/2026 19:36:59,15.087
5179,09/04/2026 19:51:59,15.066
5180,09/04/2026 20:06:59,15.066
5181,09/04/2026 20:21:59,15.045
5182,09/04/2026 20:36:59,15.077
5183,09/04/2026 20:51:59,15.077
5184,09/04/2026 21:06:59,15.045
5185,09/04/2026 21:21:59,15.163
5186,09/04/2026 21:36:59,15.216
5187,09/04/2026 21:51:59,15.323
5188,09/04/2026 22:06:59,15.345
5189,09/04/2026 22:21:59,15.334
5190,09/04/2026 22:36:59,15.302
5191,09/04/2026 22:51:59,15.409
5192,09/04/2026 23:06:59,15.366
5193,09/04/2026 23:21:59,15.452
5194,09/04/2026 23:36:59,15.420
5195,09/04/2026 23:51:59,15.409
5196,09/05/2026 00:06:59,15.377
5197,09/05/2026 00:21:59,15.366
5198,09/05/2026 00:36:59,15.366
5199,09/05/2026 00:51:59,15.270
5200,09/05/2026 01:06:59,15.216
5201,09/05/2026 01:21:59,15.238
5202,09/05/2026 01:36:59,15.345
5203,09/05/2026 01:51:59,15.409
5204,09/05/2026 02:06:59,15.452
5205,09/05/2026 02:21:59,15.592
5206,09/05/2026 02:36:59,15.570
5207,09/05/2026 02:51:59,15.667
5208,09/05/2026 03:06:59,15.720
5209,09/05/2026 03:21:59,15.742
5210,09/05/2026 03:36:59,15.763
5211,09/05/2026 03:51:59,15.795
5212,09/05/2026 04:06:59,15.870
5213,09/05/2026 04:21:59,15.913
5214,09/05/2026 04:36:59,15.935
5215,09/05/2026 04:51:59,15.924
5216,09/05/2026 05:06:59,15.774
5217,09/05/2026 05:21:59,15.624
5218,09/05/2026 05:36:59,15.388
5219,09/05/2026 05:51:59,15.002
5220,09/05/2026 06:06:59,14.712
5221,09/05/2026 06:21:59,14.626
5222,09/05/2026 06:36:59,15.077
5223,09/05/2026 06:51:59,15.699
5224,09/05/2026 07:06:59,15.677
5225,09/05/2026 07:21:59,15.677
5226,09/05/2026 07:36:59,15.677
5227,09/05/2026 07:51:59,15.592
5228,09/05/2026 08:06:59,15.516
5229,09/05/2026 08:21:59,15.420
5230,09/05/2026 08:36:59,15.388
5231,09/05/2026 08:51:59,15.280
5232,09/05/2026 09:06:59,15.270
5233,09/05/2026 09:21:59,15.506
5234,09/05/2026 09:36:59,15.688
5235,09/05/2026 09:51:59,15.763
5236,09/05/2026 10:06:59,15.881
5237,09/05/2026 10:21:59,15.924
5238,09/05/2026 10:36:59,15.935
5239,09/05/2026 10:51:59,15.956
5240,09/05/2026 11:06:59,16.053
5241,09/05/2026 11:21:59,16.192
5242,09/05/2026 11:36:59,16.128
5243,09/05/2026 11:51:59,16.192
5244,09/05/2026 12:06:59,16.342
5245,09/05/2026 12:21:59,16.417
5246,09/05/2026 12:36:59,16.117
5247,09/05/2026 12:51:59,15.999
5248,09/05/2026 13:06:59,15.988
5249,09/05/2026 13:21:59,15.967
5250,09/05/2026 13:36:59,15.903
5251,09/05/2026 13:51:59,15.720
5252,09/05/2026 14:06:59,15.527
5253,09/05/2026 14:21:59,15.398
5254,09/05/2026 14:36:59,15.334
5255,09/05/2026 14:51:59,15.356
5256,09/05/2026 15:06:59,15.323
5257,09/05/2026 15:21:59,15.356
5258,09/05/2026 15:36:59,15.345
5259,09/05/2026 15:51:59,15.302
5260,09/05/2026 16:06:59,15.259
5261,09/05/2026 16:21:59,15.163
5262,09/05/2026 16:36:59,15.163
5263,09/05/2026 16:51:59,15.195
5264,09/05/2026 17:06:59,15.270
5265,09/05/2026 17:21:59,15.323
5266,09/05/2026 17:36:59,15.120
5267,09/05/2026 17:51:59,15.130
5268,09/05/2026 18:06:59,15.109
5269,09/05/2026 18:21:59,15.098
5270,09/05/2026 18:36:59,15.077
5271,09/05/2026 18:51:59,15.087
5272,09/05/2026 19:06:59,15.066
5273,09/05/2026 19:21:59,15.034
5274,09/05/2026 19:36:59,15.023
5275,09/05/2026 19:51:59,15.034
5276,09/05/2026 20:06:59,15.045
5277,09/05/2026 20:21:59,15.077
5278,09/05/2026 20:36:59,15.120
5279,09/05/2026 20:51:59,15.163
5280,09/05/2026 21:06:59,15.184
5281,09/05/2026 21:21:59,15.195
5282,09/05/2026 21:36:59,15.184
5283,09/05/2026 21:51:59,15.098
5284,09/05/2026 22:06:59,15.055
5285,09/05/2026 22:21:59,15.045
5286,09/05/2026 22:36:59,15.002
5287,09/05/2026 22:51:59,14.980
5288,09/05/2026 23:06:59,14.980
5289,09/05/2026 23:21:59,14.991
5290,09/05/2026 23:36:59,14.959
5291,09/05/2026 23:51:59,14.959
5292,09/06/2026 00:06:59,14.948
5293,09/06/2026 00:21:59,14.937
5294,09/06/2026 00:36:59,14.959
5295,09/06/2026 00:51:59,14.969
5296,09/06/2026 01:06:59,14.927
5297,09/06/2026 01:21:59,14.894
5298,09/06/2026 01:36:59,14.884
5299,09/06/2026 01:51:59,14.884
5300,09/06/2026 02:06:59,14.905
5301,09/06/2026 02:21:59,14.916
5302,09/06/2026 02:36:59,14.927
5303,09/06/2026 02:51:59,14.927
5304,09/06/2026 03:06:59,14.937
5305,09/06/2026 03:21:59,14.991
5306,09/06/2026 03:36:59,15.077
5307,09/06/2026 03:51:59,15.098
5308,09/06/2026 04:06:59,15.280
5309,09/06/2026 04:21:59,15.334
5310,09/06/2026 04:36:59,15.463
5311,09/06/2026 04:51:59,15.592
5312,09/06/2026 05:06:59,15.774
5313,09/06/2026 05:21:59,15.677
5314,09/06/2026 05:36:59,15.667
5315,09/06/2026 05:51:59,15.709
5316,09/06/2026 06:06:59,15.709
5317,09/06/2026 06:21:59,15.602
5318,09/06/2026 06:36:59,15.377
5319,09/06/2026 06:51:59,14.476
5320,09/06/2026 07:06:59,13.607
5321,09/06/2026 07:21:59,13.307
5322,09/06/2026 07:36:59,14.476
5323,09/06/2026 07:51:59,15.077
5324,09/06/2026 08:06:59,15.709
5325,09/06/2026 08:21:59,15.967
5326,09/06/2026 08:36:59,16.010
5327,09/06/2026 08:51:59,16.096
5328,09/06/2026 09:06:59,15.978
5329,09/06/2026 09:21:59,15.827
5330,09/06/2026 09:36:59,15.709
5331,09/06/2026 09:51:59,15.656
5332,09/06/2026 10:06:59,15.409
5333,09/06/2026 10:21:59,15.452
5334,09/06/2026 10:36:59,15.538
5335,09/06/2026 10:51:59,15.742
5336,09/06/2026 11:06:59,15.709
5337,09/06/2026 11:21:59,15.688
5338,09/06/2026 11:36:59,15.613
5339,09/06/2026 11:51:59,15.506
5340,09/06/2026 12:06:59,15.452
5341,09/06/2026 12:21:59,15.431
5342,09/06/2026 12:36:59,15.431
5343,09/06/2026 12:51:59,15.420
5344,09/06/2026 13:06:59,15.452
5345,09/06/2026 13:21:59,15.452
5346,09/06/2026 13:36:59,15.484
5347,09/06/2026 13:51:59,15.506
5348,09/06/2026 14:06:59,15.474
5349,09/06/2026 14:21:59,15.506
5350,09/06/2026 14:36:59,15.538
5351,09/06/2026 14:51:59,15.559
5352,09/06/2026 15:06:59,15.592
5353,09/06/2026 15:21:59,15.656
5354,09/06/2026 15:36:59,15.677
5355,09/06/2026 15:51:59,15.677
5356,09/06/2026 16:06:59,15.709
5357,09/06/2026 16:21:59,15.720
5358,09/06/2026 16:36:59,15.742
5359,09/06/2026 16:51:59,15.785
5360,09/06/2026 17:06:59,15.709
5361,09/06/2026 17:21:59,15.742
5362,09/06/2026 17:36:59,15.742
5363,09/06/2026 17:51:59,15.677
5364,09/06/2026 18:06:59,15.634
5365,09/06/2026 18:21:59,15.634
5366,09/06/2026 18:36:59,15.999
5367,09/06/2026 18:51:59,15.774
5368,09/06/2026 19:06:59,15.731
5369,09/06/2026 19:21:59,15.709
5370,09/06/2026 19:36:59,15.742
5371,09/06/2026 19:51:59,15.827
5372,09/06/2026 20:06:59,15.795
5373,09/06/2026 20:21:59,15.709
5374,09/06/2026 20:36:59,15.538
5375,09/06/2026 20:51:59,15.452
5376,09/06/2026 21:06:59,15.409
5377,09/06/2026 21:21:59,15.431
5378,09/06/2026 21:36:59,15.538
5379,09/06/2026 21:51:59,15.538
5380,09/06/2026 22:06:59,15.527
5381,09/06/2026 22:21:59,15.474
5382,09/06/2026 22:36:59,15.366
5383,09/06/2026 22:51:59,15.248
5384,09/06/2026 23:06:59,15.216
5385,09/06/2026 23:21:59,15.120
5386,09/06/2026 23:36:59,14.991
5387,09/06/2026 23:51:59,14.916
5388,09/07/2026 00:06:59,14.862
5389,09/07/2026 00:21:59,14.819
5390,09/07/2026 00:36:59,14.798
5391,09/07/2026 00:51:59,14.787
5392,09/07/2026 01:06:59,14.851
5393,09/07/2026 01:21:59,14.937
5394,09/07/2026 01:36:59,15.045
5395,09/07/2026 01:51:59,15.109
5396,09/07/2026 02:06:59,14.937
5397,09/07/2026 02:21:59,14.862
5398,09/07/2026 02:36:59,14.819
5399,09/07/2026 02:51:59,14.809
5400,09/07/2026 03:06:59,14.819
5401,09/07/2026 03:21:59,14.787
5402,09/07/2026 03:36:59,14.766
5403,09/07/2026 03:51:59,14.787
5404,09/07/2026 04:06:59,14.787
5405,09/07/2026 04:21:59,14.787
5406,09/07/2026 04:36:59,14.819
5407,09/07/2026 04:51:59,14.862
5408,09/07/2026 05:06:59,14.905
5409,09/07/2026 05:21:59,15.023
5410,09/07/2026 05:36:59,15.227
5411,09/07/2026 05:51:59,15.431
5412,09/07/2026 06:06:59,15.549
5413,09/07/2026 06:21:59,15.742
5414,09/07/2026 06:36:59,15.795
5415,09/07/2026 06:51:59,15.677
5416,09/07/2026 07:06:59,15.709
5417,09/07/2026 07:21:59,15.667
5418,09/07/2026 07:36:59,15.441
5419,09/07/2026 07:51:59,15.045
5420,09/07/2026 08:06:59,14.937
5421,09/07/2026 08:21:59,14.851
5422,09/07/2026 08:36:59,14.776
5423,09/07/2026 08:51:59,14.969
5424,09/07/2026 09:06:59,14.905
5425,09/07/2026 09:21:59,15.366
5426,09/07/2026 09:36:59,15.795
5427,09/07/2026 09:51:59,15.870
5428,09/07/2026 10:06:59,15.913
5429,09/07/2026 10:21:59,15.935
5430,09/07/2026 10:36:59,15.795
5431,09/07/2026 10:51:59,15.817
5432,09/07/2026 11:06:59,15.913
5433,09/07/2026 11:21:59,15.924
5434,09/07/2026 11:36:59,15.935
5435,09/07/2026 11:51:59,15.935
5436,09/07/2026 12:06:59,16.010
5437,09/07/2026 12:21:59,16.128
5438,09/07/2026 12:36:59,16.214
5439,09/07/2026 12:51:59,16.224
5440,09/07/2026 13:06:59,16.256
5441,09/07/2026 13:21:59,16.171
5442,09/07/2026 13:36:59,16.117
5443,09/07/2026 13:51:59,15.774
5444,09/07/2026 14:06:59,15.677
5445,09/07/2026 14:21:59,15.677
5446,09/07/2026 14:36:59,15.656
5447,09/07/2026 14:51:59,15.538
5448,09/07/2026 15:06:59,15.592
5449,09/07/2026 15:21:59,15.709
5450,09/07/2026 15:36:59,15.785
5451,09/07/2026 15:51:59,15.892
5452,09/07/2026 16:06:59,15.624
5453,09/07/2026 16:21:59,15.527
5454,09/07/2026 16:36:59,15.420
5455,09/07/2026 16:51:59,15.334
5456,09/07/2026 17:06:59,15.259
5457,09/07/2026 17:21:59,15.248
5458,09/07/2026 17:36:59,15.291
5459,09/07/2026 17:51:59,15.216
5460,09/07/2026 18:06:59,15.163
5461,09/07/2026 18:21:59,14.905
5462,09/07/2026 18:36:59,14.809
5463,09/07/2026 18:51:59,14.787
5464,09/07/2026 19:06:59,14.819
5465,09/07/2026 19:21:59,14.841
5466,09/07/2026 19:36:59,14.937
5467,09/07/2026 19:51:59,15.023
5468,09/07/2026 20:06:59,15.066
5469,09/07/2026 20:21:59,15.077
5470,09/07/2026 20:36:59,15.066
5471,09/07/2026 20:51:59,15.087
5472,09/07/2026 21:06:59,15.098
5473,09/07/2026 21:21:59,15.002
5474,09/07/2026 21:36:59,14.937
5475,09/07/2026 21:51:59,14.905
5476,09/07/2026 22:06:59,14.873
5477,09/07/2026 22:21:59,14.851
5478,09/07/2026 22:36:59,14.830
5479,09/07/2026 22:51:59,14.851
5480,09/07/2026 23:06:59,14.851
5481,09/07/2026 23:21:59,14.851
5482,09/07/2026 23:36:59,14.841
5483,09/07/2026 23:51:59,14.819
5484,09/08/2026 00:06:59,14.787
5485,09/08/2026 00:21:59,14.787
5486,09/08/2026 00:36:59,14.755
5487,09/08/2026 00:51:59,14.766
5488,09/08/2026 01:06:59,14.959
5489,09/08/2026 01:21:59,14.937
5490,09/08/2026 01:36:59,14.991
5491,09/08/2026 01:51:59,15.055
5492,09/08/2026 02:06:59,15.098
5493,09/08/2026 02:21:59,15.120
5494,09/08/2026 02:36:59,15.141
5495,09/08/2026 02:51:59,15.195
5496,09/08/2026 03:06:59,15.302
5497,09/08/2026 03:21:59,15.227
5498,09/08/2026 03:36:59,15.216
5499,09/08/2026 03:51:59,15.216
5500,09/08/2026 04:06:59,15.195
5501,09/08/2026 04:21:59,15.195
5502,09/08/2026 04:36:59,15.280
5503,09/08/2026 04:51:59,15.302
5504,09/08/2026 05:06:59,15.302
5505,09/08/2026 05:21:59,15.291
5506,09/08/2026 05:36:59,15.270
5507,09/08/2026 05:51:59,15.216
5508,09/08/2026 06:06:59,15.152
5509,09/08/2026 06:21:59,15.141
5510,09/08/2026 06:36:59,15.130
5511,09/08/2026 06:51:59,15.120
5512,09/08/2026 07:06:59,15.152
5513,09/08/2026 07:21:59,15.163
5514,09/08/2026 07:36:59,15.077
5515,09/08/2026 07:51:59,15.077
5516,09/08/2026 08:06:59,15.055
5517,09/08/2026 08:21:59,15.087
5518,09/08/2026 08:36:59,15.227
5519,09/08/2026 08:51:59,15.581
5520,09/08/2026 09:06:59,16.171
5521,09/08/2026 09:21:59,16.889
5522,09/08/2026 09:36:59,17.661