row_id,col_id,well_id,value,plate_id,time_hr,is_blank,exclude_from_analysis,exclude_reason,fieldrep_id,treatment_group,sample_id_group,area_mm2_measurement,sample_key,value_t0,fold_change,trace_id,mean_blank_rfu,mean_blank_fc,corrected_fc,metabolism_per_area_mm2_measurement
A,3,A3,642,apc-cc1-26,0,FALSE,FALSE,NA,A,cc,cca3,57.513,cca3,642,1,cca3,157.5,0.9540937056318031,0.04590629436819693,7.981898765182991e-4
A,5,A5,1104,apc-cc1-26,0,FALSE,FALSE,NA,A,cc,cca1,51.399,cca1,1104,1,cca1,157.5,0.9540937056318031,0.04590629436819693,8.931359436603228e-4
B,3,B3,697,apc-cc1-26,0,FALSE,FALSE,NA,A,cc,cca6,102.812,cca6,697,1,cca6,157.5,0.9540937056318031,0.04590629436819693,4.465071622786925e-4
B,5,B5,1391,apc-cc1-26,0,FALSE,FALSE,NA,A,cc,cca5,107.249,cca5,1391,1,cca5,157.5,0.9540937056318031,0.04590629436819693,4.2803470771939073e-4
C,2,C2,723,apc-cc1-26,0,FALSE,FALSE,NA,B,cc,ccb12,69.315,ccb12,723,1,ccb12,157.5,0.9540937056318031,0.04590629436819693,6.622851384000134e-4
C,3,C3,520,apc-cc1-26,0,FALSE,FALSE,NA,B,cc,ccb11,37.353,ccb11,520,1,ccb11,157.5,0.9540937056318031,0.04590629436819693,0.001228985472872244
C,4,C4,389,apc-cc1-26,0,FALSE,FALSE,NA,A,cc,cca9,20.508,cca9,389,1,cca9,157.5,0.9540937056318031,0.04590629436819693,0.002238457888053293
C,5,C5,314,apc-cc1-26,0,FALSE,FALSE,NA,A,cc,cca10,67.355,cca10,314,1,cca10,157.5,0.9540937056318031,0.04590629436819693,6.815573360284601e-4
D,2,D2,355,apc-cc1-26,0,FALSE,FALSE,NA,B,cc,ccb16,28.66,ccb16,355,1,ccb16,157.5,0.9540937056318031,0.04590629436819693,0.001601754862812175
D,3,D3,734,apc-cc1-26,0,FALSE,FALSE,NA,B,cc,ccb15,66.839,ccb15,734,1,ccb15,157.5,0.9540937056318031,0.04590629436819693,6.868189884378422e-4
D,4,D4,619,apc-cc1-26,0,FALSE,FALSE,NA,B,cc,ccb14,67.6,ccb14,619,1,ccb14,157.5,0.9540937056318031,0.04590629436819693,6.790871947958126e-4
D,5,D5,275,apc-cc1-26,0,FALSE,FALSE,NA,B,cc,ccb13,54.482,ccb13,275,1,ccb13,157.5,0.9540937056318031,0.04590629436819693,8.425956163172595e-4
A,3,A3,762,apc-cc1-26,1,FALSE,FALSE,NA,A,cc,cca3,57.513,cca3,642,1.1869158878504673,cca3,158.75,0.9616658778987222,0.22525000995174516,0.003916506006498447
A,5,A5,1229,apc-cc1-26,1,FALSE,FALSE,NA,A,cc,cca1,51.399,cca1,1104,1.1132246376811594,cca1,158.75,0.9616658778987222,0.15155875978243727,0.002948671370696653
B,3,B3,777,apc-cc1-26,1,FALSE,FALSE,NA,A,cc,cca6,102.812,cca6,697,1.114777618364419,cca6,158.75,0.9616658778987222,0.15311174046569676,0.001489239976517301
B,5,B5,1514,apc-cc1-26,1,FALSE,FALSE,NA,A,cc,cca5,107.249,cca5,1391,1.0884255930984903,cca5,158.75,0.9616658778987222,0.12675971519976814,0.0011819197866625158
C,2,C2,779,apc-cc1-26,1,FALSE,FALSE,NA,B,cc,ccb12,69.315,ccb12,723,1.0774550484094052,ccb12,158.75,0.9616658778987222,0.11578917051068305,0.00167047782602154
C,3,C3,550,apc-cc1-26,1,FALSE,FALSE,NA,B,cc,ccb11,37.353,ccb11,520,1.0576923076923077,ccb11,158.75,0.9616658778987222,0.09602642979358555,0.002570782260958572
C,4,C4,428,apc-cc1-26,1,FALSE,FALSE,NA,A,cc,cca9,20.508,cca9,389,1.1002570694087404,cca9,158.75,0.9616658778987222,0.1385911915100182,0.006757908694656632
C,5,C5,336,apc-cc1-26,1,FALSE,FALSE,NA,A,cc,cca10,67.355,cca10,314,1.070063694267516,cca10,158.75,0.9616658778987222,0.10839781636879375,0.0016093506995589599
D,2,D2,381,apc-cc1-26,1,FALSE,FALSE,NA,B,cc,ccb16,28.66,ccb16,355,1.0732394366197182,ccb16,158.75,0.9616658778987222,0.11157355872099606,0.003893006235903561
D,3,D3,860,apc-cc1-26,1,FALSE,FALSE,NA,B,cc,ccb15,66.839,ccb15,734,1.1716621253405994,ccb15,158.75,0.9616658778987222,0.20999624744187728,0.0031418221014957925
D,4,D4,677,apc-cc1-26,1,FALSE,FALSE,NA,B,cc,ccb14,67.6,ccb14,619,1.0936995153473343,ccb14,158.75,0.9616658778987222,0.13203363744861218,0.0019531603172871625
D,5,D5,298,apc-cc1-26,1,FALSE,FALSE,NA,B,cc,ccb13,54.482,ccb13,275,1.0836363636363637,ccb13,158.75,0.9616658778987222,0.12197048573764158,0.0022387299610447777
A,3,A3,898,apc-cc1-26,2,FALSE,FALSE,NA,A,cc,cca3,57.513,cca3,642,1.398753894080997,cca3,161.625,0.979081874112636,0.4196720199683609,0.007296994070355588
A,5,A5,1315,apc-cc1-26,2,FALSE,FALSE,NA,A,cc,cca1,51.399,cca1,1104,1.1911231884057971,cca1,161.625,0.979081874112636,0.2120413142931611,0.004125397659354484
B,3,B3,916,apc-cc1-26,2,FALSE,FALSE,NA,A,cc,cca6,102.812,cca6,697,1.3142037302725968,cca6,161.625,0.979081874112636,0.3351218561599608,0.003259559741664016
B,5,B5,1724,apc-cc1-26,2,FALSE,FALSE,NA,A,cc,cca5,107.249,cca5,1391,1.2393961179007909,cca5,161.625,0.979081874112636,0.2603142437881548,0.002427195067442632
C,2,C2,914,apc-cc1-26,2,FALSE,FALSE,NA,B,cc,ccb12,69.315,ccb12,723,1.26417704011065,ccb12,161.625,0.979081874112636,0.285095165998014,0.004113037091509976
C,3,C3,673,apc-cc1-26,2,FALSE,FALSE,NA,B,cc,ccb11,37.353,ccb11,520,1.2942307692307693,ccb11,161.625,0.979081874112636,0.31514889511813327,0.008437043747975617
C,4,C4,490,apc-cc1-26,2,FALSE,FALSE,NA,A,cc,cca9,20.508,cca9,389,1.2596401028277635,cca9,161.625,0.979081874112636,0.2805582287151275,0.01368042855057185
C,5,C5,402,apc-cc1-26,2,FALSE,FALSE,NA,A,cc,cca10,67.355,cca10,314,1.2802547770700636,cca10,161.625,0.979081874112636,0.3011729029574276,0.0044714260701867355
D,2,D2,427,apc-cc1-26,2,FALSE,FALSE,NA,B,cc,ccb16,28.66,ccb16,355,1.2028169014084507,ccb16,161.625,0.979081874112636,0.22373502729581463,0.007806525725604139
D,3,D3,1012,apc-cc1-26,2,FALSE,FALSE,NA,B,cc,ccb15,66.839,ccb15,734,1.3787465940054495,ccb15,161.625,0.979081874112636,0.3996647198928135,0.0059795137553346625
D,4,D4,833,apc-cc1-26,2,FALSE,FALSE,NA,B,cc,ccb14,67.6,ccb14,619,1.345718901453958,ccb14,161.625,0.979081874112636,0.36663702734132186,0.005423624664812454
D,5,D5,342,apc-cc1-26,2,FALSE,FALSE,NA,B,cc,ccb13,54.482,ccb13,275,1.2436363636363637,ccb13,161.625,0.979081874112636,0.2645544895237276,0.00485581457222069
A,3,A3,1071,apc-cc1-26,3,FALSE,FALSE,NA,A,cc,cca3,57.513,cca3,642,1.6682242990654206,cca3,163.875,0.9927117841930904,0.6755125148723302,0.011745388257825713
A,5,A5,1482,apc-cc1-26,3,FALSE,FALSE,NA,A,cc,cca1,51.399,cca1,1104,1.3423913043478262,cca1,163.875,0.9927117841930904,0.3496795201547358,0.006803235863630339
B,3,B3,1039,apc-cc1-26,3,FALSE,FALSE,NA,A,cc,cca6,102.812,cca6,697,1.490674318507891,cca6,163.875,0.9927117841930904,0.49796253431480064,0.004843428143745872
B,5,B5,1904,apc-cc1-26,3,FALSE,FALSE,NA,A,cc,cca5,107.249,cca5,1391,1.3687994248741913,cca5,163.875,0.9927117841930904,0.3760876406811009,0.0035066773646476976
C,2,C2,1105,apc-cc1-26,3,FALSE,FALSE,NA,B,cc,ccb12,69.315,ccb12,723,1.5283540802213,ccb12,163.875,0.9927117841930904,0.5356422960282097,0.007727653408760148
C,3,C3,764,apc-cc1-26,3,FALSE,FALSE,NA,B,cc,ccb11,37.353,ccb11,520,1.4692307692307693,ccb11,163.875,0.9927117841930904,0.476518985037679,0.012757181084188123
C,4,C4,558,apc-cc1-26,3,FALSE,FALSE,NA,A,cc,cca9,20.508,cca9,389,1.4344473007712082,cca9,163.875,0.9927117841930904,0.4417355165781178,0.021539668255223222
C,5,C5,450,apc-cc1-26,3,FALSE,FALSE,NA,A,cc,cca10,67.355,cca10,314,1.4331210191082802,cca10,163.875,0.9927117841930904,0.4404092349151898,0.006538627197909432
D,2,D2,490,apc-cc1-26,3,FALSE,FALSE,NA,B,cc,ccb16,28.66,ccb16,355,1.380281690140845,ccb16,163.875,0.9927117841930904,0.38756990594775464,0.0135230253296495
D,3,D3,1128,apc-cc1-26,3,FALSE,FALSE,NA,B,cc,ccb15,66.839,ccb15,734,1.5367847411444142,ccb15,163.875,0.9927117841930904,0.5440729569513238,0.008140052319025178
D,4,D4,962,apc-cc1-26,3,FALSE,FALSE,NA,B,cc,ccb14,67.6,ccb14,619,1.554119547657512,ccb14,163.875,0.9927117841930904,0.5614077634644217,0.0083048485719589
D,5,D5,394,apc-cc1-26,3,FALSE,FALSE,NA,B,cc,ccb13,54.482,ccb13,275,1.4327272727272726,ccb13,163.875,0.9927117841930904,0.44001548853418226,0.008076346105763046
A,3,A3,1171,apc-cc1-26,4,FALSE,FALSE,NA,A,cc,cca3,57.513,cca3,642,1.82398753894081,cca3,164.625,0.9972550875532419,0.8267324513875681,0.014374705742833241
A,5,A5,1641,apc-cc1-26,4,FALSE,FALSE,NA,A,cc,cca1,51.399,cca1,1104,1.486413043478261,cca1,164.625,0.9972550875532419,0.4891579559250191,0.009516876902761125
B,3,B3,1173,apc-cc1-26,4,FALSE,FALSE,NA,A,cc,cca6,102.812,cca6,697,1.6829268292682926,cca6,164.625,0.9972550875532419,0.6856717417150507,0.006669180073484134
B,5,B5,2103,apc-cc1-26,4,FALSE,FALSE,NA,A,cc,cca5,107.249,cca5,1391,1.511861969805895,cca5,164.625,0.9972550875532419,0.5146068822526532,0.004798244107195901
C,2,C2,1123,apc-cc1-26,4,FALSE,FALSE,NA,B,cc,ccb12,69.315,ccb12,723,1.5532503457814661,ccb12,164.625,0.9972550875532419,0.5559952582282243,0.008021283390726745
C,3,C3,822,apc-cc1-26,4,FALSE,FALSE,NA,B,cc,ccb11,37.353,ccb11,520,1.5807692307692307,ccb11,164.625,0.9972550875532419,0.5835141432159888,0.015621613878831387
C,4,C4,613,apc-cc1-26,4,FALSE,FALSE,NA,A,cc,cca9,20.508,cca9,389,1.575835475578406,cca9,164.625,0.9972550875532419,0.5785803880251642,0.028212423835828174
C,5,C5,490,apc-cc1-26,4,FALSE,FALSE,NA,A,cc,cca10,67.355,cca10,314,1.5605095541401275,cca10,164.625,0.9972550875532419,0.5632544665868856,0.00836247445010594
D,2,D2,528,apc-cc1-26,4,FALSE,FALSE,NA,B,cc,ccb16,28.66,ccb16,355,1.4873239436619718,ccb16,164.625,0.9972550875532419,0.49006885610872997,0.017099401818169224
D,3,D3,1284,apc-cc1-26,4,FALSE,FALSE,NA,B,cc,ccb15,66.839,ccb15,734,1.7493188010899183,ccb15,164.625,0.9972550875532419,0.7520637135366764,0.011251869620082235
D,4,D4,1061,apc-cc1-26,4,FALSE,FALSE,NA,B,cc,ccb14,67.6,ccb14,619,1.7140549273021002,ccb14,164.625,0.9972550875532419,0.7167998397488583,0.01060354792527897
D,5,D5,434,apc-cc1-26,4,FALSE,FALSE,NA,B,cc,ccb13,54.482,ccb13,275,1.5781818181818181,ccb13,164.625,0.9972550875532419,0.5809267306285762,0.010662727701416547
A,3,A3,1271,apc-cc1-26,5,FALSE,FALSE,NA,A,cc,cca3,57.513,cca3,642,1.9797507788161994,cca3,166.75,1.0101277804070043,0.9696229984091951,0.01685919702344157
A,5,A5,1787,apc-cc1-26,5,FALSE,FALSE,NA,A,cc,cca1,51.399,cca1,1104,1.618659420289855,cca1,166.75,1.0101277804070043,0.6085316398828506,0.011839367300586599
B,3,B3,1302,apc-cc1-26,5,FALSE,FALSE,NA,A,cc,cca6,102.812,cca6,697,1.8680057388809181,cca6,166.75,1.0101277804070043,0.8578779584739138,0.008344142303173888
B,5,B5,2288,apc-cc1-26,5,FALSE,FALSE,NA,A,cc,cca5,107.249,cca5,1391,1.644859813084112,cca5,166.75,1.0101277804070043,0.6347320326771078,0.0059183025732371195
C,2,C2,1246,apc-cc1-26,5,FALSE,FALSE,NA,B,cc,ccb12,69.315,ccb12,723,1.723374827109267,ccb12,166.75,1.0101277804070043,0.7132470467022627,0.010289937916789478
C,3,C3,906,apc-cc1-26,5,FALSE,FALSE,NA,B,cc,ccb11,37.353,ccb11,520,1.7423076923076923,ccb11,166.75,1.0101277804070043,0.732179911900688,0.019601636064056113
C,4,C4,681,apc-cc1-26,5,FALSE,FALSE,NA,A,cc,cca9,20.508,cca9,389,1.750642673521851,cca9,166.75,1.0101277804070043,0.7405148931148466,0.036108586557189716
C,5,C5,559,apc-cc1-26,5,FALSE,FALSE,NA,A,cc,cca10,67.355,cca10,314,1.7802547770700636,cca10,166.75,1.0101277804070043,0.7701269966630593,0.011433850444110449
D,2,D2,587,apc-cc1-26,5,FALSE,FALSE,NA,B,cc,ccb16,28.66,ccb16,355,1.6535211267605634,ccb16,166.75,1.0101277804070043,0.643393346353559,0.02244917468086389
D,3,D3,1404,apc-cc1-26,5,FALSE,FALSE,NA,B,cc,ccb15,66.839,ccb15,734,1.9128065395095368,ccb15,166.75,1.0101277804070043,0.9026787591025325,0.01350527026290837
D,4,D4,1195,apc-cc1-26,5,FALSE,FALSE,NA,B,cc,ccb14,67.6,ccb14,619,1.9305331179321485,ccb14,166.75,1.0101277804070043,0.9204053375251442,0.013615463572857164
D,5,D5,493,apc-cc1-26,5,FALSE,FALSE,NA,B,cc,ccb13,54.482,ccb13,275,1.7927272727272727,ccb13,166.75,1.0101277804070043,0.7825994923202684,0.014364367907203635
A,3,A3,1415,apc-cc1-26,6,FALSE,FALSE,NA,A,cc,cca3,57.513,cca3,642,2.20404984423676,cca3,168.625,1.021486038807383,1.182563805429377,0.02056167832367251
A,5,A5,2005,apc-cc1-26,6,FALSE,FALSE,NA,A,cc,cca1,51.399,cca1,1104,1.8161231884057971,cca1,168.625,1.021486038807383,0.7946371495984141,0.015460167505173527
B,3,B3,1459,apc-cc1-26,6,FALSE,FALSE,NA,A,cc,cca6,102.812,cca6,697,2.0932568149210904,cca6,168.625,1.021486038807383,1.0717707761137074,0.01042456888411574
B,5,B5,2529,apc-cc1-26,6,FALSE,FALSE,NA,A,cc,cca5,107.249,cca5,1391,1.818116462976276,cca5,168.625,1.021486038807383,0.7966304241688931,0.0074278587601645995
C,2,C2,1507,apc-cc1-26,6,FALSE,FALSE,NA,B,cc,ccb12,69.315,ccb12,723,2.0843706777316737,ccb12,168.625,1.021486038807383,1.0628846389242907,0.01533412160317811
C,3,C3,1045,apc-cc1-26,6,FALSE,FALSE,NA,B,cc,ccb11,37.353,ccb11,520,2.0096153846153846,ccb11,168.625,1.021486038807383,0.9881293458080016,0.026453814842395566
C,4,C4,860,apc-cc1-26,6,FALSE,FALSE,NA,A,cc,cca9,20.508,cca9,389,2.210796915167095,cca9,168.625,1.021486038807383,1.1893108763597122,0.05799253346790093
C,5,C5,634,apc-cc1-26,6,FALSE,FALSE,NA,A,cc,cca10,67.355,cca10,314,2.0191082802547773,cca10,168.625,1.021486038807383,0.9976222414473943,0.014811405856245182
D,2,D2,669,apc-cc1-26,6,FALSE,FALSE,NA,B,cc,ccb16,28.66,ccb16,355,1.884507042253521,ccb16,168.625,1.021486038807383,0.8630210034461381,0.030112386721777323
D,3,D3,1593,apc-cc1-26,6,FALSE,FALSE,NA,B,cc,ccb15,66.839,ccb15,734,2.170299727520436,ccb15,168.625,1.021486038807383,1.148813688713053,0.017187774932495292
D,4,D4,2356,apc-cc1-26,6,FALSE,FALSE,NA,B,cc,ccb14,67.6,ccb14,619,3.8061389337641356,ccb14,168.625,1.021486038807383,2.7846528949567526,0.04119309016208214
D,5,D5,524,apc-cc1-26,6,FALSE,FALSE,NA,B,cc,ccb13,54.482,ccb13,275,1.9054545454545455,ccb13,168.625,1.021486038807383,0.8839685066471625,0.016224964330368977
A,3,A3,1547,apc-cc1-26,7,FALSE,FALSE,NA,A,cc,cca3,57.513,cca3,642,2.4096573208722742,cca3,169.75,1.02830099384761,1.3813563270246643,0.02401815810381417
A,5,A5,2146,apc-cc1-26,7,FALSE,FALSE,NA,A,cc,cca1,51.399,cca1,1104,1.943840579710145,cca1,169.75,1.02830099384761,0.915539585862535,0.01781240074442178
B,3,B3,1565,apc-cc1-26,7,FALSE,FALSE,NA,A,cc,cca6,102.812,cca6,697,2.2453371592539453,cca6,169.75,1.02830099384761,1.2170361654063353,0.01183749139600762
B,5,B5,2776,apc-cc1-26,7,FALSE,FALSE,NA,A,cc,cca5,107.249,cca5,1391,1.9956865564342199,cca5,169.75,1.02830099384761,0.9673855625866099,0.00901999610799737
C,2,C2,1621,apc-cc1-26,7,FALSE,FALSE,NA,B,cc,ccb12,69.315,ccb12,723,2.2420470262793915,ccb12,169.75,1.02830099384761,1.2137460324317815,0.01751058259297095
C,3,C3,1074,apc-cc1-26,7,FALSE,FALSE,NA,B,cc,ccb11,37.353,ccb11,520,2.0653846153846156,ccb11,169.75,1.02830099384761,1.0370836215370056,0.027764399687762845
C,4,C4,919,apc-cc1-26,7,FALSE,FALSE,NA,A,cc,cca9,20.508,cca9,389,2.3624678663239074,cca9,169.75,1.02830099384761,1.3341668724762974,0.06505592317516566
C,5,C5,684,apc-cc1-26,7,FALSE,FALSE,NA,A,cc,cca10,67.355,cca10,314,2.178343949044586,cca10,169.75,1.02830099384761,1.150042955196976,0.017074351647197325
D,2,D2,689,apc-cc1-26,7,FALSE,FALSE,NA,B,cc,ccb16,28.66,ccb16,355,1.9408450704225353,ccb16,169.75,1.02830099384761,0.9125440765749253,0.031840337633458664
D,3,D3,1737,apc-cc1-26,7,FALSE,FALSE,NA,B,cc,ccb15,66.839,ccb15,734,2.3664850136239783,ccb15,169.75,1.02830099384761,1.3381840197763684,0.02002100599614549
D,4,D4,2545,apc-cc1-26,7,FALSE,FALSE,NA,B,cc,ccb14,67.6,ccb14,619,4.111470113085622,ccb14,169.75,1.02830099384761,3.083169119238012,0.04560901063961557
D,5,D5,583,apc-cc1-26,7,FALSE,FALSE,NA,B,cc,ccb13,54.482,ccb13,275,2.12,ccb13,169.75,1.02830099384761,1.0916990061523901,0.020037792411298962
A,3,A3,1675,apc-cc1-26,8,FALSE,FALSE,NA,A,cc,cca3,57.513,cca3,642,2.6090342679127727,cca3,170.875,1.0351159488878372,1.5739183190249355,0.0273663053400959
A,5,A5,2302,apc-cc1-26,8,FALSE,FALSE,NA,A,cc,cca1,51.399,cca1,1104,2.085144927536232,cca1,170.875,1.0351159488878372,1.0500289786483947,0.02042897680204663
B,3,B3,1699,apc-cc1-26,8,FALSE,FALSE,NA,A,cc,cca6,102.812,cca6,697,2.437589670014347,cca6,170.875,1.0351159488878372,1.40247372112651,0.01364114812596302
B,5,B5,3022,apc-cc1-26,8,FALSE,FALSE,NA,A,cc,cca5,107.249,cca5,1391,2.1725377426312007,cca5,170.875,1.0351159488878372,1.1374217937433635,0.01060543029532549
C,2,C2,1766,apc-cc1-26,8,FALSE,FALSE,NA,B,cc,ccb12,69.315,ccb12,723,2.442600276625173,ccb12,170.875,1.0351159488878372,1.407484327737336,0.020305624002558406
C,3,C3,1155,apc-cc1-26,8,FALSE,FALSE,NA,B,cc,ccb11,37.353,ccb11,520,2.2211538461538463,ccb11,170.875,1.0351159488878372,1.186037897266009,0.03175214567145902
C,4,C4,1048,apc-cc1-26,8,FALSE,FALSE,NA,A,cc,cca9,20.508,cca9,389,2.6940874035989717,cca9,170.875,1.0351159488878372,1.6589714547111345,0.08089386847625973
C,5,C5,747,apc-cc1-26,8,FALSE,FALSE,NA,A,cc,cca10,67.355,cca10,314,2.378980891719745,cca10,170.875,1.0351159488878372,1.3438649428319078,0.019951970051694867
D,2,D2,734,apc-cc1-26,8,FALSE,FALSE,NA,B,cc,ccb16,28.66,ccb16,355,2.067605633802817,ccb16,170.875,1.0351159488878372,1.0324896849149796,0.03602546004588205
D,3,D3,1900,apc-cc1-26,8,FALSE,FALSE,NA,B,cc,ccb15,66.839,ccb15,734,2.5885558583106265,ccb15,170.875,1.0351159488878372,1.5534399094227893,0.023241519313915368
D,4,D4,2833,apc-cc1-26,8,FALSE,FALSE,NA,B,cc,ccb14,67.6,ccb14,619,4.576736672051696,ccb14,170.875,1.0351159488878372,3.5416207231638595,0.052390839100057096
D,5,D5,633,apc-cc1-26,8,FALSE,FALSE,NA,B,cc,ccb13,54.482,ccb13,275,2.3018181818181818,ccb13,170.875,1.0351159488878372,1.2667022329303446,0.02324992167927654
A,2,A2,181,apc-cc2-26,0,FALSE,FALSE,NA,C,cc,ccc4,76.91,ccc4,181,1,ccc4,155.75,0.9434926644581164,0.056507335541883585,7.347202644894499e-4
A,3,A3,206,apc-cc2-26,0,FALSE,FALSE,NA,C,cc,ccc3,99.158,ccc3,206,1,ccc3,155.75,0.9434926644581164,0.056507335541883585,5.698716749216764e-4
A,4,A4,173,apc-cc2-26,0,FALSE,FALSE,NA,C,cc,ccc2,59.553,ccc2,173,1,ccc2,155.75,0.9434926644581164,0.056507335541883585,9.488579171810586e-4
A,5,A5,181,apc-cc2-26,0,FALSE,FALSE,NA,C,cc,ccc1,76.594,ccc1,181,1,ccc1,155.75,0.9434926644581164,0.056507335541883585,7.377514628023552e-4
B,2,B2,184,apc-cc2-26,0,FALSE,FALSE,NA,C,cc,ccc8,59.04,ccc8,184,1,ccc8,155.75,0.9434926644581164,0.056507335541883585,9.571025667663209e-4
B,4,B4,163,apc-cc2-26,0,FALSE,FALSE,NA,C,cc,ccc7,35.884,ccc7,163,1,ccc7,155.75,0.9434926644581164,0.056507335541883585,0.0015747223147331286
B,5,B5,169,apc-cc2-26,0,FALSE,FALSE,NA,C,cc,ccc5,37.304,ccc5,169,1,ccc5,155.75,0.9434926644581164,0.056507335541883585,0.0015147795287873574
C,3,C3,177,apc-cc2-26,0,FALSE,FALSE,NA,D,cc,ccd12,37.751,ccd12,177,1,ccd12,155.75,0.9434926644581164,0.056507335541883585,0.0014968434092311087
D,2,D2,167,apc-cc2-26,0,FALSE,FALSE,NA,D,cc,ccd16,31.716,ccd16,167,1,ccd16,155.75,0.9434926644581164,0.056507335541883585,0.0017816665261030263
D,4,D4,188,apc-cc2-26,0,FALSE,FALSE,NA,D,cc,ccd13,63.945,ccd13,188,1,ccd13,155.75,0.9434926644581164,0.056507335541883585,8.836865359587706e-4
A,2,A2,206,apc-cc2-26,1,FALSE,FALSE,NA,C,cc,ccc4,76.91,ccc4,181,1.138121546961326,ccc4,156.625,0.9487931850449598,0.18932836191636615,0.002461687191735355
A,3,A3,213,apc-cc2-26,1,FALSE,FALSE,NA,C,cc,ccc3,99.158,ccc3,206,1.0339805825242718,ccc3,156.625,0.9487931850449598,0.08518739747931203,8.591076613012771e-4
A,4,A4,194,apc-cc2-26,1,FALSE,FALSE,NA,C,cc,ccc2,59.553,ccc2,173,1.1213872832369942,ccc2,156.625,0.9487931850449598,0.17259409819203442,0.002898159592162182
A,5,A5,213,apc-cc2-26,1,FALSE,FALSE,NA,C,cc,ccc1,76.594,ccc1,181,1.1767955801104972,ccc1,156.625,0.9487931850449598,0.22800239506553743,0.0029767657396863653
B,2,B2,187,apc-cc2-26,1,FALSE,FALSE,NA,C,cc,ccc8,59.04,ccc8,184,1.016304347826087,ccc8,156.625,0.9487931850449598,0.06751116278112712,0.0011434817544228849
B,4,B4,164,apc-cc2-26,1,FALSE,FALSE,NA,C,cc,ccc7,35.884,ccc7,163,1.0061349693251533,ccc7,156.625,0.9487931850449598,0.05734178428019354,0.0015979763761061626
B,5,B5,172,apc-cc2-26,1,FALSE,FALSE,NA,C,cc,ccc5,37.304,ccc5,169,1.017751479289941,ccc5,156.625,0.9487931850449598,0.06895829424498112,0.0018485495991041475
C,3,C3,184,apc-cc2-26,1,FALSE,FALSE,NA,D,cc,ccd12,37.751,ccd12,177,1.03954802259887,ccd12,156.625,0.9487931850449598,0.09075483755391023,0.0024040379739320872
D,2,D2,169,apc-cc2-26,1,FALSE,FALSE,NA,D,cc,ccd16,31.716,ccd16,167,1.0119760479041917,ccd16,156.625,0.9487931850449598,0.06318286285923191,0.0019921447489983576
D,4,D4,192,apc-cc2-26,1,FALSE,FALSE,NA,D,cc,ccd13,63.945,ccd13,188,1.0212765957446808,ccd13,156.625,0.9487931850449598,0.07248341069972097,0.0011335274173073888
A,2,A2,223,apc-cc2-26,2,FALSE,FALSE,NA,C,cc,ccc4,76.91,ccc4,181,1.2320441988950277,ccc4,158,0.9571225745385707,0.27492162435645695,0.0035745887967293844
A,3,A3,222,apc-cc2-26,2,FALSE,FALSE,NA,C,cc,ccc3,99.158,ccc3,206,1.0776699029126213,ccc3,158,0.9571225745385707,0.12054732837405058,0.0012157095582207243
A,4,A4,212,apc-cc2-26,2,FALSE,FALSE,NA,C,cc,ccc2,59.553,ccc2,173,1.2254335260115607,ccc2,158,0.9571225745385707,0.26831095147299,0.004505414529460985
A,5,A5,233,apc-cc2-26,2,FALSE,FALSE,NA,C,cc,ccc1,76.594,ccc1,181,1.287292817679558,ccc1,158,0.9571225745385707,0.3301702431409872,0.004310654139240505
B,2,B2,196,apc-cc2-26,2,FALSE,FALSE,NA,C,cc,ccc8,59.04,ccc8,184,1.065217391304348,ccc8,158,0.9571225745385707,0.10809481676577715,0.0018308742677130277
B,4,B4,172,apc-cc2-26,2,FALSE,FALSE,NA,C,cc,ccc7,35.884,ccc7,163,1.0552147239263803,ccc7,158,0.9571225745385707,0.09809214938780952,0.002733590162406909
B,5,B5,178,apc-cc2-26,2,FALSE,FALSE,NA,C,cc,ccc5,37.304,ccc5,169,1.0532544378698225,ccc5,158,0.9571225745385707,0.09613186333125179,0.002576985399186462
C,3,C3,195,apc-cc2-26,2,FALSE,FALSE,NA,D,cc,ccd12,37.751,ccd12,177,1.1016949152542372,ccd12,158,0.9571225745385707,0.1445723407156665,0.003829629432747914
D,2,D2,178,apc-cc2-26,2,FALSE,FALSE,NA,D,cc,ccd16,31.716,ccd16,167,1.0658682634730539,ccd16,158,0.9571225745385707,0.10874568893448311,0.0034287327826486034
D,4,D4,204,apc-cc2-26,2,FALSE,FALSE,NA,D,cc,ccd13,63.945,ccd13,188,1.0851063829787233,ccd13,158,0.9571225745385707,0.12798380844015256,0.00200146701759563
A,2,A2,232,apc-cc2-26,3,FALSE,FALSE,NA,C,cc,ccc4,76.91,ccc4,181,1.281767955801105,ccc4,158.75,0.9616658778987222,0.3201020779023829,0.00416203455860594
A,3,A3,254,apc-cc2-26,3,FALSE,FALSE,NA,C,cc,ccc3,99.158,ccc3,206,1.233009708737864,ccc3,158.75,0.9616658778987222,0.2713438308391418,0.002736479465490851
A,4,A4,251,apc-cc2-26,3,FALSE,FALSE,NA,C,cc,ccc2,59.553,ccc2,173,1.4508670520231215,ccc2,158.75,0.9616658778987222,0.48920117412439934,0.008214551309327816
A,5,A5,250,apc-cc2-26,3,FALSE,FALSE,NA,C,cc,ccc1,76.594,ccc1,181,1.3812154696132597,ccc1,158.75,0.9616658778987222,0.41954959171453754,0.005477577769989001
B,2,B2,222,apc-cc2-26,3,FALSE,FALSE,NA,C,cc,ccc8,59.04,ccc8,184,1.2065217391304348,ccc8,158.75,0.9616658778987222,0.24485586123171266,0.004147287622488358
B,4,B4,176,apc-cc2-26,3,FALSE,FALSE,NA,C,cc,ccc7,35.884,ccc7,163,1.0797546012269938,ccc7,158.75,0.9616658778987222,0.1180887233282717,0.0032908461522759918
B,5,B5,188,apc-cc2-26,3,FALSE,FALSE,NA,C,cc,ccc5,37.304,ccc5,169,1.1124260355029585,ccc5,158.75,0.9616658778987222,0.15076015760423633,0.004041393888168462
C,3,C3,200,apc-cc2-26,3,FALSE,FALSE,NA,D,cc,ccd12,37.751,ccd12,177,1.1299435028248588,ccd12,158.75,0.9616658778987222,0.16827762492613663,0.004457567347252699
D,2,D2,189,apc-cc2-26,3,FALSE,FALSE,NA,D,cc,ccd16,31.716,ccd16,167,1.1317365269461077,ccd16,158.75,0.9616658778987222,0.17007064904738556,0.005362298179070045
D,4,D4,224,apc-cc2-26,3,FALSE,FALSE,NA,D,cc,ccd13,63.945,ccd13,188,1.1914893617021276,ccd13,158.75,0.9616658778987222,0.22982348380340545,0.0035940805974416365
A,2,A2,239,apc-cc2-26,4,FALSE,FALSE,NA,C,cc,ccc4,76.91,ccc4,181,1.3204419889502763,ccc4,160.375,0.9715097018457169,0.34893228710455937,0.004536891003829923
A,3,A3,275,apc-cc2-26,4,FALSE,FALSE,NA,C,cc,ccc3,99.158,ccc3,206,1.3349514563106797,ccc3,160.375,0.9715097018457169,0.36344175446496274,0.003665279195475531
A,4,A4,246,apc-cc2-26,4,FALSE,FALSE,NA,C,cc,ccc2,59.553,ccc2,173,1.4219653179190752,ccc2,160.375,0.9715097018457169,0.45045561607335827,0.007563944991408633
A,5,A5,280,apc-cc2-26,4,FALSE,FALSE,NA,C,cc,ccc1,76.594,ccc1,181,1.5469613259668509,ccc1,160.375,0.9715097018457169,0.5754516241211339,0.007513011777960858
B,2,B2,242,apc-cc2-26,4,FALSE,FALSE,NA,C,cc,ccc8,59.04,ccc8,184,1.315217391304348,ccc8,160.375,0.9715097018457169,0.34370768945863095,0.005821607206277625
B,4,B4,183,apc-cc2-26,4,FALSE,FALSE,NA,C,cc,ccc7,35.884,ccc7,163,1.1226993865030674,ccc7,160.375,0.9715097018457169,0.1511896846573505,0.004213289618140411
B,5,B5,195,apc-cc2-26,4,FALSE,FALSE,NA,C,cc,ccc5,37.304,ccc5,169,1.1538461538461537,ccc5,160.375,0.9715097018457169,0.1823364520004368,0.004887852562739567
C,3,C3,216,apc-cc2-26,4,FALSE,FALSE,NA,D,cc,ccd12,37.751,ccd12,177,1.2203389830508475,ccd12,160.375,0.9715097018457169,0.2488292812051306,0.00659132953312841
D,2,D2,198,apc-cc2-26,4,FALSE,FALSE,NA,D,cc,ccd16,31.716,ccd16,167,1.18562874251497,ccd16,160.375,0.9715097018457169,0.21411904066925314,0.00675113635607432
D,4,D4,248,apc-cc2-26,4,FALSE,FALSE,NA,D,cc,ccd13,63.945,ccd13,188,1.3191489361702127,ccd13,160.375,0.9715097018457169,0.3476392343244957,0.005436535058636261
A,2,A2,264,apc-cc2-26,5,FALSE,FALSE,NA,C,cc,ccc4,76.91,ccc4,181,1.4585635359116023,ccc4,161.25,0.9768102224325603,0.48175331347904193,0.006263857931075829
A,3,A3,318,apc-cc2-26,5,FALSE,FALSE,NA,C,cc,ccc3,99.158,ccc3,206,1.5436893203883495,ccc3,161.25,0.9768102224325603,0.5668790979557892,0.005716927509185231
A,4,A4,272,apc-cc2-26,5,FALSE,FALSE,NA,C,cc,ccc2,59.553,ccc2,173,1.5722543352601157,ccc2,161.25,0.9768102224325603,0.5954441128275554,0.009998557802756458
A,5,A5,328,apc-cc2-26,5,FALSE,FALSE,NA,C,cc,ccc1,76.594,ccc1,181,1.8121546961325967,ccc1,161.25,0.9768102224325603,0.8353444737000364,0.01090613460192752
B,2,B2,264,apc-cc2-26,5,FALSE,FALSE,NA,C,cc,ccc8,59.04,ccc8,184,1.434782608695652,ccc8,161.25,0.9768102224325603,0.4579723862630918,0.007756984862179739
B,4,B4,193,apc-cc2-26,5,FALSE,FALSE,NA,C,cc,ccc7,35.884,ccc7,163,1.1840490797546013,ccc7,161.25,0.9768102224325603,0.20723885732204095,0.005775244045313815
B,5,B5,209,apc-cc2-26,5,FALSE,FALSE,NA,C,cc,ccc5,37.304,ccc5,169,1.2366863905325445,ccc5,161.25,0.9768102224325603,0.25987616809998415,0.006966442421723787
C,3,C3,228,apc-cc2-26,5,FALSE,FALSE,NA,D,cc,ccd12,37.751,ccd12,177,1.2881355932203389,ccd12,161.25,0.9768102224325603,0.31132537078777855,0.008246811231166818
D,2,D2,214,apc-cc2-26,5,FALSE,FALSE,NA,D,cc,ccd16,31.716,ccd16,167,1.281437125748503,ccd16,161.25,0.9768102224325603,0.3046269033159428,0.0096048336270634
D,4,D4,278,apc-cc2-26,5,FALSE,FALSE,NA,D,cc,ccd13,63.945,ccd13,188,1.4787234042553192,ccd13,161.25,0.9768102224325603,0.5019131818227589,0.007849138819653748
A,2,A2,383,apc-cc2-26,6,FALSE,FALSE,NA,C,cc,ccc4,76.91,ccc4,181,2.116022099447514,ccc4,162,0.9813535257927117,1.1346685736548021,0.01475319950142767
A,3,A3,340,apc-cc2-26,6,FALSE,FALSE,NA,C,cc,ccc3,99.158,ccc3,206,1.6504854368932038,ccc3,162,0.9813535257927117,0.6691319111004921,0.006748138436641442
A,4,A4,297,apc-cc2-26,6,FALSE,FALSE,NA,C,cc,ccc2,59.553,ccc2,173,1.716763005780347,ccc2,162,0.9813535257927117,0.7354094799876352,0.012348823400796521
A,5,A5,363,apc-cc2-26,6,FALSE,FALSE,NA,C,cc,ccc1,76.594,ccc1,181,2.005524861878453,ccc1,162,0.9813535257927117,1.0241713360857412,0.013371430348143996
B,2,B2,318,apc-cc2-26,6,FALSE,FALSE,NA,C,cc,ccc8,59.04,ccc8,184,1.7282608695652173,ccc8,162,0.9813535257927117,0.7469073437725056,0.012650869643843252
B,4,B4,207,apc-cc2-26,6,FALSE,FALSE,NA,C,cc,ccc7,35.884,ccc7,163,1.2699386503067485,ccc7,162,0.9813535257927117,0.28858512451403673,0.008042167108294413
B,5,B5,222,apc-cc2-26,6,FALSE,FALSE,NA,C,cc,ccc5,37.304,ccc5,169,1.3136094674556213,ccc5,162,0.9813535257927117,0.3322559416629096,0.008906710853069634
C,3,C3,255,apc-cc2-26,6,FALSE,FALSE,NA,D,cc,ccd12,37.751,ccd12,177,1.4406779661016949,ccd12,162,0.9813535257927117,0.4593244403089831,0.012167212532356312
D,2,D2,289,apc-cc2-26,6,FALSE,FALSE,NA,D,cc,ccd16,31.716,ccd16,167,1.7305389221556886,ccd16,162,0.9813535257927117,0.7491853963629769,0.023621686100484828
D,4,D4,321,apc-cc2-26,6,FALSE,FALSE,NA,D,cc,ccd13,63.945,ccd13,188,1.7074468085106382,ccd13,162,0.9813535257927117,0.7260932827179265,0.0113549657161299
A,2,A2,427,apc-cc2-26,7,FALSE,FALSE,NA,C,cc,ccc4,76.91,ccc4,181,2.3591160220994474,ccc4,163.125,0.988168480832939,1.3709475412665084,0.017825348345683376
A,3,A3,374,apc-cc2-26,7,FALSE,FALSE,NA,C,cc,ccc3,99.158,ccc3,206,1.8155339805825244,ccc3,163.125,0.988168480832939,0.8273654997495854,0.00834391072580715
A,4,A4,313,apc-cc2-26,7,FALSE,FALSE,NA,C,cc,ccc2,59.553,ccc2,173,1.8092485549132948,ccc2,163.125,0.988168480832939,0.8210800740803559,0.01378738391147979
A,5,A5,388,apc-cc2-26,7,FALSE,FALSE,NA,C,cc,ccc1,76.594,ccc1,181,2.143646408839779,ccc1,163.125,0.988168480832939,1.15547792800684,0.015085749902170405
B,2,B2,305,apc-cc2-26,7,FALSE,FALSE,NA,C,cc,ccc8,59.04,ccc8,184,1.6576086956521738,ccc8,163.125,0.988168480832939,0.6694402148192349,0.011338757026071051
B,4,B4,219,apc-cc2-26,7,FALSE,FALSE,NA,C,cc,ccc7,35.884,ccc7,163,1.343558282208589,ccc7,163.125,0.988168480832939,0.35538980137565,0.009903851336964944
B,5,B5,236,apc-cc2-26,7,FALSE,FALSE,NA,C,cc,ccc5,37.304,ccc5,169,1.3964497041420119,ccc5,163.125,0.988168480832939,0.4082812233090729,0.010944703605754688
C,3,C3,274,apc-cc2-26,7,FALSE,FALSE,NA,D,cc,ccd12,37.751,ccd12,177,1.5480225988700564,ccd12,163.125,0.988168480832939,0.5598541180371175,0.014830179810789582
D,2,D2,298,apc-cc2-26,7,FALSE,FALSE,NA,D,cc,ccd16,31.716,ccd16,167,1.784431137724551,ccd16,163.125,0.988168480832939,0.796262656891612,0.025106023990781056
D,4,D4,332,apc-cc2-26,7,FALSE,FALSE,NA,D,cc,ccd13,63.945,ccd13,188,1.7659574468085106,ccd13,163.125,0.988168480832939,0.7777889659755717,0.012163405519987047
A,2,A2,476,apc-cc2-26,8,FALSE,FALSE,NA,C,cc,ccc4,76.91,ccc4,181,2.6298342541436464,ccc4,163.625,0.9911973497397065,1.6386369044039397,0.02130590176055051
A,3,A3,415,apc-cc2-26,8,FALSE,FALSE,NA,C,cc,ccc3,99.158,ccc3,206,2.0145631067961167,ccc3,163.625,0.9911973497397065,1.02336575705641,0.010320556657621272
A,4,A4,340,apc-cc2-26,8,FALSE,FALSE,NA,C,cc,ccc2,59.553,ccc2,173,1.9653179190751444,ccc2,163.625,0.9911973497397065,0.9741205693354379,0.016357203991997683
A,5,A5,416,apc-cc2-26,8,FALSE,FALSE,NA,C,cc,ccc1,76.594,ccc1,181,2.298342541436464,ccc1,163.625,0.9911973497397065,1.3071451916967574,0.017065895392547163
B,2,B2,322,apc-cc2-26,8,FALSE,FALSE,NA,C,cc,ccc8,59.04,ccc8,184,1.75,ccc8,163.625,0.9911973497397065,0.7588026502602935,0.012852348412267844
B,4,B4,243,apc-cc2-26,8,FALSE,FALSE,NA,C,cc,ccc7,35.884,ccc7,163,1.49079754601227,ccc7,163.625,0.9911973497397065,0.49960019627256347,0.01392264508618224
B,5,B5,250,apc-cc2-26,8,FALSE,FALSE,NA,C,cc,ccc5,37.304,ccc5,169,1.4792899408284024,ccc5,163.625,0.9911973497397065,0.48809259108869585,0.013084189124187642
C,3,C3,305,apc-cc2-26,8,FALSE,FALSE,NA,D,cc,ccd12,37.751,ccd12,177,1.7231638418079096,ccd12,163.625,0.9911973497397065,0.7319664920682031,0.019389327224926575
D,2,D2,350,apc-cc2-26,8,FALSE,FALSE,NA,D,cc,ccd16,31.716,ccd16,167,2.095808383233533,ccd16,163.625,0.9911973497397065,1.1046110334938262,0.034828195027551585
D,4,D4,363,apc-cc2-26,8,FALSE,FALSE,NA,D,cc,ccd13,63.945,ccd13,188,1.9308510638297873,ccd13,163.625,0.9911973497397065,0.9396537140900808,0.014694717555556819
A,2,A2,220,apc-cp1-26,0,FALSE,FALSE,NA,A,cp,cpa4,17.059,cpa4,220,1,cpa4,214.125,1.297113109323237,-0.2971131093232371,-0.017416795200377342
A,3,A3,226,apc-cp1-26,0,FALSE,FALSE,NA,A,cp,cpa1,69.095,cpa1,226,1,cpa1,214.125,1.297113109323237,-0.2971131093232371,-0.004300066709939028
A,5,A5,254,apc-cp1-26,0,FALSE,FALSE,NA,A,cp,cpa3,55.278,cpa3,254,1,cpa3,214.125,1.297113109323237,-0.2971131093232371,-0.00537488891282675
B,2,B2,214,apc-cp1-26,0,FALSE,FALSE,NA,A,cp,cpa9,14.863,cpa9,214,1,cpa9,214.125,1.297113109323237,-0.2971131093232371,-0.019990117023698923
B,3,B3,293,apc-cp1-26,0,FALSE,FALSE,NA,A,cp,cpa7,88.322,cpa7,293,1,cpa7,214.125,1.297113109323237,-0.2971131093232371,-0.0033639762383464718
B,4,B4,236,apc-cp1-26,0,FALSE,FALSE,NA,A,cp,cpa6,38.605,cpa6,236,1,cpa6,214.125,1.297113109323237,-0.2971131093232371,-0.0076962338899944855
B,5,B5,236,apc-cp1-26,0,FALSE,FALSE,NA,D,cp,cpd8,33.214,cpd8,236,1,cpd8,214.125,1.297113109323237,-0.2971131093232371,-0.00894541787569209
C,2,C2,248,apc-cp1-26,0,FALSE,FALSE,NA,B,cp,cpb12,51.631,cpb12,248,1,cpb12,214.125,1.297113109323237,-0.2971131093232371,-0.005754548804463154
C,4,C4,267,apc-cp1-26,0,FALSE,FALSE,NA,B,cp,cpb11,55.627,cpb11,267,1,cpb11,214.125,1.297113109323237,-0.2971131093232371,-0.005341167226764648
C,5,C5,220,apc-cp1-26,0,FALSE,FALSE,NA,D,cp,cpd14,9.01,cpd14,219.5,1.0022779043280183,cpd14,214.125,1.297113109323237,-0.29483520499521876,-0.0327231082125659
D,3,D3,224,apc-cp1-26,0,FALSE,FALSE,NA,D,cp,cpd18,24.477,cpd18,224,1,cpd18,214.125,1.297113109323237,-0.2971131093232371,-0.0121384609765591
D,4,D4,226,apc-cp1-26,0,FALSE,FALSE,NA,D,cp,cpd17,21.414,cpd17,226,1,cpd17,214.125,1.297113109323237,-0.2971131093232371,-0.013874713240087657
D,5,D5,245,apc-cp1-26,0,FALSE,FALSE,NA,D,cp,cpd19,34.92,cpd19,245,1,cpd19,214.125,1.297113109323237,-0.2971131093232371,-0.00850839373777884
A,2,A2,219,apc-cp1-26,1,FALSE,FALSE,NA,A,cp,cpa4,17.059,cpa4,220,0.9954545454545455,cpa4,211,1.2781826786559394,-0.2827281332013939,-0.016573546702702027
A,3,A3,233,apc-cp1-26,1,FALSE,FALSE,NA,A,cp,cpa1,69.095,cpa1,226,1.0309734513274336,cpa1,211,1.2781826786559394,-0.2472092273285058,-0.003577816445886183
A,5,A5,244,apc-cp1-26,1,FALSE,FALSE,NA,A,cp,cpa3,55.278,cpa3,254,0.9606299212598425,cpa3,211,1.2781826786559394,-0.3175527573960969,-0.00574464990405038
B,2,B2,217,apc-cp1-26,1,FALSE,FALSE,NA,A,cp,cpa9,14.863,cpa9,214,1.014018691588785,cpa9,211,1.2781826786559394,-0.2641639870671544,-0.017773261593699415
B,3,B3,289,apc-cp1-26,1,FALSE,FALSE,NA,A,cp,cpa7,88.322,cpa7,293,0.9863481228668942,cpa7,211,1.2781826786559394,-0.29183455578904516,-0.0033042113605788494
B,4,B4,236,apc-cp1-26,1,FALSE,FALSE,NA,A,cp,cpa6,38.605,cpa6,236,1,cpa6,211,1.2781826786559394,-0.2781826786559394,-0.007205871743451351
B,5,B5,225,apc-cp1-26,1,FALSE,FALSE,NA,D,cp,cpd8,33.214,cpd8,236,0.9533898305084746,cpd8,211,1.2781826786559394,-0.3247928481474648,-0.00977879352524432
C,2,C2,249,apc-cp1-26,1,FALSE,FALSE,NA,B,cp,cpb12,51.631,cpb12,248,1.0040322580645162,cpb12,211,1.2781826786559394,-0.27415042059142314,-0.005309802649404876
C,4,C4,272,apc-cp1-26,1,FALSE,FALSE,NA,B,cp,cpb11,55.627,cpb11,267,1.0187265917602997,cpb11,211,1.2781826786559394,-0.2594560868956397,-0.004664211388276191
C,5,C5,211,apc-cp1-26,1,FALSE,FALSE,NA,D,cp,cpd14,9.01,cpd14,219.5,0.9612756264236902,cpd14,211,1.2781826786559394,-0.31690705223224913,-0.035172813788262945
D,3,D3,223,apc-cp1-26,1,FALSE,FALSE,NA,D,cp,cpd18,24.477,cpd18,224,0.9955357142857143,cpd18,211,1.2781826786559394,-0.2826469643702251,-0.011547451255064962
D,4,D4,226,apc-cp1-26,1,FALSE,FALSE,NA,D,cp,cpd17,21.414,cpd17,226,1,cpd17,211,1.2781826786559394,-0.2781826786559394,-0.012990692007842503
D,5,D5,237,apc-cp1-26,1,FALSE,FALSE,NA,D,cp,cpd19,34.92,cpd19,245,0.9673469387755103,cpd19,211,1.2781826786559394,-0.3108357398804291,-0.008901367121432678
A,2,A2,228,apc-cp1-26,2,FALSE,FALSE,NA,A,cp,cpa4,17.059,cpa4,220,1.0363636363636364,cpa4,212.375,1.2865120681495503,-0.25014843178591395,-0.014663721893775364
A,3,A3,262,apc-cp1-26,2,FALSE,FALSE,NA,A,cp,cpa1,69.095,cpa1,226,1.1592920353982301,cpa1,212.375,1.2865120681495503,-0.1272200327513202,-0.001841233558887332
A,5,A5,258,apc-cp1-26,2,FALSE,FALSE,NA,A,cp,cpa3,55.278,cpa3,254,1.015748031496063,cpa3,212.375,1.2865120681495503,-0.27076403665348736,-0.004898224187805046
B,2,B2,224,apc-cp1-26,2,FALSE,FALSE,NA,A,cp,cpa9,14.863,cpa9,214,1.0467289719626167,cpa9,212.375,1.2865120681495503,-0.2397830961869336,-0.016132886778371366
B,3,B3,296,apc-cp1-26,2,FALSE,FALSE,NA,A,cp,cpa7,88.322,cpa7,293,1.0102389078498293,cpa7,212.375,1.2865120681495503,-0.27627316029972104,-0.0031280220137646455
B,4,B4,246,apc-cp1-26,2,FALSE,FALSE,NA,A,cp,cpa6,38.605,cpa6,236,1.0423728813559323,cpa6,212.375,1.2865120681495503,-0.244139186793618,-0.006324030223898926
B,5,B5,231,apc-cp1-26,2,FALSE,FALSE,NA,D,cp,cpd8,33.214,cpd8,236,0.9788135593220338,cpd8,212.375,1.2865120681495503,-0.3076985088275165,-0.009264120817351614
C,2,C2,265,apc-cp1-26,2,FALSE,FALSE,NA,B,cp,cpb12,51.631,cpb12,248,1.0685483870967742,cpb12,212.375,1.2865120681495503,-0.21796368105277608,-0.004221566133771883
C,4,C4,272,apc-cp1-26,2,FALSE,FALSE,NA,B,cp,cpb11,55.627,cpb11,267,1.0187265917602997,cpb11,212.375,1.2865120681495503,-0.26778547638925065,-0.004813947838086732
C,5,C5,218,apc-cp1-26,2,FALSE,FALSE,NA,D,cp,cpd14,9.01,cpd14,219.5,0.9931662870159453,cpd14,212.375,1.2865120681495503,-0.293345781133605,-0.0325578003477919
D,3,D3,240,apc-cp1-26,2,FALSE,FALSE,NA,D,cp,cpd18,24.477,cpd18,224,1.0714285714285714,cpd18,212.375,1.2865120681495503,-0.21508349672097893,-0.008787167411078928
D,4,D4,230,apc-cp1-26,2,FALSE,FALSE,NA,D,cp,cpd17,21.414,cpd17,226,1.0176991150442478,cpd17,212.375,1.2865120681495503,-0.2688129531053025,-0.012553140613864878
D,5,D5,250,apc-cp1-26,2,FALSE,FALSE,NA,D,cp,cpd19,34.92,cpd19,245,1.0204081632653061,cpd19,212.375,1.2865120681495503,-0.2661039048842442,-0.007620386737807679
A,2,A2,244,apc-cp1-26,3,FALSE,FALSE,NA,A,cp,cpa4,17.059,cpa4,220,1.1090909090909091,cpa4,214.125,1.297113109323237,-0.18802220023232796,-0.011021877028684445
A,3,A3,288,apc-cp1-26,3,FALSE,FALSE,NA,A,cp,cpa1,69.095,cpa1,226,1.2743362831858407,cpa1,214.125,1.297113109323237,-0.0227768261373964,-3.296450703726232e-4
A,5,A5,282,apc-cp1-26,3,FALSE,FALSE,NA,A,cp,cpa3,55.278,cpa3,254,1.110236220472441,cpa3,214.125,1.297113109323237,-0.18687688885079612,-0.0033806738458481878
B,2,B2,226,apc-cp1-26,3,FALSE,FALSE,NA,A,cp,cpa9,14.863,cpa9,214,1.0560747663551402,cpa9,214.125,1.297113109323237,-0.2410383429680969,-0.016217341247937625
B,3,B3,312,apc-cp1-26,3,FALSE,FALSE,NA,A,cp,cpa7,88.322,cpa7,293,1.0648464163822526,cpa7,214.125,1.297113109323237,-0.23226669294098445,-0.0026297716643756304
B,4,B4,261,apc-cp1-26,3,FALSE,FALSE,NA,A,cp,cpa6,38.605,cpa6,236,1.1059322033898304,cpa6,214.125,1.297113109323237,-0.19118090593340664,-0.004952231729915987
B,5,B5,245,apc-cp1-26,3,FALSE,FALSE,NA,D,cp,cpd8,33.214,cpd8,236,1.0381355932203389,cpd8,214.125,1.297113109323237,-0.2589775161028982,-0.007797239600858018
C,2,C2,276,apc-cp1-26,3,FALSE,FALSE,NA,B,cp,cpb12,51.631,cpb12,248,1.1129032258064515,cpb12,214.125,1.297113109323237,-0.18420988351678558,-0.0035678155278182793
C,4,C4,289,apc-cp1-26,3,FALSE,FALSE,NA,B,cp,cpb11,55.627,cpb11,267,1.0823970037453183,cpb11,214.125,1.297113109323237,-0.21471610557791876,-0.0038599260355208576
C,5,C5,228,apc-cp1-26,3,FALSE,FALSE,NA,D,cp,cpd14,9.01,cpd14,219.5,1.0387243735763099,cpd14,214.125,1.297113109323237,-0.2583887357469272,-0.028677995088449194
D,3,D3,251,apc-cp1-26,3,FALSE,FALSE,NA,D,cp,cpd18,24.477,cpd18,224,1.1205357142857142,cpd18,214.125,1.297113109323237,-0.1765773950375229,-0.007214012952466515
D,4,D4,243,apc-cp1-26,3,FALSE,FALSE,NA,D,cp,cpd17,21.414,cpd17,226,1.075221238938053,cpd17,214.125,1.297113109323237,-0.221891870385184,-0.010362000111384327
D,5,D5,267,apc-cp1-26,3,FALSE,FALSE,NA,D,cp,cpd19,34.92,cpd19,245,1.089795918367347,cpd19,214.125,1.297113109323237,-0.20731719095589018,-0.005936918412253442
A,2,A2,250,apc-cp1-26,4,FALSE,FALSE,NA,A,cp,cpa4,17.059,cpa4,220,1.1363636363636365,cpa4,216.625,1.3122574538570753,-0.1758938174934388,-0.010310910222957898
A,3,A3,329,apc-cp1-26,4,FALSE,FALSE,NA,A,cp,cpa1,69.095,cpa1,226,1.4557522123893805,cpa1,216.625,1.3122574538570753,0.1434947585323052,0.0020767748539301713
A,5,A5,318,apc-cp1-26,4,FALSE,FALSE,NA,A,cp,cpa3,55.278,cpa3,254,1.2519685039370079,cpa3,216.625,1.3122574538570753,-0.06028894992006739,-0.0010906499858907232
B,2,B2,231,apc-cp1-26,4,FALSE,FALSE,NA,A,cp,cpa9,14.863,cpa9,214,1.0794392523364487,cpa9,216.625,1.3122574538570753,-0.2328182015206266,-0.01566428053021776
B,3,B3,322,apc-cp1-26,4,FALSE,FALSE,NA,A,cp,cpa7,88.322,cpa7,293,1.098976109215017,cpa7,216.625,1.3122574538570753,-0.21328134464205828,-0.002414815613800166
B,4,B4,275,apc-cp1-26,4,FALSE,FALSE,NA,A,cp,cpa6,38.605,cpa6,236,1.1652542372881356,cpa6,216.625,1.3122574538570753,-0.14700321656893967,-0.0038078802375065323
B,5,B5,261,apc-cp1-26,4,FALSE,FALSE,NA,D,cp,cpd8,33.214,cpd8,236,1.1059322033898304,cpd8,216.625,1.3122574538570753,-0.20632525046724481,-0.006211996461348974
C,2,C2,291,apc-cp1-26,4,FALSE,FALSE,NA,B,cp,cpb12,51.631,cpb12,248,1.1733870967741935,cpb12,216.625,1.3122574538570753,-0.13887035708288176,-0.0026896701029010045
C,4,C4,309,apc-cp1-26,4,FALSE,FALSE,NA,B,cp,cpb11,55.627,cpb11,267,1.1573033707865168,cpb11,216.625,1.3122574538570753,-0.15495408307055847,-0.0027855912249547606
C,5,C5,242,apc-cp1-26,4,FALSE,FALSE,NA,D,cp,cpd14,9.01,cpd14,219.5,1.10250569476082,cpd14,216.625,1.3122574538570753,-0.2097517590962552,-0.023279884472392365
D,3,D3,262,apc-cp1-26,4,FALSE,FALSE,NA,D,cp,cpd18,24.477,cpd18,224,1.1696428571428572,cpd18,216.625,1.3122574538570753,-0.14261459671421806,-0.005826473698337952
D,4,D4,252,apc-cp1-26,4,FALSE,FALSE,NA,D,cp,cpd17,21.414,cpd17,226,1.1150442477876106,cpd17,216.625,1.3122574538570753,-0.19721320606946469,-0.009209545440808101
D,5,D5,290,apc-cp1-26,4,FALSE,FALSE,NA,D,cp,cpd19,34.92,cpd19,245,1.183673469387755,cpd19,216.625,1.3122574538570753,-0.12858398446932018,-0.0036822446869793865
A,2,A2,262,apc-cp1-26,5,FALSE,FALSE,NA,A,cp,cpa4,17.059,cpa4,220,1.190909090909091,cpa4,217,1.314529105537151,-0.12362001462806016,-0.007246615547690963
A,3,A3,345,apc-cp1-26,5,FALSE,FALSE,NA,A,cp,cpa1,69.095,cpa1,226,1.5265486725663717,cpa1,217,1.314529105537151,0.21201956702922065,0.003068522570797028
A,5,A5,331,apc-cp1-26,5,FALSE,FALSE,NA,A,cp,cpa3,55.278,cpa3,254,1.3031496062992125,cpa3,217,1.314529105537151,-0.011379499237938573,-2.0585946014578264e-4
B,2,B2,236,apc-cp1-26,5,FALSE,FALSE,NA,A,cp,cpa9,14.863,cpa9,214,1.102803738317757,cpa9,217,1.314529105537151,-0.21172536721939417,-0.014245130001977675
B,3,B3,334,apc-cp1-26,5,FALSE,FALSE,NA,A,cp,cpa7,88.322,cpa7,293,1.1399317406143346,cpa7,217,1.314529105537151,-0.17459736492281652,-0.00197682757322996
B,4,B4,374,apc-cp1-26,5,FALSE,FALSE,NA,A,cp,cpa6,38.605,cpa6,236,1.5847457627118644,cpa6,217,1.314529105537151,0.2702166571747133,0.006999524858819151
B,5,B5,276,apc-cp1-26,5,FALSE,FALSE,NA,D,cp,cpd8,33.214,cpd8,236,1.1694915254237288,cpd8,217,1.314529105537151,-0.14503758011342227,-0.004366760405654913
C,2,C2,308,apc-cp1-26,5,FALSE,FALSE,NA,B,cp,cpb12,51.631,cpb12,248,1.2419354838709677,cpb12,217,1.314529105537151,-0.07259362166618333,-0.0014060084380737024
C,4,C4,324,apc-cp1-26,5,FALSE,FALSE,NA,B,cp,cpb11,55.627,cpb11,267,1.2134831460674158,cpb11,217,1.314529105537151,-0.10104595946973527,-0.0018164912626914137
C,5,C5,259,apc-cp1-26,5,FALSE,FALSE,NA,D,cp,cpd14,9.01,cpd14,219.5,1.1799544419134396,cpd14,217,1.314529105537151,-0.1345746636237115,-0.014936144686316483
D,3,D3,279,apc-cp1-26,5,FALSE,FALSE,NA,D,cp,cpd18,24.477,cpd18,224,1.2455357142857142,cpd18,217,1.314529105537151,-0.06899339125143689,-0.0028187029150401146
D,4,D4,274,apc-cp1-26,5,FALSE,FALSE,NA,D,cp,cpd17,21.414,cpd17,226,1.2123893805309736,cpd17,217,1.314529105537151,-0.10213972500617752,-0.004769763939767325
D,5,D5,311,apc-cp1-26,5,FALSE,FALSE,NA,D,cp,cpd19,34.92,cpd19,245,1.2693877551020407,cpd19,217,1.314529105537151,-0.04514135043511036,-0.0012927076298714308
A,2,A2,275,apc-cp1-26,6,FALSE,FALSE,NA,A,cp,cpa4,17.059,cpa4,220,1.25,cpa4,219,1.3266445811642216,-0.07664458116422157,-0.004492911727781322
A,3,A3,362,apc-cp1-26,6,FALSE,FALSE,NA,A,cp,cpa1,69.095,cpa1,226,1.6017699115044248,cpa1,219,1.3266445811642216,0.27512533034020326,0.0039818413827368586
A,5,A5,365,apc-cp1-26,6,FALSE,FALSE,NA,A,cp,cpa3,55.278,cpa3,254,1.437007874015748,cpa3,219,1.3266445811642216,0.11036329285152635,0.00199651385454478
B,2,B2,247,apc-cp1-26,6,FALSE,FALSE,NA,A,cp,cpa9,14.863,cpa9,214,1.1542056074766356,cpa9,219,1.3266445811642216,-0.17243897368758598,-0.011601895558607682
B,3,B3,367,apc-cp1-26,6,FALSE,FALSE,NA,A,cp,cpa7,88.322,cpa7,293,1.2525597269624573,cpa7,219,1.3266445811642216,-0.07408485420176425,-8.388040828079555e-4
B,4,B4,1860,apc-cp1-26,6,FALSE,FALSE,NA,A,cp,cpa6,38.605,cpa6,236,7.88135593220339,cpa6,219,1.3266445811642216,6.554711351039169,0.16978918148009764
B,5,B5,323,apc-cp1-26,6,FALSE,FALSE,NA,D,cp,cpd8,33.214,cpd8,236,1.36864406779661,cpd8,219,1.3266445811642216,0.041999486632388505,0.0012645115503218073
C,2,C2,327,apc-cp1-26,6,FALSE,FALSE,NA,B,cp,cpb12,51.631,cpb12,248,1.3185483870967742,cpb12,219,1.3266445811642216,-0.008096194067447327,-1.5680877897866256e-4
C,4,C4,355,apc-cp1-26,6,FALSE,FALSE,NA,B,cp,cpb11,55.627,cpb11,267,1.3295880149812733,cpb11,219,1.3266445811642216,0.002943433817051755,5.291376160950177e-5
C,5,C5,290,apc-cp1-26,6,FALSE,FALSE,NA,D,cp,cpd14,9.01,cpd14,219.5,1.3211845102505695,cpd14,219,1.3266445811642216,-0.005460070913652082,-6.060012112821401e-4
D,3,D3,288,apc-cp1-26,6,FALSE,FALSE,NA,D,cp,cpd18,24.477,cpd18,224,1.2857142857142858,cpd18,219,1.3266445811642216,-0.04093029544993576,-0.0016721941189662033
D,4,D4,286,apc-cp1-26,6,FALSE,FALSE,NA,D,cp,cpd17,21.414,cpd17,226,1.2654867256637168,cpd17,219,1.3266445811642216,-0.06115785550050479,-0.0028559753199077606
D,5,D5,336,apc-cp1-26,6,FALSE,FALSE,NA,D,cp,cpd19,34.92,cpd19,245,1.3714285714285714,cpd19,219,1.3266445811642216,0.04478399026434987,0.0012824739480054373
A,2,A2,285,apc-cp1-26,7,FALSE,FALSE,NA,A,cp,cpa4,17.059,cpa4,220,1.2954545454545454,cpa4,220.25,1.3342167534311407,-0.03876220797659524,-0.0022722438581742914
A,3,A3,389,apc-cp1-26,7,FALSE,FALSE,NA,A,cp,cpa1,69.095,cpa1,226,1.7212389380530972,cpa1,220.25,1.3342167534311407,0.3870221846219566,0.0056013052264557
A,5,A5,380,apc-cp1-26,7,FALSE,FALSE,NA,A,cp,cpa3,55.278,cpa3,254,1.4960629921259843,cpa3,220.25,1.3342167534311407,0.1618462386948436,0.0029278598844900976
B,2,B2,253,apc-cp1-26,7,FALSE,FALSE,NA,A,cp,cpa9,14.863,cpa9,214,1.1822429906542056,cpa9,220.25,1.3342167534311407,-0.15197376277693508,-0.010224972265150716
B,3,B3,378,apc-cp1-26,7,FALSE,FALSE,NA,A,cp,cpa7,88.322,cpa7,293,1.2901023890784984,cpa7,220.25,1.3342167534311407,-0.044114364352642266,-4.994719815294294e-4
B,4,B4,2770,apc-cp1-26,7,FALSE,FALSE,NA,A,cp,cpa6,38.605,cpa6,236,11.73728813559322,cpa6,220.25,1.3342167534311407,10.403071382162079,0.26947471524833777
B,5,B5,306,apc-cp1-26,7,FALSE,FALSE,NA,D,cp,cpd8,33.214,cpd8,236,1.2966101694915255,cpd8,220.25,1.3342167534311407,-0.037606583939615135,-0.0011322509766849864
C,2,C2,341,apc-cp1-26,7,FALSE,FALSE,NA,B,cp,cpb12,51.631,cpb12,248,1.375,cpb12,220.25,1.3342167534311407,0.040783246568859344,7.898984441296769e-4
C,4,C4,367,apc-cp1-26,7,FALSE,FALSE,NA,B,cp,cpb11,55.627,cpb11,267,1.3745318352059925,cpb11,220.25,1.3342167534311407,0.04031508177485188,7.247394570056246e-4
C,5,C5,298,apc-cp1-26,7,FALSE,FALSE,NA,D,cp,cpd14,9.01,cpd14,219.5,1.357630979498861,cpd14,220.25,1.3342167534311407,0.023414226067720367,0.002598693237260862
D,3,D3,312,apc-cp1-26,7,FALSE,FALSE,NA,D,cp,cpd18,24.477,cpd18,224,1.3928571428571428,cpd18,220.25,1.3342167534311407,0.05864038942600214,0.002395734339420768
D,4,D4,298,apc-cp1-26,7,FALSE,FALSE,NA,D,cp,cpd17,21.414,cpd17,226,1.3185840707964602,cpd17,220.25,1.3342167534311407,-0.015632682634680428,-7.300216043093503e-4
D,5,D5,350,apc-cp1-26,7,FALSE,FALSE,NA,D,cp,cpd19,34.92,cpd19,245,1.4285714285714286,cpd19,220.25,1.3342167534311407,0.09435467514028795,0.002702023915815806
A,2,A2,302,apc-cp1-26,8,FALSE,FALSE,NA,A,cp,cpa4,17.059,cpa4,220,1.3727272727272728,cpa4,221.125,1.339517274017984,0.03320999870928887,0.0019467728887560154
A,3,A3,499,apc-cp1-26,8,FALSE,FALSE,NA,A,cp,cpa1,69.095,cpa1,226,2.2079646017699117,cpa1,221.125,1.339517274017984,0.8684473277519278,0.012568888164873403
A,5,A5,413,apc-cp1-26,8,FALSE,FALSE,NA,A,cp,cpa3,55.278,cpa3,254,1.625984251968504,cpa3,221.125,1.339517274017984,0.28646697795052,0.0051822963557024496
B,2,B2,268,apc-cp1-26,8,FALSE,FALSE,NA,A,cp,cpa9,14.863,cpa9,214,1.2523364485981308,cpa9,221.125,1.339517274017984,-0.08718082541985317,-0.005865627761545662
B,3,B3,418,apc-cp1-26,8,FALSE,FALSE,NA,A,cp,cpa7,88.322,cpa7,293,1.4266211604095562,cpa7,221.125,1.339517274017984,0.0871038863915723,9.862082651159653e-4
B,4,B4,3821,apc-cp1-26,8,FALSE,FALSE,NA,A,cp,cpa6,38.605,cpa6,236,16.190677966101696,cpa6,221.125,1.339517274017984,14.851160692083711,0.3846952646570059
B,5,B5,319,apc-cp1-26,8,FALSE,FALSE,NA,D,cp,cpd8,33.214,cpd8,236,1.3516949152542372,cpd8,221.125,1.339517274017984,0.012177641236253312,3.6664181478452795e-4
C,2,C2,352,apc-cp1-26,8,FALSE,FALSE,NA,B,cp,cpb12,51.631,cpb12,248,1.4193548387096775,cpb12,221.125,1.339517274017984,0.07983756469169356,0.0015463106407331557
C,4,C4,380,apc-cp1-26,8,FALSE,FALSE,NA,B,cp,cpb11,55.627,cpb11,267,1.4232209737827715,cpb11,221.125,1.339517274017984,0.08370369976478753,0.0015047315110429743
C,5,C5,323,apc-cp1-26,8,FALSE,FALSE,NA,D,cp,cpd14,9.01,cpd14,219.5,1.4715261958997723,cpd14,221.125,1.339517274017984,0.13200892188178837,0.014651378677224014
D,3,D3,344,apc-cp1-26,8,FALSE,FALSE,NA,D,cp,cpd18,24.477,cpd18,224,1.5357142857142858,cpd18,221.125,1.339517274017984,0.19619701169630188,0.008015566110891935
D,4,D4,310,apc-cp1-26,8,FALSE,FALSE,NA,D,cp,cpd17,21.414,cpd17,226,1.3716814159292035,cpd17,221.125,1.339517274017984,0.032164141911219524,0.001502014659158472
D,5,D5,370,apc-cp1-26,8,FALSE,FALSE,NA,D,cp,cpd19,34.92,cpd19,245,1.510204081632653,cpd19,221.125,1.339517274017984,0.17068680761466903,0.004887938362390293
A,4,A4,195,apc-cp2-26,0,FALSE,FALSE,NA,C,cp,cpc1,57.58,cpc1,195,1,cpc1,167.5,1.0146710837671558,-0.014671083767155757,-2.547947858137506e-4
A,5,A5,173,apc-cp2-26,0,FALSE,FALSE,NA,C,cp,cpc3,49.814,cpc3,173,1,cpc3,167.5,1.0146710837671558,-0.014671083767155757,-2.9451727962331387e-4
B,2,B2,188,apc-cp2-26,0,FALSE,FALSE,NA,C,cp,cpc8,43.907,cpc8,188,1,cpc8,167.5,1.0146710837671558,-0.014671083767155757,-3.341399723769731e-4
B,3,B3,182,apc-cp2-26,0,FALSE,FALSE,NA,C,cp,cpc5,38.681,cpc5,182,1,cpc5,167.5,1.0146710837671558,-0.014671083767155757,-3.792839835359933e-4
B,4,B4,181,apc-cp2-26,0,FALSE,FALSE,NA,C,cp,cpc7,27.866,cpc7,181,1,cpc7,167.5,1.0146710837671558,-0.014671083767155757,-5.264868932446622e-4
C,2,C2,203,apc-cp2-26,0,FALSE,FALSE,NA,D,cp,cpd12,65.186,cpd12,203,1,cpd12,167.5,1.0146710837671558,-0.014671083767155757,-2.250649490251857e-4
C,4,C4,293,apc-cp2-26,0,FALSE,FALSE,NA,D,cp,cpd10,59.131,cpd10,293,1,cpd10,167.5,1.0146710837671558,-0.014671083767155757,-2.4811154499595404e-4
C,5,C5,188,apc-cp2-26,0,FALSE,FALSE,NA,D,cp,cpd9,42.558,cpd9,188,1,cpd9,167.5,1.0146710837671558,-0.014671083767155757,-3.4473151386709333e-4
D,2,D2,187,apc-cp2-26,0,FALSE,FALSE,NA,D,cp,cpd16,44.906,cpd16,223.5,0.8366890380313199,cpd16,167.5,1.0146710837671558,-0.17798204573583587,-0.003963435748804967
D,3,D3,219,apc-cp2-26,0,FALSE,FALSE,NA,D,cp,cpd14,83.841,cpd14,219.5,0.9977220956719818,cpd14,167.5,1.0146710837671558,-0.016948988095173978,-2.0215632083555752e-4
D,4,D4,235,apc-cp2-26,0,FALSE,FALSE,NA,D,cp,cpd13,105.832,cpd13,235,1,cpd13,167.5,1.0146710837671558,-0.014671083767155757,-1.3862616001923575e-4
D,5,D5,254,apc-cp2-26,0,FALSE,FALSE,NA,D,cp,cpd15,56.741,cpd15,254,1,cpd15,167.5,1.0146710837671558,-0.014671083767155757,-2.585623053375118e-4
A,4,A4,193,apc-cp2-26,1,FALSE,FALSE,NA,C,cp,cpc1,57.58,cpc1,195,0.9897435897435898,cpc1,167.125,1.01239943208708,-0.022655842343490162,-3.934672168025384e-4
A,5,A5,178,apc-cp2-26,1,FALSE,FALSE,NA,C,cp,cpc3,49.814,cpc3,173,1.0289017341040463,cpc3,167.125,1.01239943208708,0.01650230201696634,3.3127839597234395e-4
B,2,B2,185,apc-cp2-26,1,FALSE,FALSE,NA,C,cp,cpc8,43.907,cpc8,188,0.9840425531914894,cpc8,167.125,1.01239943208708,-0.028356878895590576,-6.458395903976719e-4
B,3,B3,181,apc-cp2-26,1,FALSE,FALSE,NA,C,cp,cpc5,38.681,cpc5,182,0.9945054945054945,cpc5,167.125,1.01239943208708,-0.017893937581585417,-4.62602765739909e-4
B,4,B4,179,apc-cp2-26,1,FALSE,FALSE,NA,C,cp,cpc7,27.866,cpc7,181,0.988950276243094,cpc7,167.125,1.01239943208708,-0.02344915584398599,-8.414970158611208e-4
C,2,C2,201,apc-cp2-26,1,FALSE,FALSE,NA,D,cp,cpd12,65.186,cpd12,203,0.9901477832512315,cpd12,167.125,1.01239943208708,-0.022251648835848403,-3.413562549603964e-4
C,4,C4,303,apc-cp2-26,1,FALSE,FALSE,NA,D,cp,cpd10,59.131,cpd10,293,1.0341296928327646,cpd10,167.125,1.01239943208708,0.021730260745684626,3.674935439225555e-4
C,5,C5,192,apc-cp2-26,1,FALSE,FALSE,NA,D,cp,cpd9,42.558,cpd9,188,1.0212765957446808,cpd9,167.125,1.01239943208708,0.008877163657600828,2.0858977530900956e-4
D,2,D2,188,apc-cp2-26,1,FALSE,FALSE,NA,D,cp,cpd16,44.906,cpd16,223.5,0.8411633109619687,cpd16,167.125,1.01239943208708,-0.17123612112511122,-0.0038132125133637203
D,3,D3,232,apc-cp2-26,1,FALSE,FALSE,NA,D,cp,cpd14,83.841,cpd14,219.5,1.0569476082004556,cpd14,167.125,1.01239943208708,0.04454817611337569,5.313411828744372e-4
D,4,D4,262,apc-cp2-26,1,FALSE,FALSE,NA,D,cp,cpd13,105.832,cpd13,235,1.1148936170212767,cpd13,167.125,1.01239943208708,0.10249418493419671,9.684611925901118e-4
D,5,D5,413,apc-cp2-26,1,FALSE,FALSE,NA,D,cp,cpd15,56.741,cpd15,254,1.625984251968504,cpd15,167.125,1.01239943208708,0.613584819881424,0.010813782271751008
A,4,A4,201,apc-cp2-26,2,FALSE,FALSE,NA,C,cp,cpc1,57.58,cpc1,195,1.0307692307692307,cpc1,167.75,1.0161855182205395,0.014583712548691175,2.532773975111354e-4
A,5,A5,189,apc-cp2-26,2,FALSE,FALSE,NA,C,cp,cpc3,49.814,cpc3,173,1.092485549132948,cpc3,167.75,1.0161855182205395,0.07630003091240845,0.0015316985368050838
B,2,B2,190,apc-cp2-26,2,FALSE,FALSE,NA,C,cp,cpc8,43.907,cpc8,188,1.0106382978723405,cpc8,167.75,1.0161855182205395,-0.005547220348198989,-1.2634022702983554e-4
B,3,B3,185,apc-cp2-26,2,FALSE,FALSE,NA,C,cp,cpc5,38.681,cpc5,182,1.0164835164835164,cpc5,167.75,1.0161855182205395,2.9799826297693954e-4,7.70399583715363e-6
B,4,B4,183,apc-cp2-26,2,FALSE,FALSE,NA,C,cp,cpc7,27.866,cpc7,181,1.011049723756906,cpc7,167.75,1.0161855182205395,-0.005135794463633436,-1.8430325355750507e-4
C,2,C2,207,apc-cp2-26,2,FALSE,FALSE,NA,D,cp,cpd12,65.186,cpd12,203,1.019704433497537,cpd12,167.75,1.0161855182205395,0.0035189152769974363,5.39826845794716e-5
C,4,C4,387,apc-cp2-26,2,FALSE,FALSE,NA,D,cp,cpd10,59.131,cpd10,293,1.3208191126279865,cpd10,167.75,1.0161855182205395,0.304633594407447,0.005151842424573353
C,5,C5,198,apc-cp2-26,2,FALSE,FALSE,NA,D,cp,cpd9,42.558,cpd9,188,1.053191489361702,cpd9,167.75,1.0161855182205395,0.03700597114116255,8.695420635641372e-4
D,2,D2,195,apc-cp2-26,2,FALSE,FALSE,NA,D,cp,cpd16,44.906,cpd16,223.5,0.87248322147651,cpd16,167.75,1.0161855182205395,-0.14370229674402946,-0.0032000689605849878
D,3,D3,259,apc-cp2-26,2,FALSE,FALSE,NA,D,cp,cpd14,83.841,cpd14,219.5,1.1799544419134396,cpd14,167.75,1.0161855182205395,0.16376892369290008,0.001953327413710477
D,4,D4,304,apc-cp2-26,2,FALSE,FALSE,NA,D,cp,cpd13,105.832,cpd13,235,1.2936170212765958,cpd13,167.75,1.0161855182205395,0.27743150305605635,0.0026214330548043727
D,5,D5,665,apc-cp2-26,2,FALSE,FALSE,NA,D,cp,cpd15,56.741,cpd15,254,2.6181102362204722,cpd15,167.75,1.0161855182205395,1.6019247179999327,0.028232225692179074
A,4,A4,217,apc-cp2-26,3,FALSE,FALSE,NA,C,cp,cpc1,57.58,cpc1,195,1.1128205128205129,cpc1,169.375,1.0260293421675344,0.08679117065297848,0.0015073145302705536
A,5,A5,213,apc-cp2-26,3,FALSE,FALSE,NA,C,cp,cpc3,49.814,cpc3,173,1.23121387283237,cpc3,169.375,1.0260293421675344,0.20518453066483566,0.0041190133429324215
B,2,B2,204,apc-cp2-26,3,FALSE,FALSE,NA,C,cp,cpc8,43.907,cpc8,188,1.0851063829787233,cpc8,169.375,1.0260293421675344,0.05907704081118892,0.0013455039244582624
B,3,B3,190,apc-cp2-26,3,FALSE,FALSE,NA,C,cp,cpc5,38.681,cpc5,182,1.043956043956044,cpc5,169.375,1.0260293421675344,0.017926701788509636,4.6344980193142984e-4
B,4,B4,191,apc-cp2-26,3,FALSE,FALSE,NA,C,cp,cpc7,27.866,cpc7,181,1.0552486187845305,cpc7,169.375,1.0260293421675344,0.02921927661699608,0.0010485637198376545
C,2,C2,219,apc-cp2-26,3,FALSE,FALSE,NA,D,cp,cpd12,65.186,cpd12,203,1.0788177339901477,cpd12,169.375,1.0260293421675344,0.0527883918226133,8.098117973585324e-4
C,4,C4,495,apc-cp2-26,3,FALSE,FALSE,NA,D,cp,cpd10,59.131,cpd10,293,1.689419795221843,cpd10,169.375,1.0260293421675344,0.6633904530543087,0.011218996009780127
C,5,C5,204,apc-cp2-26,3,FALSE,FALSE,NA,D,cp,cpd9,42.558,cpd9,188,1.0851063829787233,cpd9,169.375,1.0260293421675344,0.05907704081118892,0.0013881535977063987
D,2,D2,217,apc-cp2-26,3,FALSE,FALSE,NA,D,cp,cpd16,44.906,cpd16,223.5,0.970917225950783,cpd16,169.375,1.0260293421675344,-0.05511211621675138,-0.0012272773397040792
D,3,D3,286,apc-cp2-26,3,FALSE,FALSE,NA,D,cp,cpd14,83.841,cpd14,219.5,1.3029612756264237,cpd14,169.375,1.0260293421675344,0.27693193345888933,0.003303060954173845
D,4,D4,321,apc-cp2-26,3,FALSE,FALSE,NA,D,cp,cpd13,105.832,cpd13,235,1.3659574468085107,cpd13,169.375,1.0260293421675344,0.33992810464097634,0.0032119595646021653
D,5,D5,856,apc-cp2-26,3,FALSE,FALSE,NA,D,cp,cpd15,56.741,cpd15,254,3.37007874015748,cpd15,169.375,1.0260293421675344,2.344049397989946,0.0413113867924419
A,4,A4,253,apc-cp2-26,4,FALSE,FALSE,NA,C,cp,cpc1,57.58,cpc1,195,1.2974358974358975,cpc1,170.75,1.0343587316611453,0.26307716577475215,0.0045688983288425175
A,5,A5,232,apc-cp2-26,4,FALSE,FALSE,NA,C,cp,cpc3,49.814,cpc3,173,1.3410404624277457,cpc3,170.75,1.0343587316611453,0.3066817307666003,0.006156536932721731
B,2,B2,225,apc-cp2-26,4,FALSE,FALSE,NA,C,cp,cpc8,43.907,cpc8,188,1.196808510638298,cpc8,170.75,1.0343587316611453,0.16244977897715263,0.003699860591184837
B,3,B3,208,apc-cp2-26,4,FALSE,FALSE,NA,C,cp,cpc5,38.681,cpc5,182,1.1428571428571428,cpc5,170.75,1.0343587316611453,0.10849841119599746,0.002804953625707646
B,4,B4,196,apc-cp2-26,4,FALSE,FALSE,NA,C,cp,cpc7,27.866,cpc7,181,1.0828729281767955,cpc7,170.75,1.0343587316611453,0.04851419651565014,0.001740981716631384
C,2,C2,229,apc-cp2-26,4,FALSE,FALSE,NA,D,cp,cpd12,65.186,cpd12,203,1.1280788177339902,cpd12,170.75,1.0343587316611453,0.09372008607284488,0.0014377333487688288
C,4,C4,608,apc-cp2-26,4,FALSE,FALSE,NA,D,cp,cpd10,59.131,cpd10,293,2.0750853242320817,cpd10,170.75,1.0343587316611453,1.0407265925709364,0.017600355018026693
C,5,C5,216,apc-cp2-26,4,FALSE,FALSE,NA,D,cp,cpd9,42.558,cpd9,188,1.148936170212766,cpd9,170.75,1.0343587316611453,0.11457743855162072,0.0026922655799525522
D,2,D2,241,apc-cp2-26,4,FALSE,FALSE,NA,D,cp,cpd16,44.906,cpd16,223.5,1.0782997762863535,cpd16,170.75,1.0343587316611453,0.0439410446252082,9.785116604731708e-4
D,3,D3,327,apc-cp2-26,4,FALSE,FALSE,NA,D,cp,cpd14,83.841,cpd14,219.5,1.489749430523918,cpd14,170.75,1.0343587316611453,0.4553906988627727,0.005431599084729104
D,4,D4,344,apc-cp2-26,4,FALSE,FALSE,NA,D,cp,cpd13,105.832,cpd13,235,1.4638297872340424,cpd13,170.75,1.0343587316611453,0.4294710555728971,0.004058045350866441
D,5,D5,1096,apc-cp2-26,4,FALSE,FALSE,NA,D,cp,cpd15,56.741,cpd15,254,4.31496062992126,cpd15,170.75,1.0343587316611453,3.280601898260115,0.0578171322017609
A,4,A4,277,apc-cp2-26,5,FALSE,FALSE,NA,C,cp,cpc1,57.58,cpc1,195,1.4205128205128206,cpc1,172.25,1.0434453383814482,0.3770674821313724,0.006548584267651484
A,5,A5,258,apc-cp2-26,5,FALSE,FALSE,NA,C,cp,cpc3,49.814,cpc3,173,1.4913294797687862,cpc3,172.25,1.0434453383814482,0.447884141387338,0.008991129830717027
B,2,B2,249,apc-cp2-26,5,FALSE,FALSE,NA,C,cp,cpc8,43.907,cpc8,188,1.324468085106383,cpc8,172.25,1.0434453383814482,0.2810227467249349,0.006400408744048441
B,3,B3,233,apc-cp2-26,5,FALSE,FALSE,NA,C,cp,cpc5,38.681,cpc5,182,1.2802197802197801,cpc5,172.25,1.0434453383814482,0.23677444183833196,0.006121207875658126
B,4,B4,205,apc-cp2-26,5,FALSE,FALSE,NA,C,cp,cpc7,27.866,cpc7,181,1.132596685082873,cpc7,172.25,1.0434453383814482,0.08915134670142488,0.0031992875440115154
C,2,C2,244,apc-cp2-26,5,FALSE,FALSE,NA,D,cp,cpd12,65.186,cpd12,203,1.2019704433497538,cpd12,172.25,1.0434453383814482,0.15852510496830563,0.0024318888253352807
C,4,C4,705,apc-cp2-26,5,FALSE,FALSE,NA,D,cp,cpd10,59.131,cpd10,293,2.4061433447098977,cpd10,172.25,1.0434453383814482,1.3626980063284495,0.023045407761215768
C,5,C5,231,apc-cp2-26,5,FALSE,FALSE,NA,D,cp,cpd9,42.558,cpd9,188,1.2287234042553192,cpd9,172.25,1.0434453383814482,0.18527806587387108,0.004353542597722428
D,2,D2,258,apc-cp2-26,5,FALSE,FALSE,NA,D,cp,cpd16,44.906,cpd16,223.5,1.1543624161073827,cpd16,172.25,1.0434453383814482,0.11091707772593451,0.0024699834704924625
D,3,D3,354,apc-cp2-26,5,FALSE,FALSE,NA,D,cp,cpd14,83.841,cpd14,219.5,1.612756264236902,cpd14,172.25,1.0434453383814482,0.5693109258554538,0.0067903642114890556
D,4,D4,368,apc-cp2-26,5,FALSE,FALSE,NA,D,cp,cpd13,105.832,cpd13,235,1.5659574468085107,cpd13,172.25,1.0434453383814482,0.5225121084270625,0.004937184485099616
D,5,D5,1206,apc-cp2-26,5,FALSE,FALSE,NA,D,cp,cpd15,56.741,cpd15,254,4.748031496062992,cpd15,172.25,1.0434453383814482,3.7045861576815433,0.0652894055036313
A,4,A4,570,apc-cp2-26,6,FALSE,FALSE,NA,C,cp,cpc1,57.58,cpc1,195,2.923076923076923,cpc1,172.875,1.0472314245149077,1.8758454985620152,0.03257807395904855
A,5,A5,272,apc-cp2-26,6,FALSE,FALSE,NA,C,cp,cpc3,49.814,cpc3,173,1.5722543352601157,cpc3,172.875,1.0472314245149077,0.525022910745208,0.010539665771574417
B,2,B2,629,apc-cp2-26,6,FALSE,FALSE,NA,C,cp,cpc8,43.907,cpc8,188,3.345744680851064,cpc8,172.875,1.0472314245149077,2.298513256336156,0.052349585631816256
B,3,B3,243,apc-cp2-26,6,FALSE,FALSE,NA,C,cp,cpc5,38.681,cpc5,182,1.335164835164835,cpc5,172.875,1.0472314245149077,0.2879334106499274,0.00744379438613085
B,4,B4,216,apc-cp2-26,6,FALSE,FALSE,NA,C,cp,cpc7,27.866,cpc7,181,1.1933701657458564,cpc7,172.875,1.0472314245149077,0.14613874123094872,0.0052443386647150194
C,2,C2,260,apc-cp2-26,6,FALSE,FALSE,NA,D,cp,cpd12,65.186,cpd12,203,1.2807881773399015,cpd12,172.875,1.0472314245149077,0.23355675282499377,0.003582928126054578
C,4,C4,821,apc-cp2-26,6,FALSE,FALSE,NA,D,cp,cpd10,59.131,cpd10,293,2.802047781569966,cpd10,172.875,1.0472314245149077,1.7548163570550583,0.029676757657659408
C,5,C5,243,apc-cp2-26,6,FALSE,FALSE,NA,D,cp,cpd9,42.558,cpd9,188,1.2925531914893618,cpd9,172.875,1.0472314245149077,0.24532176697445407,0.005764410145553223
D,2,D2,283,apc-cp2-26,6,FALSE,FALSE,NA,D,cp,cpd16,44.906,cpd16,223.5,1.2662192393736018,cpd16,172.875,1.0472314245149077,0.21898781485869412,0.004876582524800564
D,3,D3,390,apc-cp2-26,6,FALSE,FALSE,NA,D,cp,cpd14,83.841,cpd14,219.5,1.7767653758542141,cpd14,172.875,1.0472314245149077,0.7295339513393064,0.008701398496431418
D,4,D4,388,apc-cp2-26,6,FALSE,FALSE,NA,D,cp,cpd13,105.832,cpd13,235,1.651063829787234,cpd13,172.875,1.0472314245149077,0.6038324052723263,0.005705574923202116
D,5,D5,1453,apc-cp2-26,6,FALSE,FALSE,NA,D,cp,cpd15,56.741,cpd15,254,5.7204724409448815,cpd15,172.875,1.0472314245149077,4.673241016429974,0.08236092096420532
A,4,A4,744,apc-cp2-26,7,FALSE,FALSE,NA,C,cp,cpc1,57.58,cpc1,195,3.8153846153846156,cpc1,173.875,1.053289162328443,2.7620954530561725,0.04796970220660251
A,5,A5,289,apc-cp2-26,7,FALSE,FALSE,NA,C,cp,cpc3,49.814,cpc3,173,1.670520231213873,cpc3,173.875,1.053289162328443,0.6172310688854299,0.012390714836901873
B,2,B2,931,apc-cp2-26,7,FALSE,FALSE,NA,C,cp,cpc8,43.907,cpc8,188,4.952127659574468,cpc8,173.875,1.053289162328443,3.898838497246025,0.08879765179233437
B,3,B3,258,apc-cp2-26,7,FALSE,FALSE,NA,C,cp,cpc5,38.681,cpc5,182,1.4175824175824177,cpc5,173.875,1.053289162328443,0.3642932552539746,0.009417886178071266
B,4,B4,224,apc-cp2-26,7,FALSE,FALSE,NA,C,cp,cpc7,27.866,cpc7,181,1.2375690607734806,cpc7,173.875,1.053289162328443,0.18427989844503756,0.006613073223463632
C,2,C2,276,apc-cp2-26,7,FALSE,FALSE,NA,D,cp,cpd12,65.186,cpd12,203,1.3596059113300492,cpd12,173.875,1.053289162328443,0.3063167490016061,0.004699118660473201
C,4,C4,928,apc-cp2-26,7,FALSE,FALSE,NA,D,cp,cpd10,59.131,cpd10,293,3.167235494880546,cpd10,173.875,1.053289162328443,2.113946332552103,0.03575022124692806
C,5,C5,258,apc-cp2-26,7,FALSE,FALSE,NA,D,cp,cpd9,42.558,cpd9,188,1.372340425531915,cpd9,173.875,1.053289162328443,0.3190512632034719,0.007496857540379527
D,2,D2,298,apc-cp2-26,7,FALSE,FALSE,NA,D,cp,cpd16,44.906,cpd16,223.5,1.3333333333333333,cpd16,173.875,1.053289162328443,0.2800441710048902,0.006236230592902735
D,3,D3,429,apc-cp2-26,7,FALSE,FALSE,NA,D,cp,cpd14,83.841,cpd14,219.5,1.9544419134396356,cpd14,173.875,1.053289162328443,0.9011527511111925,0.010748354040519466
D,4,D4,417,apc-cp2-26,7,FALSE,FALSE,NA,D,cp,cpd13,105.832,cpd13,235,1.774468085106383,cpd13,173.875,1.053289162328443,0.7211789227779399,0.0068143748845145135
D,5,D5,1598,apc-cp2-26,7,FALSE,FALSE,NA,D,cp,cpd15,56.741,cpd15,254,6.291338582677166,cpd15,173.875,1.053289162328443,5.238049420348723,0.09231507059002703
A,4,A4,828,apc-cp2-26,8,FALSE,FALSE,NA,C,cp,cpc1,57.58,cpc1,195,4.246153846153846,cpc1,174.25,1.0555608140085186,3.1905930321453275,0.055411480238717045
A,5,A5,310,apc-cp2-26,8,FALSE,FALSE,NA,C,cp,cpc3,49.814,cpc3,173,1.7919075144508672,cpc3,174.25,1.0555608140085186,0.7363467004423485,0.014781922761519824
B,2,B2,1050,apc-cp2-26,8,FALSE,FALSE,NA,C,cp,cpc8,43.907,cpc8,188,5.585106382978723,cpc8,174.25,1.0555608140085186,4.529545568970205,0.10316226499123614
B,3,B3,261,apc-cp2-26,8,FALSE,FALSE,NA,C,cp,cpc5,38.681,cpc5,182,1.434065934065934,cpc5,174.25,1.0555608140085186,0.37850512005741543,0.009785298209907072
B,4,B4,232,apc-cp2-26,8,FALSE,FALSE,NA,C,cp,cpc7,27.866,cpc7,181,1.281767955801105,cpc7,174.25,1.0555608140085186,0.22620714179258639,0.00811767536756572
C,2,C2,293,apc-cp2-26,8,FALSE,FALSE,NA,D,cp,cpd12,65.186,cpd12,203,1.4433497536945812,cpd12,174.25,1.0555608140085186,0.38778893968606254,0.005948960508177561
C,4,C4,1034,apc-cp2-26,8,FALSE,FALSE,NA,D,cp,cpd10,59.131,cpd10,293,3.52901023890785,cpd10,174.25,1.0555608140085186,2.4734494248993313,0.0418299948402586
C,5,C5,269,apc-cp2-26,8,FALSE,FALSE,NA,D,cp,cpd9,42.558,cpd9,188,1.4308510638297873,cpd9,174.25,1.0555608140085186,0.3752902498212687,0.008818324400142599
D,2,D2,320,apc-cp2-26,8,FALSE,FALSE,NA,D,cp,cpd16,44.906,cpd16,223.5,1.4317673378076063,cpd16,174.25,1.0555608140085186,0.3762065237990877,0.008377644942749025
D,3,D3,463,apc-cp2-26,8,FALSE,FALSE,NA,D,cp,cpd14,83.841,cpd14,219.5,2.1093394077448746,cpd14,174.25,1.0555608140085186,1.053778593736356,0.012568774152698036
D,4,D4,446,apc-cp2-26,8,FALSE,FALSE,NA,D,cp,cpd13,105.832,cpd13,235,1.897872340425532,cpd13,174.25,1.0555608140085186,0.8423115264170133,0.007958949338735102
D,5,D5,1822,apc-cp2-26,8,FALSE,FALSE,NA,D,cp,cpd15,56.741,cpd15,254,7.173228346456693,cpd15,174.25,1.0555608140085186,6.1176675324481735,0.10781740773775883
A,2,A2,163,apc-ee1-26,0,FALSE,FALSE,NA,A,ee,eea3,20.68,eea3,163,1,eea3,154.5,0.9359204921911973,0.06407950780880267,0.0030986222344682145
A,3,A3,172,apc-ee1-26,0,FALSE,FALSE,NA,A,ee,eea4,42.21,eea4,172,1,eea4,154.5,0.9359204921911973,0.06407950780880267,0.001518112006842044
A,4,A4,184,apc-ee1-26,0,FALSE,FALSE,NA,A,ee,eea2,54.731,eea2,184,1,eea2,154.5,0.9359204921911973,0.06407950780880267,0.0011708082770057677
A,5,A5,183,apc-ee1-26,0,FALSE,FALSE,NA,A,ee,eea1,74.221,eea1,183,1,eea1,154.5,0.9359204921911973,0.06407950780880267,8.633608791151112e-4
B,2,B2,166,apc-ee1-26,0,FALSE,FALSE,NA,A,ee,eea7,39.943,eea7,166,1,eea7,154.5,0.9359204921911973,0.06407950780880267,0.001604273785364211
B,3,B3,176,apc-ee1-26,0,FALSE,FALSE,NA,A,ee,eea6,46.119,eea6,176,1,eea6,154.5,0.9359204921911973,0.06407950780880267,0.0013894383618205657
B,4,B4,175,apc-ee1-26,0,FALSE,FALSE,NA,A,ee,eea8,44.249,eea8,175,1,eea8,154.5,0.9359204921911973,0.06407950780880267,0.0014481571969717432
C,2,C2,141,apc-ee1-26,0,FALSE,FALSE,NA,A,ee,eea11,24.589,eea11,141,1,eea11,154.5,0.9359204921911973,0.06407950780880267,0.0026060233359958794
C,3,C3,162,apc-ee1-26,0,FALSE,FALSE,NA,A,ee,eea9,16.431,eea9,162,1,eea9,154.5,0.9359204921911973,0.06407950780880267,0.0038999152704523566
C,5,C5,159,apc-ee1-26,0,FALSE,FALSE,NA,B,ee,eeb13,11.558,eeb13,159,1,eeb13,154.5,0.9359204921911973,0.06407950780880267,0.005544169216888967
D,2,D2,168,apc-ee1-26,0,FALSE,FALSE,NA,C,ee,eec16,25.836,eec16,168,1,eec16,154.5,0.9359204921911973,0.06407950780880267,0.0024802410515870365
D,4,D4,163,apc-ee1-26,0,FALSE,FALSE,NA,C,ee,eec17,22.436,eec17,163,1,eec17,154.5,0.9359204921911973,0.06407950780880267,0.002856102148725382
D,5,D5,170,apc-ee1-26,0,FALSE,FALSE,NA,C,ee,eec19,30.255,eec19,170,1,eec19,154.5,0.9359204921911973,0.06407950780880267,0.0021179807571906355
A,2,A2,171,apc-ee1-26,1,FALSE,FALSE,NA,A,ee,eea3,20.68,eea3,163,1.049079754601227,eea3,155.625,0.9427354472314246,0.10634430736980238,0.005142374631034932
A,3,A3,180,apc-ee1-26,1,FALSE,FALSE,NA,A,ee,eea4,42.21,eea4,172,1.0465116279069768,eea4,155.625,0.9427354472314246,0.10377618067555228,0.0024585686016477676
A,4,A4,195,apc-ee1-26,1,FALSE,FALSE,NA,A,ee,eea2,54.731,eea2,184,1.059782608695652,eea2,155.625,0.9427354472314246,0.11704716146422756,0.0021385898570138962
A,5,A5,186,apc-ee1-26,1,FALSE,FALSE,NA,A,ee,eea1,74.221,eea1,183,1.0163934426229508,eea1,155.625,0.9427354472314246,0.07365799539152629,9.924144836572705e-4
B,2,B2,172,apc-ee1-26,1,FALSE,FALSE,NA,A,ee,eea7,39.943,eea7,166,1.036144578313253,eea7,155.625,0.9427354472314246,0.09340913108182847,0.0023385607260803763
B,3,B3,194,apc-ee1-26,1,FALSE,FALSE,NA,A,ee,eea6,46.119,eea6,176,1.1022727272727273,eea6,155.625,0.9427354472314246,0.15953728004130274,0.0034592528034281477
B,4,B4,178,apc-ee1-26,1,FALSE,FALSE,NA,A,ee,eea8,44.249,eea8,175,1.0171428571428571,eea8,155.625,0.9427354472314246,0.07440740991143258,0.0016815613892163116
C,2,C2,147,apc-ee1-26,1,FALSE,FALSE,NA,A,ee,eea11,24.589,eea11,141,1.0425531914893618,eea11,155.625,0.9427354472314246,0.09981774425793721,0.004059447080317915
C,3,C3,163,apc-ee1-26,1,FALSE,FALSE,NA,A,ee,eea9,16.431,eea9,162,1.0061728395061729,eea9,155.625,0.9427354472314246,0.06343739227474832,0.003860835754047125
C,5,C5,163,apc-ee1-26,1,FALSE,FALSE,NA,B,ee,eeb13,11.558,eeb13,159,1.0251572327044025,eeb13,155.625,0.9427354472314246,0.08242178547297796,0.007131146000430694
D,2,D2,169,apc-ee1-26,1,FALSE,FALSE,NA,C,ee,eec16,25.836,eec16,168,1.005952380952381,eec16,155.625,0.9427354472314246,0.06321693372095638,0.0024468545332464926
D,4,D4,169,apc-ee1-26,1,FALSE,FALSE,NA,C,ee,eec17,22.436,eec17,163,1.0368098159509203,eec17,155.625,0.9427354472314246,0.0940743687194957,0.004193009837738264
D,5,D5,178,apc-ee1-26,1,FALSE,FALSE,NA,C,ee,eec19,30.255,eec19,170,1.0470588235294118,eec19,155.625,0.9427354472314246,0.10432337629798727,0.0034481367145261037
A,2,A2,178,apc-ee1-26,2,FALSE,FALSE,NA,A,ee,eea3,20.68,eea3,163,1.0920245398773005,eea3,156.625,0.9487931850449598,0.14323135483234073,0.006926080988024213
A,3,A3,199,apc-ee1-26,2,FALSE,FALSE,NA,A,ee,eea4,42.21,eea4,172,1.1569767441860466,eea4,156.625,0.9487931850449598,0.20818355914108677,0.004932090953354342
A,4,A4,204,apc-ee1-26,2,FALSE,FALSE,NA,A,ee,eea2,54.731,eea2,184,1.108695652173913,eea2,156.625,0.9487931850449598,0.15990246712895329,0.0029216068978997877
A,5,A5,217,apc-ee1-26,2,FALSE,FALSE,NA,A,ee,eea1,74.221,eea1,183,1.185792349726776,eea1,156.625,0.9487931850449598,0.23699916468181614,0.0031931551000635417
B,2,B2,177,apc-ee1-26,2,FALSE,FALSE,NA,A,ee,eea7,39.943,eea7,166,1.0662650602409638,eea7,156.625,0.9487931850449598,0.117471875196004,0.0029409877874972835
B,3,B3,209,apc-ee1-26,2,FALSE,FALSE,NA,A,ee,eea6,46.119,eea6,176,1.1875,eea6,156.625,0.9487931850449598,0.2387068149550402,0.005175888786726516
B,4,B4,183,apc-ee1-26,2,FALSE,FALSE,NA,A,ee,eea8,44.249,eea8,175,1.0457142857142858,eea8,156.625,0.9487931850449598,0.09692110066932602,0.0021903568593488218
C,2,C2,151,apc-ee1-26,2,FALSE,FALSE,NA,A,ee,eea11,24.589,eea11,141,1.070921985815603,eea11,156.625,0.9487931850449598,0.12212880077064314,0.0049668063268389585
C,3,C3,166,apc-ee1-26,2,FALSE,FALSE,NA,A,ee,eea9,16.431,eea9,162,1.0246913580246915,eea9,156.625,0.9487931850449598,0.07589817297973167,0.004619205950930051
C,5,C5,171,apc-ee1-26,2,FALSE,FALSE,NA,B,ee,eeb13,11.558,eeb13,159,1.0754716981132075,eeb13,156.625,0.9487931850449598,0.12667851306824773,0.01096024511751581
D,2,D2,183,apc-ee1-26,2,FALSE,FALSE,NA,C,ee,eec16,25.836,eec16,168,1.0892857142857142,eec16,156.625,0.9487931850449598,0.1404925292407544,0.005437859159341787
D,4,D4,179,apc-ee1-26,2,FALSE,FALSE,NA,C,ee,eec17,22.436,eec17,163,1.098159509202454,eec17,156.625,0.9487931850449598,0.1493663241574943,0.00665744001415111
D,5,D5,185,apc-ee1-26,2,FALSE,FALSE,NA,C,ee,eec19,30.255,eec19,170,1.088235294117647,eec19,156.625,0.9487931850449598,0.13944210907268717,0.004608894697494205
A,2,A2,188,apc-ee1-26,3,FALSE,FALSE,NA,A,ee,eea3,20.68,eea3,163,1.1533742331288344,eea3,158,0.9571225745385707,0.1962516585902636,0.009489925463745823
A,3,A3,208,apc-ee1-26,3,FALSE,FALSE,NA,A,ee,eea4,42.21,eea4,172,1.2093023255813953,eea4,158,0.9571225745385707,0.25217975104282453,0.005974407747993947
A,4,A4,233,apc-ee1-26,3,FALSE,FALSE,NA,A,ee,eea2,54.731,eea2,184,1.266304347826087,eea2,158,0.9571225745385707,0.30918177328751617,0.005649116100336485
A,5,A5,238,apc-ee1-26,3,FALSE,FALSE,NA,A,ee,eea1,74.221,eea1,183,1.3005464480874316,eea1,158,0.9571225745385707,0.34342387354886084,0.004627044550044607
B,2,B2,196,apc-ee1-26,3,FALSE,FALSE,NA,A,ee,eea7,39.943,eea7,166,1.180722891566265,eea7,158,0.9571225745385707,0.22360031702769434,0.005597985054394871
B,3,B3,231,apc-ee1-26,3,FALSE,FALSE,NA,A,ee,eea6,46.119,eea6,176,1.3125,eea6,158,0.9571225745385707,0.35537742546142925,0.0077056619931357845
B,4,B4,187,apc-ee1-26,3,FALSE,FALSE,NA,A,ee,eea8,44.249,eea8,175,1.0685714285714285,eea8,158,0.9571225745385707,0.11144885403285776,0.002518675089445134
C,2,C2,162,apc-ee1-26,3,FALSE,FALSE,NA,A,ee,eea11,24.589,eea11,141,1.148936170212766,eea11,158,0.9571225745385707,0.19181359567419531,0.007800788794753562
C,3,C3,171,apc-ee1-26,3,FALSE,FALSE,NA,A,ee,eea9,16.431,eea9,162,1.0555555555555556,eea9,158,0.9571225745385707,0.09843298101698483,0.005990687177711936
C,5,C5,184,apc-ee1-26,3,FALSE,FALSE,NA,B,ee,eeb13,11.558,eeb13,159,1.1572327044025157,eeb13,158,0.9571225745385707,0.20011012986394494,0.017313560292779456
D,2,D2,191,apc-ee1-26,3,FALSE,FALSE,NA,C,ee,eec16,25.836,eec16,168,1.1369047619047619,eec16,158,0.9571225745385707,0.17978218736619112,0.006958592172402505
D,4,D4,186,apc-ee1-26,3,FALSE,FALSE,NA,C,ee,eec17,22.436,eec17,163,1.1411042944785277,eec17,158,0.9571225745385707,0.18398171993995693,0.008200290601709615
D,5,D5,198,apc-ee1-26,3,FALSE,FALSE,NA,C,ee,eec19,30.255,eec19,170,1.1647058823529413,eec19,158,0.9571225745385707,0.2075833078143705,0.006861124039476797
A,2,A2,190,apc-ee1-26,4,FALSE,FALSE,NA,A,ee,eea3,20.68,eea3,163,1.165644171779141,eea3,158.25,0.9586370089919546,0.20700716278718645,0.0100100175429007
A,3,A3,234,apc-ee1-26,4,FALSE,FALSE,NA,A,ee,eea4,42.21,eea4,172,1.3604651162790697,eea4,158.25,0.9586370089919546,0.40182810728711515,0.009519737201779559
A,4,A4,241,apc-ee1-26,4,FALSE,FALSE,NA,A,ee,eea2,54.731,eea2,184,1.309782608695652,eea2,158.25,0.9586370089919546,0.3511455997036975,0.006415844762633563
A,5,A5,272,apc-ee1-26,4,FALSE,FALSE,NA,A,ee,eea1,74.221,eea1,183,1.4863387978142077,eea1,158.25,0.9586370089919546,0.5277017888222532,0.00710987171854668
B,2,B2,206,apc-ee1-26,4,FALSE,FALSE,NA,A,ee,eea7,39.943,eea7,166,1.2409638554216869,eea7,158.25,0.9586370089919546,0.28232684642973227,0.007068243407599136
B,3,B3,256,apc-ee1-26,4,FALSE,FALSE,NA,A,ee,eea6,46.119,eea6,176,1.4545454545454546,eea6,158.25,0.9586370089919546,0.4959084455535,0.01075280135201327
B,4,B4,197,apc-ee1-26,4,FALSE,FALSE,NA,A,ee,eea8,44.249,eea8,175,1.1257142857142857,eea8,158.25,0.9586370089919546,0.16707727672233108,0.0037758429958265967
C,2,C2,173,apc-ee1-26,4,FALSE,FALSE,NA,A,ee,eea11,24.589,eea11,141,1.2269503546099292,eea11,158.25,0.9586370089919546,0.2683133456179746,0.010911925886289585
C,3,C3,174,apc-ee1-26,4,FALSE,FALSE,NA,A,ee,eea9,16.431,eea9,162,1.0740740740740742,eea9,158.25,0.9586370089919546,0.1154370650821196,0.0070255653996786314
C,5,C5,190,apc-ee1-26,4,FALSE,FALSE,NA,B,ee,eeb13,11.558,eeb13,159,1.1949685534591195,eeb13,158.25,0.9586370089919546,0.23633154446716487,0.02044744285059395
D,2,D2,201,apc-ee1-26,4,FALSE,FALSE,NA,C,ee,eec16,25.836,eec16,168,1.1964285714285714,eec16,158.25,0.9586370089919546,0.2377915624366168,0.009203884596555845
D,4,D4,191,apc-ee1-26,4,FALSE,FALSE,NA,C,ee,eec17,22.436,eec17,163,1.1717791411042944,eec17,158.25,0.9586370089919546,0.2131421321123398,0.009500005888408799
D,5,D5,205,apc-ee1-26,4,FALSE,FALSE,NA,C,ee,eec19,30.255,eec19,170,1.2058823529411764,eec19,158.25,0.9586370089919546,0.24724534394922182,0.008172049048065504
A,2,A2,198,apc-ee1-26,5,FALSE,FALSE,NA,A,ee,eea3,20.68,eea3,163,1.2147239263803682,eea3,160.375,0.9715097018457169,0.24321422453465125,0.011760842579045031
A,3,A3,313,apc-ee1-26,5,FALSE,FALSE,NA,A,ee,eea4,42.21,eea4,172,1.819767441860465,eea4,160.375,0.9715097018457169,0.8482577400147481,0.020096132196511445
A,4,A4,274,apc-ee1-26,5,FALSE,FALSE,NA,A,ee,eea2,54.731,eea2,184,1.4891304347826086,eea2,160.375,0.9715097018457169,0.5176207329368917,0.00945754203169852
A,5,A5,309,apc-ee1-26,5,FALSE,FALSE,NA,A,ee,eea1,74.221,eea1,183,1.6885245901639345,eea1,160.375,0.9715097018457169,0.7170148883182176,0.009660539312569456
B,2,B2,217,apc-ee1-26,5,FALSE,FALSE,NA,A,ee,eea7,39.943,eea7,166,1.3072289156626506,eea7,160.375,0.9715097018457169,0.3357192138169337,0.008404957409732211
B,3,B3,275,apc-ee1-26,5,FALSE,FALSE,NA,A,ee,eea6,46.119,eea6,176,1.5625,eea6,160.375,0.9715097018457169,0.5909902981542831,0.012814464714202022
B,4,B4,208,apc-ee1-26,5,FALSE,FALSE,NA,A,ee,eea8,44.249,eea8,175,1.1885714285714286,eea8,160.375,0.9715097018457169,0.21706172672571167,0.004905460614380249
C,2,C2,187,apc-ee1-26,5,FALSE,FALSE,NA,A,ee,eea11,24.589,eea11,141,1.326241134751773,eea11,160.375,0.9715097018457169,0.35473143290605613,0.014426427789094967
C,3,C3,182,apc-ee1-26,5,FALSE,FALSE,NA,A,ee,eea9,16.431,eea9,162,1.123456790123457,eea9,160.375,0.9715097018457169,0.15194708827773995,0.009247586165038034
C,5,C5,196,apc-ee1-26,5,FALSE,FALSE,NA,B,ee,eeb13,11.558,eeb13,159,1.2327044025157232,eeb13,160.375,0.9715097018457169,0.2611947006700063,0.022598607083405976
D,2,D2,210,apc-ee1-26,5,FALSE,FALSE,NA,C,ee,eec16,25.836,eec16,168,1.25,eec16,160.375,0.9715097018457169,0.27849029815428306,0.010779156918806435
D,4,D4,204,apc-ee1-26,5,FALSE,FALSE,NA,C,ee,eec17,22.436,eec17,163,1.2515337423312884,eec17,160.375,0.9715097018457169,0.2800240404855715,0.012481014462719358
D,5,D5,214,apc-ee1-26,5,FALSE,FALSE,NA,C,ee,eec19,30.255,eec19,170,1.2588235294117647,eec19,160.375,0.9715097018457169,0.28731382756604773,0.009496408116544298
A,2,A2,255,apc-ee1-26,6,FALSE,FALSE,NA,A,ee,eea3,20.68,eea3,163,1.5644171779141105,eea3,161.875,0.9805963085660199,0.5838208693480906,0.028231183237335138
A,3,A3,2078,apc-ee1-26,6,FALSE,FALSE,NA,A,ee,eea4,42.21,eea4,172,12.081395348837209,eea4,161.875,0.9805963085660199,11.10079904027119,0.26298979010355816
A,4,A4,302,apc-ee1-26,6,FALSE,FALSE,NA,A,ee,eea2,54.731,eea2,184,1.641304347826087,eea2,161.875,0.9805963085660199,0.660708039260067,0.012071916085218012
A,5,A5,324,apc-ee1-26,6,FALSE,FALSE,NA,A,ee,eea1,74.221,eea1,183,1.7704918032786885,eea1,161.875,0.9805963085660199,0.7898954947126686,0.010642479819898258
B,2,B2,255,apc-ee1-26,6,FALSE,FALSE,NA,A,ee,eea7,39.943,eea7,166,1.536144578313253,eea7,161.875,0.9805963085660199,0.5555482697472331,0.013908526393791983
B,3,B3,298,apc-ee1-26,6,FALSE,FALSE,NA,A,ee,eea6,46.119,eea6,176,1.6931818181818181,eea6,161.875,0.9805963085660199,0.7125855096157983,0.015451018227103758
B,4,B4,227,apc-ee1-26,6,FALSE,FALSE,NA,A,ee,eea8,44.249,eea8,175,1.2971428571428572,eea8,161.875,0.9805963085660199,0.3165465485768373,0.007153755984922535
C,2,C2,213,apc-ee1-26,6,FALSE,FALSE,NA,A,ee,eea11,24.589,eea11,141,1.5106382978723405,eea11,161.875,0.9805963085660199,0.5300419893063206,0.02155606121868806
C,3,C3,198,apc-ee1-26,6,FALSE,FALSE,NA,A,ee,eea9,16.431,eea9,162,1.2222222222222223,eea9,161.875,0.9805963085660199,0.24162591365620245,0.014705490454397325
C,5,C5,209,apc-ee1-26,6,FALSE,FALSE,NA,B,ee,eeb13,11.558,eeb13,159,1.3144654088050314,eeb13,161.875,0.9805963085660199,0.3338691002390115,0.028886407703669452
D,2,D2,243,apc-ee1-26,6,FALSE,FALSE,NA,C,ee,eec16,25.836,eec16,168,1.4464285714285714,eec16,161.875,0.9805963085660199,0.4658322628625515,0.018030355428957714
D,4,D4,223,apc-ee1-26,6,FALSE,FALSE,NA,C,ee,eec17,22.436,eec17,163,1.3680981595092025,eec17,161.875,0.9805963085660199,0.3875018509431827,0.017271432115492185
D,5,D5,226,apc-ee1-26,6,FALSE,FALSE,NA,C,ee,eec19,30.255,eec19,170,1.3294117647058823,eec19,161.875,0.9805963085660199,0.3488154561398624,0.01152918380895265
A,2,A2,263,apc-ee1-26,7,FALSE,FALSE,NA,A,ee,eea3,20.68,eea3,163,1.6134969325153374,eea3,162.875,0.9866540463795551,0.6268428861357823,0.03031155155395466
A,3,A3,3655,apc-ee1-26,7,FALSE,FALSE,NA,A,ee,eea4,42.21,eea4,172,21.25,eea4,162.875,0.9866540463795551,20.263345953620444,0.48006031636153623
A,4,A4,318,apc-ee1-26,7,FALSE,FALSE,NA,A,ee,eea2,54.731,eea2,184,1.7282608695652173,eea2,162.875,0.9866540463795551,0.7416068231856622,0.013550032398195943
A,5,A5,346,apc-ee1-26,7,FALSE,FALSE,NA,A,ee,eea1,74.221,eea1,183,1.8907103825136613,eea1,162.875,0.9866540463795551,0.9040563361341062,0.012180600317081501
B,2,B2,258,apc-ee1-26,7,FALSE,FALSE,NA,A,ee,eea7,39.943,eea7,166,1.5542168674698795,eea7,162.875,0.9866540463795551,0.5675628210903244,0.014209318806557455
B,3,B3,332,apc-ee1-26,7,FALSE,FALSE,NA,A,ee,eea6,46.119,eea6,176,1.8863636363636365,eea6,162.875,0.9866540463795551,0.8997095899840813,0.01950843665266119
B,4,B4,251,apc-ee1-26,7,FALSE,FALSE,NA,A,ee,eea8,44.249,eea8,175,1.4342857142857144,eea8,162.875,0.9866540463795551,0.44763166790615927,0.010116198510840002
C,2,C2,228,apc-ee1-26,7,FALSE,FALSE,NA,A,ee,eea11,24.589,eea11,141,1.6170212765957446,eea11,162.875,0.9866540463795551,0.6303672302161895,0.02563614747310543
C,3,C3,199,apc-ee1-26,7,FALSE,FALSE,NA,A,ee,eea9,16.431,eea9,162,1.228395061728395,eea9,162.875,0.9866540463795551,0.24174101534883985,0.014712495608839379
C,5,C5,219,apc-ee1-26,7,FALSE,FALSE,NA,B,ee,eeb13,11.558,eeb13,159,1.3773584905660377,eeb13,162.875,0.9866540463795551,0.39070444418648254,0.03380381071002617
D,2,D2,234,apc-ee1-26,7,FALSE,FALSE,NA,C,ee,eec16,25.836,eec16,168,1.3928571428571428,eec16,162.875,0.9866540463795551,0.4062030964775877,0.01572236787728703
D,4,D4,229,apc-ee1-26,7,FALSE,FALSE,NA,C,ee,eec17,22.436,eec17,163,1.4049079754601228,eec17,162.875,0.9866540463795551,0.4182539290805677,0.018642089903751456
D,5,D5,257,apc-ee1-26,7,FALSE,FALSE,NA,C,ee,eec19,30.255,eec19,170,1.511764705882353,eec19,162.875,0.9866540463795551,0.5251106595027978,0.017356161279219892
A,2,A2,291,apc-ee1-26,8,FALSE,FALSE,NA,A,ee,eea3,20.68,eea3,163,1.7852760736196318,eea3,163.5,0.9904401325130147,0.7948359411066171,0.038435006823337385
A,3,A3,3774,apc-ee1-26,8,FALSE,FALSE,NA,A,ee,eea4,42.21,eea4,172,21.941860465116278,eea4,163.5,0.9904401325130147,20.951420332603263,0.49636153358453594
A,4,A4,329,apc-ee1-26,8,FALSE,FALSE,NA,A,ee,eea2,54.731,eea2,184,1.7880434782608696,eea2,163.5,0.9904401325130147,0.797603345747855,0.014573154989820302
A,5,A5,365,apc-ee1-26,8,FALSE,FALSE,NA,A,ee,eea1,74.221,eea1,183,1.994535519125683,eea1,163.5,0.9904401325130147,1.0040953866126685,0.013528454030701128
B,2,B2,279,apc-ee1-26,8,FALSE,FALSE,NA,A,ee,eea7,39.943,eea7,166,1.680722891566265,eea7,163.5,0.9904401325130147,0.6902827590532504,0.01728169539226524
B,3,B3,331,apc-ee1-26,8,FALSE,FALSE,NA,A,ee,eea6,46.119,eea6,176,1.8806818181818181,eea6,163.5,0.9904401325130147,0.8902416856688035,0.019303143729673313
B,4,B4,404,apc-ee1-26,8,FALSE,FALSE,NA,A,ee,eea8,44.249,eea8,175,2.3085714285714287,eea8,163.5,0.9904401325130147,1.318131296058414,0.029788951073660735
C,2,C2,273,apc-ee1-26,8,FALSE,FALSE,NA,A,ee,eea11,24.589,eea11,141,1.9361702127659575,eea11,163.5,0.9904401325130147,0.9457300802529428,0.03846151044178059
C,3,C3,205,apc-ee1-26,8,FALSE,FALSE,NA,A,ee,eea9,16.431,eea9,162,1.2654320987654322,eea9,163.5,0.9904401325130147,0.2749919662524175,0.016736167381925477
C,5,C5,234,apc-ee1-26,8,FALSE,FALSE,NA,B,ee,eeb13,11.558,eeb13,159,1.471698113207547,eeb13,163.5,0.9904401325130147,0.4812579806945324,0.041638517104562414
D,2,D2,244,apc-ee1-26,8,FALSE,FALSE,NA,C,ee,eec16,25.836,eec16,168,1.4523809523809523,eec16,163.5,0.9904401325130147,0.46194081986793767,0.017879734473909958
D,4,D4,285,apc-ee1-26,8,FALSE,FALSE,NA,C,ee,eec17,22.436,eec17,163,1.7484662576687116,eec17,163.5,0.9904401325130147,0.7580261251556969,0.0337861528416695
D,5,D5,331,apc-ee1-26,8,FALSE,FALSE,NA,C,ee,eec19,30.255,eec19,170,1.9470588235294117,eec19,163.5,0.9904401325130147,0.9566186910163971,0.03161853217704171
A,2,A2,185,apc-ee2-26,0,FALSE,FALSE,NA,C,ee,eec2,60.742,eec2,185,1,eec2,155.625,0.9427354472314246,0.05726455276857545,9.427505312399238e-4
A,3,A3,180,apc-ee2-26,0,FALSE,FALSE,NA,C,ee,eec1,50,eec1,180,1,eec1,155.625,0.9427354472314246,0.05726455276857545,0.001145291055371509
A,4,A4,165,apc-ee2-26,0,FALSE,FALSE,NA,C,ee,eec3,14.551,eec3,165,1,eec3,155.625,0.9427354472314246,0.05726455276857545,0.003935437617247986
A,5,A5,155,apc-ee2-26,0,FALSE,FALSE,NA,C,ee,eec4,22.656,eec4,155,1,eec4,155.625,0.9427354472314246,0.05726455276857545,0.0025275667712118402
B,4,B4,174,apc-ee2-26,0,FALSE,FALSE,NA,C,ee,eec6,40.527,eec6,174,1,eec6,155.625,0.9427354472314246,0.05726455276857545,0.001412997576148628
C,2,C2,185,apc-ee2-26,0,FALSE,FALSE,NA,D,ee,eed12,55.566,eed12,185,1,eed12,155.625,0.9427354472314246,0.05726455276857545,0.0010305682030121918
C,5,C5,187,apc-ee2-26,0,FALSE,FALSE,NA,D,ee,eed9,48.047,eed9,187,1,eed9,155.625,0.9427354472314246,0.05726455276857545,0.0011918445016041678
D,3,D3,194,apc-ee2-26,0,FALSE,FALSE,NA,D,ee,eed13,59.375,eed13,194,1,eed13,155.625,0.9427354472314246,0.05726455276857545,9.644556255760076e-4
D,4,D4,182,apc-ee2-26,0,FALSE,FALSE,NA,D,ee,eed15,56.055,eed15,182,1,eed15,155.625,0.9427354472314246,0.05726455276857545,0.0010215779639385506
D,5,D5,169,apc-ee2-26,0,FALSE,FALSE,NA,D,ee,eed16,29.688,eed16,169,1,eed16,155.625,0.9427354472314246,0.05726455276857545,0.001928878764772819
A,2,A2,202,apc-ee2-26,1,FALSE,FALSE,NA,C,ee,eec2,60.742,eec2,185,1.0918918918918918,eec2,149.625,0.906389020350213,0.18550287154167888,0.0030539473764722744
A,3,A3,187,apc-ee2-26,1,FALSE,FALSE,NA,C,ee,eec1,50,eec1,180,1.038888888888889,eec1,149.625,0.906389020350213,0.132499868538676,0.0026499973707735202
A,4,A4,170,apc-ee2-26,1,FALSE,FALSE,NA,C,ee,eec3,14.551,eec3,165,1.0303030303030303,eec3,149.625,0.906389020350213,0.12391400995281732,0.008515841519676813
A,5,A5,145,apc-ee2-26,1,FALSE,FALSE,NA,C,ee,eec4,22.656,eec4,155,0.9354838709677419,eec4,149.625,0.906389020350213,0.029094850617528922,0.0012842006805053373
B,4,B4,182,apc-ee2-26,1,FALSE,FALSE,NA,C,ee,eec6,40.527,eec6,174,1.0459770114942528,eec6,149.625,0.906389020350213,0.13958799114403986,0.003444320851384012
C,2,C2,191,apc-ee2-26,1,FALSE,FALSE,NA,D,ee,eed12,55.566,eed12,185,1.0324324324324323,eed12,149.625,0.906389020350213,0.12604341208221936,0.0022683549667462002
C,5,C5,197,apc-ee2-26,1,FALSE,FALSE,NA,D,ee,eed9,48.047,eed9,187,1.053475935828877,eed9,149.625,0.906389020350213,0.14708691547866404,0.0030613132032939424
D,3,D3,202,apc-ee2-26,1,FALSE,FALSE,NA,D,ee,eed13,59.375,eed13,194,1.041237113402062,eed13,149.625,0.906389020350213,0.13484809305184897,0.002271125777715351
D,4,D4,190,apc-ee2-26,1,FALSE,FALSE,NA,D,ee,eed15,56.055,eed15,182,1.043956043956044,eed15,149.625,0.906389020350213,0.13756702360583106,0.0024541436732821525
D,5,D5,177,apc-ee2-26,1,FALSE,FALSE,NA,D,ee,eed16,29.688,eed16,169,1.047337278106509,eed16,149.625,0.906389020350213,0.14094825775629594,0.004747650827145512
A,2,A2,235,apc-ee2-26,2,FALSE,FALSE,NA,C,ee,eec2,60.742,eec2,185,1.2702702702702702,eec2,150.375,0.9109323237103644,0.3593379465599058,0.005915806963219944
A,3,A3,211,apc-ee2-26,2,FALSE,FALSE,NA,C,ee,eec1,50,eec1,180,1.1722222222222223,eec1,150.375,0.9109323237103644,0.2612898985118579,0.005225797970237158
A,4,A4,172,apc-ee2-26,2,FALSE,FALSE,NA,C,ee,eec3,14.551,eec3,165,1.0424242424242425,eec3,150.375,0.9109323237103644,0.1314919187138781,0.009036624198603403
A,5,A5,156,apc-ee2-26,2,FALSE,FALSE,NA,C,ee,eec4,22.656,eec4,155,1.0064516129032257,eec4,150.375,0.9109323237103644,0.09551928919286135,0.004216070321012595
B,4,B4,188,apc-ee2-26,2,FALSE,FALSE,NA,C,ee,eec6,40.527,eec6,174,1.0804597701149425,eec6,150.375,0.9109323237103644,0.16952744640457817,0.0041830741580817276
C,2,C2,204,apc-ee2-26,2,FALSE,FALSE,NA,D,ee,eed12,55.566,eed12,185,1.1027027027027028,eed12,150.375,0.9109323237103644,0.1917703789923384,0.0034512179928794296
C,5,C5,227,apc-ee2-26,2,FALSE,FALSE,NA,D,ee,eed9,48.047,eed9,187,1.213903743315508,eed9,150.375,0.9109323237103644,0.3029714196051436,0.006305730214272351
D,3,D3,243,apc-ee2-26,2,FALSE,FALSE,NA,D,ee,eed13,59.375,eed13,194,1.2525773195876289,eed13,150.375,0.9109323237103644,0.3416449958772645,0.005754020983196034
D,4,D4,207,apc-ee2-26,2,FALSE,FALSE,NA,D,ee,eed15,56.055,eed15,182,1.1373626373626373,eed15,150.375,0.9109323237103644,0.22643031365227295,0.004039431159615966
D,5,D5,192,apc-ee2-26,2,FALSE,FALSE,NA,D,ee,eed16,29.688,eed16,169,1.136094674556213,eed16,150.375,0.9109323237103644,0.22516235084584868,0.007584288293109967
A,2,A2,264,apc-ee2-26,3,FALSE,FALSE,NA,C,ee,eec2,60.742,eec2,185,1.427027027027027,eec2,151.875,0.9200189304306673,0.5070080965963598,0.008346911471409566
A,3,A3,234,apc-ee2-26,3,FALSE,FALSE,NA,C,ee,eec1,50,eec1,180,1.3,eec1,151.875,0.9200189304306673,0.37998106956933275,0.007599621391386655
A,4,A4,184,apc-ee2-26,3,FALSE,FALSE,NA,C,ee,eec3,14.551,eec3,165,1.1151515151515152,eec3,151.875,0.9200189304306673,0.19513258472084793,0.013410252540777124
A,5,A5,172,apc-ee2-26,3,FALSE,FALSE,NA,C,ee,eec4,22.656,eec4,155,1.1096774193548387,eec4,151.875,0.9200189304306673,0.18965848892417136,0.008371225676384682
B,4,B4,210,apc-ee2-26,3,FALSE,FALSE,NA,C,ee,eec6,40.527,eec6,174,1.206896551724138,eec6,151.875,0.9200189304306673,0.2868776212934706,0.0070786789373373455
C,2,C2,230,apc-ee2-26,3,FALSE,FALSE,NA,D,ee,eed12,55.566,eed12,185,1.2432432432432432,eed12,151.875,0.9200189304306673,0.3232243128125759,0.0058169440451458785
C,5,C5,275,apc-ee2-26,3,FALSE,FALSE,NA,D,ee,eed9,48.047,eed9,187,1.4705882352941178,eed9,151.875,0.9200189304306673,0.5505693048634505,0.011458973606332351
D,3,D3,271,apc-ee2-26,3,FALSE,FALSE,NA,D,ee,eed13,59.375,eed13,194,1.3969072164948453,eed13,151.875,0.9200189304306673,0.476888286064178,0.00803180271265984
D,4,D4,239,apc-ee2-26,3,FALSE,FALSE,NA,D,ee,eed15,56.055,eed15,182,1.3131868131868132,eed15,151.875,0.9200189304306673,0.3931678827561459,0.007013966332283399
D,5,D5,216,apc-ee2-26,3,FALSE,FALSE,NA,D,ee,eed16,29.688,eed16,169,1.2781065088757397,eed16,151.875,0.9200189304306673,0.35808757844507244,0.012061694234878484
A,2,A2,273,apc-ee2-26,4,FALSE,FALSE,NA,C,ee,eec2,60.742,eec2,185,1.4756756756756757,eec2,152.25,0.922290582110743,0.5533850935649327,0.009110419373167375
A,3,A3,241,apc-ee2-26,4,FALSE,FALSE,NA,C,ee,eec1,50,eec1,180,1.3388888888888888,eec1,152.25,0.922290582110743,0.4165983067781458,0.008331966135562916
A,4,A4,190,apc-ee2-26,4,FALSE,FALSE,NA,C,ee,eec3,14.551,eec3,165,1.1515151515151516,eec3,152.25,0.922290582110743,0.2292245694044086,0.01575318324544077
A,5,A5,175,apc-ee2-26,4,FALSE,FALSE,NA,C,ee,eec4,22.656,eec4,155,1.1290322580645162,eec4,152.25,0.922290582110743,0.20674167595377324,0.009125250527620641
B,4,B4,221,apc-ee2-26,4,FALSE,FALSE,NA,C,ee,eec6,40.527,eec6,174,1.2701149425287357,eec6,152.25,0.922290582110743,0.3478243604179927,0.00858253412337436
C,2,C2,249,apc-ee2-26,4,FALSE,FALSE,NA,D,ee,eed12,55.566,eed12,185,1.345945945945946,eed12,152.25,0.922290582110743,0.42365536383520297,0.007624363168757926
C,5,C5,279,apc-ee2-26,4,FALSE,FALSE,NA,D,ee,eed9,48.047,eed9,187,1.4919786096256684,eed9,152.25,0.922290582110743,0.5696880275149254,0.011856890701082803
D,3,D3,270,apc-ee2-26,4,FALSE,FALSE,NA,D,ee,eed13,59.375,eed13,194,1.3917525773195876,eed13,152.25,0.922290582110743,0.4694619952088446,0.007906728340359487
D,4,D4,263,apc-ee2-26,4,FALSE,FALSE,NA,D,ee,eed15,56.055,eed15,182,1.445054945054945,eed15,152.25,0.922290582110743,0.522764362944202,0.009325918525451825
D,5,D5,216,apc-ee2-26,4,FALSE,FALSE,NA,D,ee,eed16,29.688,eed16,169,1.2781065088757397,eed16,152.25,0.922290582110743,0.35581592676499674,0.011985176730160224
A,2,A2,288,apc-ee2-26,5,FALSE,FALSE,NA,C,ee,eec2,60.742,eec2,185,1.5567567567567568,eec2,153.875,0.9321344060577378,0.6246223506990191,0.010283203560946612
A,3,A3,263,apc-ee2-26,5,FALSE,FALSE,NA,C,ee,eec1,50,eec1,180,1.461111111111111,eec1,153.875,0.9321344060577378,0.5289767050533732,0.010579534101067465
A,4,A4,202,apc-ee2-26,5,FALSE,FALSE,NA,C,ee,eec3,14.551,eec3,165,1.2242424242424241,eec3,153.875,0.9321344060577378,0.29210801818468635,0.020074772743088883
A,5,A5,184,apc-ee2-26,5,FALSE,FALSE,NA,C,ee,eec4,22.656,eec4,155,1.1870967741935483,eec4,153.875,0.9321344060577378,0.2549623681358105,0.0112536355992148
B,4,B4,246,apc-ee2-26,5,FALSE,FALSE,NA,C,ee,eec6,40.527,eec6,174,1.4137931034482758,eec6,153.875,0.9321344060577378,0.481658697390538,0.0118848840869183
C,2,C2,268,apc-ee2-26,5,FALSE,FALSE,NA,D,ee,eed12,55.566,eed12,185,1.4486486486486487,eed12,153.875,0.9321344060577378,0.5165142425909109,0.009295508810979932
C,5,C5,309,apc-ee2-26,5,FALSE,FALSE,NA,D,ee,eed9,48.047,eed9,187,1.6524064171122994,eed9,153.875,0.9321344060577378,0.7202720110545616,0.014990988221003636
D,3,D3,286,apc-ee2-26,5,FALSE,FALSE,NA,D,ee,eed13,59.375,eed13,194,1.4742268041237114,eed13,153.875,0.9321344060577378,0.5420923980659736,0.00912997723058482
D,4,D4,274,apc-ee2-26,5,FALSE,FALSE,NA,D,ee,eed15,56.055,eed15,182,1.5054945054945055,eed15,153.875,0.9321344060577378,0.5733600994367677,0.010228527329172557
D,5,D5,247,apc-ee2-26,5,FALSE,FALSE,NA,D,ee,eed16,29.688,eed16,169,1.4615384615384615,eed16,153.875,0.9321344060577378,0.5294040554807237,0.017832257325543104
A,2,A2,319,apc-ee2-26,6,FALSE,FALSE,NA,C,ee,eec2,60.742,eec2,185,1.7243243243243243,eec2,154.5,0.9359204921911973,0.7884038321331269,0.01297955009932381
A,3,A3,285,apc-ee2-26,6,FALSE,FALSE,NA,C,ee,eec1,50,eec1,180,1.5833333333333333,eec1,154.5,0.9359204921911973,0.6474128411421359,0.01294825682284272
A,4,A4,208,apc-ee2-26,6,FALSE,FALSE,NA,C,ee,eec3,14.551,eec3,165,1.2606060606060605,eec3,154.5,0.9359204921911973,0.3246855684148632,0.022313625758701338
A,5,A5,196,apc-ee2-26,6,FALSE,FALSE,NA,C,ee,eec4,22.656,eec4,155,1.264516129032258,eec4,154.5,0.9359204921911973,0.32859563684106063,0.01450369159785755
B,4,B4,266,apc-ee2-26,6,FALSE,FALSE,NA,C,ee,eec6,40.527,eec6,174,1.528735632183908,eec6,154.5,0.9359204921911973,0.5928151399927107,0.014627659091290022
C,2,C2,313,apc-ee2-26,6,FALSE,FALSE,NA,D,ee,eed12,55.566,eed12,185,1.691891891891892,eed12,154.5,0.9359204921911973,0.7559713997006946,0.013604927468248472
C,5,C5,340,apc-ee2-26,6,FALSE,FALSE,NA,D,ee,eed9,48.047,eed9,187,1.8181818181818181,eed9,154.5,0.9359204921911973,0.8822613259906208,0.01836246437843405
D,3,D3,328,apc-ee2-26,6,FALSE,FALSE,NA,D,ee,eed13,59.375,eed13,194,1.690721649484536,eed13,154.5,0.9359204921911973,0.7548011572933387,0.01271244054388781
D,4,D4,331,apc-ee2-26,6,FALSE,FALSE,NA,D,ee,eed15,56.055,eed15,182,1.8186813186813187,eed15,154.5,0.9359204921911973,0.8827608264901213,0.015748119284454933
D,5,D5,342,apc-ee2-26,6,FALSE,FALSE,NA,D,ee,eed16,29.688,eed16,169,2.0236686390532546,eed16,154.5,0.9359204921911973,1.0877481468620571,0.03663932049521885
A,2,A2,344,apc-ee2-26,7,FALSE,FALSE,NA,C,ee,eec2,60.742,eec2,185,1.8594594594594596,eec2,154.875,0.938192143871273,0.9212673155881865,0.015166891369862478
A,3,A3,293,apc-ee2-26,7,FALSE,FALSE,NA,C,ee,eec1,50,eec1,180,1.6277777777777778,eec1,154.875,0.938192143871273,0.6895856339065047,0.013791712678130095
A,4,A4,216,apc-ee2-26,7,FALSE,FALSE,NA,C,ee,eec3,14.551,eec3,165,1.309090909090909,eec3,154.875,0.938192143871273,0.37089876521963605,0.025489572209445126
A,5,A5,203,apc-ee2-26,7,FALSE,FALSE,NA,C,ee,eec4,22.656,eec4,155,1.3096774193548386,eec4,154.875,0.938192143871273,0.3714852754835656,0.016396772399521788
B,4,B4,274,apc-ee2-26,7,FALSE,FALSE,NA,C,ee,eec6,40.527,eec6,174,1.5747126436781609,eec6,154.875,0.938192143871273,0.6365204998068879,0.015706084827568974
C,2,C2,315,apc-ee2-26,7,FALSE,FALSE,NA,D,ee,eed12,55.566,eed12,185,1.7027027027027026,eed12,154.875,0.938192143871273,0.7645105588314296,0.013758603441518727
C,5,C5,385,apc-ee2-26,7,FALSE,FALSE,NA,D,ee,eed9,48.047,eed9,187,2.0588235294117645,eed9,154.875,0.938192143871273,1.1206313855404915,0.0233236494586653
D,3,D3,334,apc-ee2-26,7,FALSE,FALSE,NA,D,ee,eed13,59.375,eed13,194,1.7216494845360826,eed13,154.875,0.938192143871273,0.7834573406648095,0.013195071000670477
D,4,D4,326,apc-ee2-26,7,FALSE,FALSE,NA,D,ee,eed15,56.055,eed15,182,1.7912087912087913,eed15,154.875,0.938192143871273,0.8530166473375183,0.01521749437762052
D,5,D5,473,apc-ee2-26,7,FALSE,FALSE,NA,D,ee,eed16,29.688,eed16,169,2.798816568047337,eed16,154.875,0.938192143871273,1.860624424176064,0.0626726092756691
A,2,A2,377,apc-ee2-26,8,FALSE,FALSE,NA,C,ee,eec2,60.742,eec2,185,2.037837837837838,eec2,156,0.9450070989115003,1.0928307389263376,0.017991352588428725
A,3,A3,329,apc-ee2-26,8,FALSE,FALSE,NA,C,ee,eec1,50,eec1,180,1.8277777777777777,eec1,156,0.9450070989115003,0.8827706788662775,0.01765541357732555
A,4,A4,226,apc-ee2-26,8,FALSE,FALSE,NA,C,ee,eec3,14.551,eec3,165,1.3696969696969696,eec3,156,0.9450070989115003,0.4246898707854694,0.029186301339115484
A,5,A5,211,apc-ee2-26,8,FALSE,FALSE,NA,C,ee,eec4,22.656,eec4,155,1.3612903225806452,eec4,156,0.9450070989115003,0.41628322366914494,0.01837408296562257
B,4,B4,290,apc-ee2-26,8,FALSE,FALSE,NA,C,ee,eec6,40.527,eec6,174,1.6666666666666667,eec6,156,0.9450070989115003,0.7216595677551665,0.01780688350371768
C,2,C2,327,apc-ee2-26,8,FALSE,FALSE,NA,D,ee,eed12,55.566,eed12,185,1.7675675675675675,eed12,156,0.9450070989115003,0.8225604686560672,0.014803305414391303
C,5,C5,430,apc-ee2-26,8,FALSE,FALSE,NA,D,ee,eed9,48.047,eed9,187,2.299465240641711,eed9,156,0.9450070989115003,1.3544581417302108,0.02819027497513291
D,3,D3,375,apc-ee2-26,8,FALSE,FALSE,NA,D,ee,eed13,59.375,eed13,194,1.9329896907216495,eed13,156,0.9450070989115003,0.9879825918101492,0.016639706809434093
D,4,D4,363,apc-ee2-26,8,FALSE,FALSE,NA,D,ee,eed15,56.055,eed15,182,1.9945054945054945,eed15,156,0.9450070989115003,1.0494983955939943,0.018722654457122366
D,5,D5,622,apc-ee2-26,8,FALSE,FALSE,NA,D,ee,eed16,29.688,eed16,169,3.6804733727810652,eed16,156,0.9450070989115003,2.735466273869565,0.09214047001716401
A,2,A2,256,apc-ep1-26,0,FALSE,FALSE,NA,A,ep,epa4,43.345,epa4,256,1,epa4,155.5,0.9419782300047326,0.058021769995267425,0.001338603529709711
A,3,A3,328,apc-ep1-26,0,FALSE,FALSE,NA,A,ep,epa1,59.153,epa1,328,1,epa1,155.5,0.9419782300047326,0.058021769995267425,9.808762023104057e-4
A,5,A5,248,apc-ep1-26,0,FALSE,FALSE,NA,A,ep,epa3,29.454,epa3,248,1,epa3,155.5,0.9419782300047326,0.058021769995267425,0.001969911387087235
B,2,B2,211,apc-ep1-26,0,FALSE,FALSE,NA,A,ep,epa8,29.24,epa8,211,1,epa8,155.5,0.9419782300047326,0.058021769995267425,0.0019843286592088724
B,3,B3,230,apc-ep1-26,0,FALSE,FALSE,NA,A,ep,epa6,54.227,epa6,230,1,epa6,155.5,0.9419782300047326,0.058021769995267425,0.0010699793459949367
B,4,B4,283,apc-ep1-26,0,FALSE,FALSE,NA,A,ep,epa7,54.952,epa7,283,1,epa7,155.5,0.9419782300047326,0.058021769995267425,0.0010558627528619055
B,5,B5,258,apc-ep1-26,0,FALSE,FALSE,NA,A,ep,epa5,29.689,epa5,258,1,epa5,155.5,0.9419782300047326,0.058021769995267425,0.0019543187711026787
C,3,C3,197,apc-ep1-26,0,FALSE,FALSE,NA,B,ep,epb11,21.254,epb11,197,1,epb11,155.5,0.9419782300047326,0.058021769995267425,0.002729922367331675
C,4,C4,195,apc-ep1-26,0,FALSE,FALSE,NA,B,ep,epb10,23.661,epb10,195,1,epb10,155.5,0.9419782300047326,0.058021769995267425,0.002452211233475653
C,5,C5,240,apc-ep1-26,0,FALSE,FALSE,NA,B,ep,epb9,44.793,epb9,240,1,epb9,155.5,0.9419782300047326,0.058021769995267425,0.0012953311900356624
D,2,D2,208,apc-ep1-26,0,FALSE,FALSE,NA,B,ep,epb16,44.161,epb16,208,1,epb16,155.5,0.9419782300047326,0.058021769995267425,0.00131386902459789
D,3,D3,220,apc-ep1-26,0,FALSE,FALSE,NA,B,ep,epb15,47.71,epb15,220,1,epb15,155.5,0.9419782300047326,0.058021769995267425,0.00121613435328584
D,4,D4,207,apc-ep1-26,0,FALSE,FALSE,NA,B,ep,epb13,36.655,epb13,207,1,epb13,155.5,0.9419782300047326,0.058021769995267425,0.0015829155639139933
D,5,D5,214,apc-ep1-26,0,FALSE,FALSE,NA,B,ep,epb14,41.54,epb14,214,1,epb14,155.5,0.9419782300047326,0.058021769995267425,0.0013967686566024899
A,2,A2,284,apc-ep1-26,1,FALSE,FALSE,NA,A,ep,epa4,43.345,epa4,256,1.109375,epa4,157.75,0.9556081400851869,0.1537668599148131,0.0035475108989459704
A,3,A3,356,apc-ep1-26,1,FALSE,FALSE,NA,A,ep,epa1,59.153,epa1,328,1.0853658536585367,epa1,157.75,0.9556081400851869,0.12975771357334975,0.002193594806237211
A,5,A5,701,apc-ep1-26,1,FALSE,FALSE,NA,A,ep,epa3,29.454,epa3,248,2.8266129032258065,epa3,157.75,0.9556081400851869,1.8710047631406197,0.06352294300063216
B,2,B2,220,apc-ep1-26,1,FALSE,FALSE,NA,A,ep,epa8,29.24,epa8,211,1.042654028436019,epa8,157.75,0.9556081400851869,0.08704588835083216,0.0029769455660339315
B,3,B3,234,apc-ep1-26,1,FALSE,FALSE,NA,A,ep,epa6,54.227,epa6,230,1.017391304347826,epa6,157.75,0.9556081400851869,0.06178316426263908,0.0011393432102576038
B,4,B4,271,apc-ep1-26,1,FALSE,FALSE,NA,A,ep,epa7,54.952,epa7,283,0.9575971731448764,epa7,157.75,0.9556081400851869,0.001989033059689449,3.6195826533874093e-5
B,5,B5,244,apc-ep1-26,1,FALSE,FALSE,NA,A,ep,epa5,29.689,epa5,258,0.9457364341085271,epa5,157.75,0.9556081400851869,-0.009871705976659761,-3.3250382217857663e-4
C,3,C3,199,apc-ep1-26,1,FALSE,FALSE,NA,B,ep,epb11,21.254,epb11,197,1.0101522842639594,epb11,157.75,0.9556081400851869,0.05454414417877251,0.0025663001872011154
C,4,C4,201,apc-ep1-26,1,FALSE,FALSE,NA,B,ep,epb10,23.661,epb10,195,1.0307692307692307,epb10,157.75,0.9556081400851869,0.07516109068404375,0.003176581323022854
C,5,C5,243,apc-ep1-26,1,FALSE,FALSE,NA,B,ep,epb9,44.793,epb9,240,1.0125,epb9,157.75,0.9556081400851869,0.05689185991481305,0.0012701060414531968
D,2,D2,1033,apc-ep1-26,1,FALSE,FALSE,NA,B,ep,epb16,44.161,epb16,208,4.966346153846154,epb16,157.75,0.9556081400851869,4.010738013760967,0.09082081505765194
D,3,D3,246,apc-ep1-26,1,FALSE,FALSE,NA,B,ep,epb15,47.71,epb15,220,1.1181818181818182,epb15,157.75,0.9556081400851869,0.16257367809663126,0.0034075388408432456
D,4,D4,225,apc-ep1-26,1,FALSE,FALSE,NA,B,ep,epb13,36.655,epb13,207,1.0869565217391304,epb13,157.75,0.9556081400851869,0.13134838165394347,0.0035833687533472504
D,5,D5,229,apc-ep1-26,1,FALSE,FALSE,NA,B,ep,epb14,41.54,epb14,214,1.0700934579439252,epb14,157.75,0.9556081400851869,0.11448531785873828,0.0027560259474900886
A,2,A2,308,apc-ep1-26,2,FALSE,FALSE,NA,A,ep,epa4,43.345,epa4,256,1.203125,epa4,158.875,0.9624230951254141,0.24070190487458587,0.0055531642605741345
A,3,A3,501,apc-ep1-26,2,FALSE,FALSE,NA,A,ep,epa1,59.153,epa1,328,1.5274390243902438,epa1,158.875,0.9624230951254141,0.5650159292648297,0.00955177132630348
A,5,A5,1114,apc-ep1-26,2,FALSE,FALSE,NA,A,ep,epa3,29.454,epa3,248,4.491935483870968,epa3,158.875,0.9624230951254141,3.529512388745554,0.11983134340821464
B,2,B2,238,apc-ep1-26,2,FALSE,FALSE,NA,A,ep,epa8,29.24,epa8,211,1.127962085308057,epa8,158.875,0.9624230951254141,0.16553899018264284,0.0056613881731410005
B,3,B3,255,apc-ep1-26,2,FALSE,FALSE,NA,A,ep,epa6,54.227,epa6,230,1.108695652173913,epa6,158.875,0.9624230951254141,0.14627255704849895,0.002697411935908292
B,4,B4,366,apc-ep1-26,2,FALSE,FALSE,NA,A,ep,epa7,54.952,epa7,283,1.2932862190812722,epa7,158.875,0.9624230951254141,0.33086312395585804,0.006020947808193661
B,5,B5,272,apc-ep1-26,2,FALSE,FALSE,NA,A,ep,epa5,29.689,epa5,258,1.054263565891473,epa5,158.875,0.9624230951254141,0.09184047076605883,0.0030934174531327707
C,3,C3,218,apc-ep1-26,2,FALSE,FALSE,NA,B,ep,epb11,21.254,epb11,197,1.1065989847715736,epb11,158.875,0.9624230951254141,0.14417588964615946,0.006783470859422201
C,4,C4,223,apc-ep1-26,2,FALSE,FALSE,NA,B,ep,epb10,23.661,epb10,195,1.1435897435897435,epb10,158.875,0.9624230951254141,0.1811666484643294,0.007656762117591369
C,5,C5,256,apc-ep1-26,2,FALSE,FALSE,NA,B,ep,epb9,44.793,epb9,240,1.0666666666666667,epb9,158.875,0.9624230951254141,0.10424357154125252,0.0023272290657301927
D,2,D2,2229,apc-ep1-26,2,FALSE,FALSE,NA,B,ep,epb16,44.161,epb16,208,10.716346153846153,epb16,158.875,0.9624230951254141,9.753923058720739,0.2208718792310124
D,3,D3,292,apc-ep1-26,2,FALSE,FALSE,NA,B,ep,epb15,47.71,epb15,220,1.3272727272727274,epb15,158.875,0.9624230951254141,0.36484963214731325,0.007647236054229999
D,4,D4,260,apc-ep1-26,2,FALSE,FALSE,NA,B,ep,epb13,36.655,epb13,207,1.2560386473429952,epb13,158.875,0.9624230951254141,0.29361555221758107,0.008010245593168219
D,5,D5,276,apc-ep1-26,2,FALSE,FALSE,NA,B,ep,epb14,41.54,epb14,214,1.2897196261682242,epb14,158.875,0.9624230951254141,0.3272965310428101,0.007879069115137461
A,2,A2,325,apc-ep1-26,3,FALSE,FALSE,NA,A,ep,epa4,43.345,epa4,256,1.26953125,epa4,161.25,0.9768102224325603,0.2927210275674397,0.006753282444744254
A,3,A3,631,apc-ep1-26,3,FALSE,FALSE,NA,A,ep,epa1,59.153,epa1,328,1.923780487804878,epa1,161.25,0.9768102224325603,0.9469702653723178,0.016008829059765656
A,5,A5,1470,apc-ep1-26,3,FALSE,FALSE,NA,A,ep,epa3,29.454,epa3,248,5.92741935483871,epa3,161.25,0.9768102224325603,4.95060913240615,0.16807934855728085
B,2,B2,637,apc-ep1-26,3,FALSE,FALSE,NA,A,ep,epa8,29.24,epa8,211,3.018957345971564,epa8,161.25,0.9768102224325603,2.042147123539004,0.06984087289805076
B,3,B3,252,apc-ep1-26,3,FALSE,FALSE,NA,A,ep,epa6,54.227,epa6,230,1.0956521739130434,epa6,161.25,0.9768102224325603,0.11884195148048304,0.0021915641927542193
B,4,B4,442,apc-ep1-26,3,FALSE,FALSE,NA,A,ep,epa7,54.952,epa7,283,1.5618374558303887,epa7,161.25,0.9768102224325603,0.5850272333978284,0.010646149974483703
B,5,B5,731,apc-ep1-26,3,FALSE,FALSE,NA,A,ep,epa5,29.689,epa5,258,2.8333333333333335,epa5,161.25,0.9768102224325603,1.8565231109007732,0.06253235578499691
C,3,C3,231,apc-ep1-26,3,FALSE,FALSE,NA,B,ep,epb11,21.254,epb11,197,1.1725888324873097,epb11,161.25,0.9768102224325603,0.1957786100547494,0.009211377155111949
C,4,C4,240,apc-ep1-26,3,FALSE,FALSE,NA,B,ep,epb10,23.661,epb10,195,1.2307692307692308,epb10,161.25,0.9768102224325603,0.2539590083366705,0.010733232252933963
C,5,C5,284,apc-ep1-26,3,FALSE,FALSE,NA,B,ep,epb9,44.793,epb9,240,1.1833333333333333,epb9,161.25,0.9768102224325603,0.20652311090077302,0.004610611276332753
D,2,D2,3834,apc-ep1-26,3,FALSE,FALSE,NA,B,ep,epb16,44.161,epb16,208,18.432692307692307,epb16,161.25,0.9768102224325603,17.455882085259745,0.3952782338547529
D,3,D3,314,apc-ep1-26,3,FALSE,FALSE,NA,B,ep,epb15,47.71,epb15,220,1.4272727272727272,epb15,161.25,0.9768102224325603,0.4504625048401669,0.009441678994763506
D,4,D4,287,apc-ep1-26,3,FALSE,FALSE,NA,B,ep,epb13,36.655,epb13,207,1.3864734299516908,epb13,161.25,0.9768102224325603,0.40966320751913043,0.01117618899247389
D,5,D5,316,apc-ep1-26,3,FALSE,FALSE,NA,B,ep,epb14,41.54,epb14,214,1.4766355140186915,epb14,161.25,0.9768102224325603,0.4998252915861312,0.012032385449834647
A,2,A2,348,apc-ep1-26,4,FALSE,FALSE,NA,A,ep,epa4,43.345,epa4,256,1.359375,epa4,162.875,0.9866540463795551,0.3727209536204449,0.008598937677251006
A,3,A3,752,apc-ep1-26,4,FALSE,FALSE,NA,A,ep,epa1,59.153,epa1,328,2.292682926829268,epa1,162.875,0.9866540463795551,1.306028880449713,0.02207882745506928
A,5,A5,1799,apc-ep1-26,4,FALSE,FALSE,NA,A,ep,epa3,29.454,epa3,248,7.254032258064516,epa3,162.875,0.9866540463795551,6.267378211684961,0.21278529950719632
B,2,B2,1205,apc-ep1-26,4,FALSE,FALSE,NA,A,ep,epa8,29.24,epa8,211,5.710900473933649,epa8,162.875,0.9866540463795551,4.724246427554094,0.1615679352788678
B,3,B3,2498,apc-ep1-26,4,FALSE,FALSE,NA,A,ep,epa6,54.227,epa6,230,10.860869565217392,epa6,162.875,0.9866540463795551,9.874215518837836,0.18209038889921694
B,4,B4,595,apc-ep1-26,4,FALSE,FALSE,NA,A,ep,epa7,54.952,epa7,283,2.1024734982332154,epa7,162.875,0.9866540463795551,1.1158194518536604,0.020305347427821745
B,5,B5,1318,apc-ep1-26,4,FALSE,FALSE,NA,A,ep,epa5,29.689,epa5,258,5.108527131782946,epa5,162.875,0.9866540463795551,4.121873085403391,0.1388350259491189
C,3,C3,245,apc-ep1-26,4,FALSE,FALSE,NA,B,ep,epb11,21.254,epb11,197,1.2436548223350254,epb11,162.875,0.9866540463795551,0.25700077595547033,0.012091878044390247
C,4,C4,253,apc-ep1-26,4,FALSE,FALSE,NA,B,ep,epb10,23.661,epb10,195,1.2974358974358975,epb10,162.875,0.9866540463795551,0.3107818510563424,0.013134772454940297
C,5,C5,315,apc-ep1-26,4,FALSE,FALSE,NA,B,ep,epb9,44.793,epb9,240,1.3125,epb9,162.875,0.9866540463795551,0.3258459536204449,0.007274483817124214
D,2,D2,4529,apc-ep1-26,4,FALSE,FALSE,NA,B,ep,epb16,44.161,epb16,208,21.77403846153846,epb16,162.875,0.9866540463795551,20.787384415158904,0.4707181543705737
D,3,D3,332,apc-ep1-26,4,FALSE,FALSE,NA,B,ep,epb15,47.71,epb15,220,1.509090909090909,epb15,162.875,0.9866540463795551,0.5224368627113539,0.010950259122015383
D,4,D4,305,apc-ep1-26,4,FALSE,FALSE,NA,B,ep,epb13,36.655,epb13,207,1.4734299516908214,epb13,162.875,0.9866540463795551,0.48677590531126624,0.013279931941379518
D,5,D5,320,apc-ep1-26,4,FALSE,FALSE,NA,B,ep,epb14,41.54,epb14,214,1.4953271028037383,epb14,162.875,0.9866540463795551,0.5086730564241831,0.01224537930727451
A,2,A2,367,apc-ep1-26,5,FALSE,FALSE,NA,A,ep,epa4,43.345,epa4,256,1.43359375,epa4,164.375,0.995740653099858,0.43785309690014196,0.010101582579308847
A,3,A3,849,apc-ep1-26,5,FALSE,FALSE,NA,A,ep,epa1,59.153,epa1,328,2.5884146341463414,epa1,164.375,0.995740653099858,1.5926739810464834,0.02692465269802856
A,5,A5,1897,apc-ep1-26,5,FALSE,FALSE,NA,A,ep,epa3,29.454,epa3,248,7.649193548387097,epa3,164.375,0.995740653099858,6.653452895287239,0.22589301606869147
B,2,B2,1722,apc-ep1-26,5,FALSE,FALSE,NA,A,ep,epa8,29.24,epa8,211,8.161137440758294,epa8,164.375,0.995740653099858,7.165396787658436,0.2450546097010409
B,3,B3,3362,apc-ep1-26,5,FALSE,FALSE,NA,A,ep,epa6,54.227,epa6,230,14.617391304347827,epa6,164.375,0.995740653099858,13.621650651247968,0.2511968327816027
B,4,B4,651,apc-ep1-26,5,FALSE,FALSE,NA,A,ep,epa7,54.952,epa7,283,2.3003533568904593,epa7,164.375,0.995740653099858,1.3046127037906012,0.023740950352864342
B,5,B5,1912,apc-ep1-26,5,FALSE,FALSE,NA,A,ep,epa5,29.689,epa5,258,7.410852713178294,epa5,164.375,0.995740653099858,6.415112060078436,0.21607706760343684
C,3,C3,256,apc-ep1-26,5,FALSE,FALSE,NA,B,ep,epb11,21.254,epb11,197,1.299492385786802,epb11,164.375,0.995740653099858,0.3037517326869439,0.014291509018864395
C,4,C4,267,apc-ep1-26,5,FALSE,FALSE,NA,B,ep,epb10,23.661,epb10,195,1.3692307692307693,epb10,164.375,0.995740653099858,0.3734901161309112,0.01578505203207435
C,5,C5,345,apc-ep1-26,5,FALSE,FALSE,NA,B,ep,epb9,44.793,epb9,240,1.4375,epb9,164.375,0.995740653099858,0.44175934690014196,0.009862240682699126
D,2,D2,4657,apc-ep1-26,5,FALSE,FALSE,NA,B,ep,epb16,44.161,epb16,208,22.389423076923077,epb16,164.375,0.995740653099858,21.39368242382322,0.48444741794396
D,3,D3,356,apc-ep1-26,5,FALSE,FALSE,NA,B,ep,epb15,47.71,epb15,220,1.6181818181818182,epb15,164.375,0.995740653099858,0.6224411650819601,0.01304634594596437
D,4,D4,325,apc-ep1-26,5,FALSE,FALSE,NA,B,ep,epb13,36.655,epb13,207,1.570048309178744,epb13,164.375,0.995740653099858,0.574307656078886,0.015667921322572255
D,5,D5,340,apc-ep1-26,5,FALSE,FALSE,NA,B,ep,epb14,41.54,epb14,214,1.588785046728972,epb14,164.375,0.995740653099858,0.5930443936291139,0.014276465903445206
A,2,A2,382,apc-ep1-26,6,FALSE,FALSE,NA,A,ep,epa4,43.345,epa4,256,1.4921875,epa4,166.125,1.0063416942735448,0.4858458057264552,0.011208808529852468
A,3,A3,916,apc-ep1-26,6,FALSE,FALSE,NA,A,ep,epa1,59.153,epa1,328,2.792682926829268,epa1,166.125,1.0063416942735448,1.7863412325557233,0.030198658268485508
A,5,A5,2070,apc-ep1-26,6,FALSE,FALSE,NA,A,ep,epa3,29.454,epa3,248,8.346774193548388,epa3,166.125,1.0063416942735448,7.3404324992748435,0.24921682960802755
B,2,B2,2369,apc-ep1-26,6,FALSE,FALSE,NA,A,ep,epa8,29.24,epa8,211,11.227488151658768,epa8,166.125,1.0063416942735448,10.221146457385224,0.3495604123592758
B,3,B3,3095,apc-ep1-26,6,FALSE,FALSE,NA,A,ep,epa6,54.227,epa6,230,13.456521739130435,epa6,166.125,1.0063416942735448,12.450180044856891,0.22959374564067517
B,4,B4,762,apc-ep1-26,6,FALSE,FALSE,NA,A,ep,epa7,54.952,epa7,283,2.6925795053003534,epa7,166.125,1.0063416942735448,1.6862378110268086,0.0306856494945918
B,5,B5,2667,apc-ep1-26,6,FALSE,FALSE,NA,A,ep,epa5,29.689,epa5,258,10.337209302325581,epa5,166.125,1.0063416942735448,9.330867608052037,0.31428702913712275
C,3,C3,280,apc-ep1-26,6,FALSE,FALSE,NA,B,ep,epb11,21.254,epb11,197,1.4213197969543148,epb11,166.125,1.0063416942735448,0.41497810268076996,0.01952470606383598
C,4,C4,763,apc-ep1-26,6,FALSE,FALSE,NA,B,ep,epb10,23.661,epb10,195,3.9128205128205127,epb10,166.125,1.0063416942735448,2.906478818546968,0.1228383761695181
C,5,C5,371,apc-ep1-26,6,FALSE,FALSE,NA,B,ep,epb9,44.793,epb9,240,1.5458333333333334,epb9,166.125,1.0063416942735448,0.5394916390597886,0.012044105977715014
D,2,D2,4800,apc-ep1-26,6,FALSE,FALSE,NA,B,ep,epb16,44.161,epb16,208,23.076923076923077,epb16,166.125,1.0063416942735448,22.070581382649532,0.4997753987149189
D,3,D3,378,apc-ep1-26,6,FALSE,FALSE,NA,B,ep,epb15,47.71,epb15,220,1.7181818181818183,epb15,166.125,1.0063416942735448,0.7118401239082734,0.01492014512488521
D,4,D4,342,apc-ep1-26,6,FALSE,FALSE,NA,B,ep,epb13,36.655,epb13,207,1.6521739130434783,epb13,166.125,1.0063416942735448,0.6458322187699335,0.017619212079387082
D,5,D5,365,apc-ep1-26,6,FALSE,FALSE,NA,B,ep,epb14,41.54,epb14,214,1.705607476635514,epb14,166.125,1.0063416942735448,0.6992657823619692,0.016833552777129737
A,2,A2,407,apc-ep1-26,7,FALSE,FALSE,NA,A,ep,epa4,43.345,epa4,256,1.58984375,epa4,167.25,1.0131566493137718,0.5766871006862282,0.01330458185918164
A,3,A3,998,apc-ep1-26,7,FALSE,FALSE,NA,A,ep,epa1,59.153,epa1,328,3.042682926829268,epa1,167.25,1.0131566493137718,2.0295262775154965,0.03430977765312827
A,5,A5,2130,apc-ep1-26,7,FALSE,FALSE,NA,A,ep,epa3,29.454,epa3,248,8.588709677419354,epa3,167.25,1.0131566493137718,7.575553028105582,0.2571994645245326
B,2,B2,2997,apc-ep1-26,7,FALSE,FALSE,NA,A,ep,epa8,29.24,epa8,211,14.203791469194313,epa8,167.25,1.0131566493137718,13.190634819880541,0.45111610191109924
B,3,B3,3216,apc-ep1-26,7,FALSE,FALSE,NA,A,ep,epa6,54.227,epa6,230,13.982608695652173,epa6,167.25,1.0131566493137718,12.969452046338402,0.23916963959537504
B,4,B4,840,apc-ep1-26,7,FALSE,FALSE,NA,A,ep,epa7,54.952,epa7,283,2.9681978798586575,epa7,167.25,1.0131566493137718,1.9550412305448857,0.03557725343108323
B,5,B5,3340,apc-ep1-26,7,FALSE,FALSE,NA,A,ep,epa5,29.689,epa5,258,12.945736434108527,epa5,167.25,1.0131566493137718,11.932579784794756,0.40191922209554903
C,3,C3,297,apc-ep1-26,7,FALSE,FALSE,NA,B,ep,epb11,21.254,epb11,197,1.5076142131979695,epb11,167.25,1.0131566493137718,0.4944575638841977,0.023264212095803035
C,4,C4,1074,apc-ep1-26,7,FALSE,FALSE,NA,B,ep,epb10,23.661,epb10,195,5.507692307692308,epb10,167.25,1.0131566493137718,4.494535658378536,0.18995543968465134
C,5,C5,395,apc-ep1-26,7,FALSE,FALSE,NA,B,ep,epb9,44.793,epb9,240,1.6458333333333333,epb9,167.25,1.0131566493137718,0.6326766840195615,0.014124454357144229
D,2,D2,4835,apc-ep1-26,7,FALSE,FALSE,NA,B,ep,epb16,44.161,epb16,208,23.245192307692307,epb16,167.25,1.0131566493137718,22.232035658378535,0.5034314362985108
D,3,D3,392,apc-ep1-26,7,FALSE,FALSE,NA,B,ep,epb15,47.71,epb15,220,1.7818181818181817,epb15,167.25,1.0131566493137718,0.7686615325044099,0.01611111994350052
D,4,D4,349,apc-ep1-26,7,FALSE,FALSE,NA,B,ep,epb13,36.655,epb13,207,1.6859903381642511,epb13,167.25,1.0131566493137718,0.6728336888504793,0.01835585019371107
D,5,D5,365,apc-ep1-26,7,FALSE,FALSE,NA,B,ep,epb14,41.54,epb14,214,1.705607476635514,epb14,167.25,1.0131566493137718,0.6924508273217422,0.01666949512088932
A,2,A2,437,apc-ep1-26,8,FALSE,FALSE,NA,A,ep,epa4,43.345,epa4,256,1.70703125,epa4,168.25,1.0192143871273072,0.6878168628726928,0.015868424567370927
A,3,A3,1048,apc-ep1-26,8,FALSE,FALSE,NA,A,ep,epa1,59.153,epa1,328,3.1951219512195124,epa1,168.25,1.0192143871273072,2.1759075640922054,0.03678439916981734
A,5,A5,2241,apc-ep1-26,8,FALSE,FALSE,NA,A,ep,epa3,29.454,epa3,248,9.036290322580646,epa3,168.25,1.0192143871273072,8.017075935453338,0.27218971737126835
B,2,B2,3638,apc-ep1-26,8,FALSE,FALSE,NA,A,ep,epa8,29.24,epa8,211,17.24170616113744,epa8,168.25,1.0192143871273072,16.222491774010134,0.5548047802329048
B,3,B3,3410,apc-ep1-26,8,FALSE,FALSE,NA,A,ep,epa6,54.227,epa6,230,14.826086956521738,epa6,168.25,1.0192143871273072,13.80687256939443,0.2546125098086642
B,4,B4,914,apc-ep1-26,8,FALSE,FALSE,NA,A,ep,epa7,54.952,epa7,283,3.2296819787985864,epa7,168.25,1.0192143871273072,2.2104675916712795,0.040225425674612014
B,5,B5,3409,apc-ep1-26,8,FALSE,FALSE,NA,A,ep,epa5,29.689,epa5,258,13.213178294573643,epa5,168.25,1.0192143871273072,12.193963907446335,0.41072329507380967
C,3,C3,312,apc-ep1-26,8,FALSE,FALSE,NA,B,ep,epb11,21.254,epb11,197,1.583756345177665,epb11,168.25,1.0192143871273072,0.5645419580503579,0.026561680533092963
C,4,C4,1397,apc-ep1-26,8,FALSE,FALSE,NA,B,ep,epb10,23.661,epb10,195,7.164102564102564,epb10,168.25,1.0192143871273072,6.1448881769752575,0.2597053453774252
C,5,C5,421,apc-ep1-26,8,FALSE,FALSE,NA,B,ep,epb9,44.793,epb9,240,1.7541666666666667,epb9,168.25,1.0192143871273072,0.7349522795393595,0.016407748521852956
D,2,D2,4866,apc-ep1-26,8,FALSE,FALSE,NA,B,ep,epb16,44.161,epb16,208,23.39423076923077,epb16,168.25,1.0192143871273072,22.375016382103464,0.5066691511085225
D,3,D3,421,apc-ep1-26,8,FALSE,FALSE,NA,B,ep,epb15,47.71,epb15,220,1.9136363636363636,epb15,168.25,1.0192143871273072,0.8944219765090564,0.01874705463234241
D,4,D4,358,apc-ep1-26,8,FALSE,FALSE,NA,B,ep,epb13,36.655,epb13,207,1.7294685990338163,epb13,168.25,1.0192143871273072,0.7102542119065092,0.01937673474032217
D,5,D5,400,apc-ep1-26,8,FALSE,FALSE,NA,B,ep,epb14,41.54,epb14,214,1.8691588785046729,epb14,168.25,1.0192143871273072,0.8499444913773657,0.02046086883431309
A,2,A2,358,apc-ep2-26,0,FALSE,FALSE,NA,B,ep,epb3,47.684,epb3,358,1,epb3,160.125,0.9699952673923332,0.030004732607666784,6.292410999007379e-4
A,3,A3,230,apc-ep2-26,0,FALSE,FALSE,NA,B,ep,epb5,44.837,epb5,230,1,epb5,160.125,0.9699952673923332,0.030004732607666784,6.69195811665963e-4
A,4,A4,190,apc-ep2-26,0,FALSE,FALSE,NA,C,ep,epc6,13.775,epc6,190,1,epc6,160.125,0.9699952673923332,0.030004732607666784,0.0021782020041863363
B,3,B3,387,apc-ep2-26,0,FALSE,FALSE,NA,C,ep,epc7,32.504,epc7,387,1,epc7,160.125,0.9699952673923332,0.030004732607666784,9.231089283677943e-4
B,5,B5,312,apc-ep2-26,0,FALSE,FALSE,NA,C,ep,epc8,45.687,epc8,312,1,epc8,160.125,0.9699952673923332,0.030004732607666784,6.567455207754238e-4
C,2,C2,251,apc-ep2-26,0,FALSE,FALSE,NA,C,ep,epc12,45.734,epc12,251,1,epc12,160.125,0.9699952673923332,0.030004732607666784,6.560705953484668e-4
C,3,C3,286,apc-ep2-26,0,FALSE,FALSE,NA,D,ep,epd13,49.801,epd13,286,1,epd13,160.125,0.9699952673923332,0.030004732607666784,6.024925725922528e-4
D,3,D3,322,apc-ep2-26,0,FALSE,FALSE,NA,D,ep,epd18,53.73,epd18,322,1,epd18,160.125,0.9699952673923332,0.030004732607666784,5.584353733047978e-4
D,4,D4,331,apc-ep2-26,0,FALSE,FALSE,NA,D,ep,epd17,22.058,epd17,331,1,epd17,160.125,0.9699952673923332,0.030004732607666784,0.0013602653281198107
D,5,D5,977,apc-ep2-26,0,FALSE,FALSE,NA,D,ep,epd19,57.252,epd19,977,1,epd19,160.125,0.9699952673923332,0.030004732607666784,5.240818243496608e-4
A,2,A2,359,apc-ep2-26,1,FALSE,FALSE,NA,B,ep,epb3,47.684,epb3,358,1.0027932960893855,epb3,161.125,0.9760530052058685,0.026740290883517037,5.607812029929754e-4
A,3,A3,244,apc-ep2-26,1,FALSE,FALSE,NA,B,ep,epb5,44.837,epb5,230,1.0608695652173914,epb5,161.125,0.9760530052058685,0.08481656001152293,0.0018916644737944762
A,4,A4,194,apc-ep2-26,1,FALSE,FALSE,NA,C,ep,epc6,13.775,epc6,190,1.0210526315789474,epc6,161.125,0.9760530052058685,0.04499962637307897,0.003266760535250742
B,3,B3,462,apc-ep2-26,1,FALSE,FALSE,NA,C,ep,epc7,32.504,epc7,387,1.193798449612403,epc7,161.125,0.9760530052058685,0.21774544440653454,0.006699035331237219
B,5,B5,313,apc-ep2-26,1,FALSE,FALSE,NA,C,ep,epc8,45.687,epc8,312,1.0032051282051282,epc8,161.125,0.9760530052058685,0.02715212299925973,5.943074178488351e-4
C,2,C2,246,apc-ep2-26,1,FALSE,FALSE,NA,C,ep,epc12,45.734,epc12,251,0.9800796812749004,epc12,161.125,0.9760530052058685,0.004026676069031954,8.804556935828822e-5
C,3,C3,699,apc-ep2-26,1,FALSE,FALSE,NA,D,ep,epd13,49.801,epd13,286,2.444055944055944,epd13,161.125,0.9760530052058685,1.4680029388500757,0.02947737874440424
D,3,D3,359,apc-ep2-26,1,FALSE,FALSE,NA,D,ep,epd18,53.73,epd18,322,1.1149068322981366,epd18,161.125,0.9760530052058685,0.13885382709226812,0.002584288611432498
D,4,D4,357,apc-ep2-26,1,FALSE,FALSE,NA,D,ep,epd17,22.058,epd17,331,1.0785498489425982,epd17,161.125,0.9760530052058685,0.10249684373672974,0.0046466970594219665
D,5,D5,1180,apc-ep2-26,1,FALSE,FALSE,NA,D,ep,epd19,57.252,epd19,977,1.2077789150460594,epd19,161.125,0.9760530052058685,0.23172590984019092,0.0040474727492522695
A,2,A2,384,apc-ep2-26,2,FALSE,FALSE,NA,B,ep,epb3,47.684,epb3,358,1.0726256983240223,epb3,162.375,0.9836251774727875,0.08900052085123478,0.0018664650795074823
A,3,A3,267,apc-ep2-26,2,FALSE,FALSE,NA,B,ep,epb5,44.837,epb5,230,1.1608695652173913,epb5,162.375,0.9836251774727875,0.17724438774460372,0.003953083117617229
A,4,A4,200,apc-ep2-26,2,FALSE,FALSE,NA,C,ep,epc6,13.775,epc6,190,1.0526315789473684,epc6,162.375,0.9836251774727875,0.06900640147458081,0.0050095391270113115
B,3,B3,543,apc-ep2-26,2,FALSE,FALSE,NA,C,ep,epc7,32.504,epc7,387,1.4031007751937985,epc7,162.375,0.9836251774727875,0.41947559772101095,0.012905353117185915
B,5,B5,360,apc-ep2-26,2,FALSE,FALSE,NA,C,ep,epc8,45.687,epc8,312,1.1538461538461537,epc8,162.375,0.9836251774727875,0.1702209763733662,0.0037258076996381072
C,2,C2,275,apc-ep2-26,2,FALSE,FALSE,NA,C,ep,epc12,45.734,epc12,251,1.095617529880478,epc12,162.375,0.9836251774727875,0.11199235240769045,0.0024487766739775757
C,3,C3,1340,apc-ep2-26,2,FALSE,FALSE,NA,D,ep,epd13,49.801,epd13,286,4.685314685314685,epd13,162.375,0.9836251774727875,3.7016895078418974,0.07432962205260732
D,3,D3,426,apc-ep2-26,2,FALSE,FALSE,NA,D,ep,epd18,53.73,epd18,322,1.3229813664596273,epd18,162.375,0.9836251774727875,0.3393561889868397,0.006315953638318253
D,4,D4,406,apc-ep2-26,2,FALSE,FALSE,NA,D,ep,epd17,22.058,epd17,331,1.2265861027190332,epd17,162.375,0.9836251774727875,0.24296092524624568,0.011014639824383249
D,5,D5,1378,apc-ep2-26,2,FALSE,FALSE,NA,D,ep,epd19,57.252,epd19,977,1.4104401228249743,epd19,162.375,0.9836251774727875,0.4268149453521868,0.007455022450782274
A,2,A2,406,apc-ep2-26,3,FALSE,FALSE,NA,B,ep,epb3,47.684,epb3,358,1.1340782122905029,epb3,164.375,0.995740653099858,0.13833755919064483,0.002901131599501821
A,3,A3,285,apc-ep2-26,3,FALSE,FALSE,NA,B,ep,epb5,44.837,epb5,230,1.2391304347826086,epb5,164.375,0.995740653099858,0.2433897816827506,0.005428324412488583
A,4,A4,210,apc-ep2-26,3,FALSE,FALSE,NA,C,ep,epc6,13.775,epc6,190,1.105263157894737,epc6,164.375,0.995740653099858,0.1095225047948789,0.007950817045000284
B,3,B3,611,apc-ep2-26,3,FALSE,FALSE,NA,C,ep,epc7,32.504,epc7,387,1.578811369509044,epc7,164.375,0.995740653099858,0.583070716409186,0.017938429621252337
B,5,B5,405,apc-ep2-26,3,FALSE,FALSE,NA,C,ep,epc8,45.687,epc8,312,1.2980769230769231,epc8,164.375,0.995740653099858,0.3023362699770651,0.006617555759342157
C,2,C2,316,apc-ep2-26,3,FALSE,FALSE,NA,C,ep,epc12,45.734,epc12,251,1.2589641434262948,epc12,164.375,0.995740653099858,0.26322349032643677,0.005755531777811623
C,3,C3,1605,apc-ep2-26,3,FALSE,FALSE,NA,D,ep,epd13,49.801,epd13,286,5.611888111888112,epd13,164.375,0.995740653099858,4.616147458788253,0.09269186278966794
D,3,D3,484,apc-ep2-26,3,FALSE,FALSE,NA,D,ep,epd18,53.73,epd18,322,1.5031055900621118,epd18,164.375,0.995740653099858,0.5073649369622537,0.009442861287218569
D,4,D4,460,apc-ep2-26,3,FALSE,FALSE,NA,D,ep,epd17,22.058,epd17,331,1.3897280966767371,epd17,164.375,0.995740653099858,0.3939874435768791,0.017861430935573446
D,5,D5,1498,apc-ep2-26,3,FALSE,FALSE,NA,D,ep,epd19,57.252,epd19,977,1.5332650972364381,epd19,164.375,0.995740653099858,0.5375244441365801,0.009388745268926501
A,2,A2,449,apc-ep2-26,4,FALSE,FALSE,NA,B,ep,epb3,47.684,epb3,358,1.2541899441340782,epb3,165.125,1.0002839564600094,0.2539059876740688,0.005324762764744334
A,3,A3,316,apc-ep2-26,4,FALSE,FALSE,NA,B,ep,epb5,44.837,epb5,230,1.373913043478261,epb5,165.125,1.0002839564600094,0.3736290870182515,0.00833305276932559
A,4,A4,215,apc-ep2-26,4,FALSE,FALSE,NA,C,ep,epc6,13.775,epc6,190,1.131578947368421,epc6,165.125,1.0002839564600094,0.13129499090841157,0.009531396799158735
B,3,B3,692,apc-ep2-26,4,FALSE,FALSE,NA,C,ep,epc7,32.504,epc7,387,1.7881136950904393,epc7,165.125,1.0002839564600094,0.7878297386304298,0.02423793190470188
B,5,B5,446,apc-ep2-26,4,FALSE,FALSE,NA,C,ep,epc8,45.687,epc8,312,1.4294871794871795,epc8,165.125,1.0002839564600094,0.42920322302717007,0.00939442780281415
C,2,C2,332,apc-ep2-26,4,FALSE,FALSE,NA,C,ep,epc12,45.734,epc12,251,1.3227091633466135,epc12,165.125,1.0002839564600094,0.32242520688660403,0.007050011083364762
C,3,C3,1769,apc-ep2-26,4,FALSE,FALSE,NA,D,ep,epd13,49.801,epd13,286,6.185314685314685,epd13,165.125,1.0002839564600094,5.1850307288546755,0.10411499224623351
D,3,D3,543,apc-ep2-26,4,FALSE,FALSE,NA,D,ep,epd18,53.73,epd18,322,1.686335403726708,epd18,165.125,1.0002839564600094,0.6860514472666985,0.01276849892549225
D,4,D4,500,apc-ep2-26,4,FALSE,FALSE,NA,D,ep,epd17,22.058,epd17,331,1.5105740181268883,epd17,165.125,1.0002839564600094,0.5102900616668788,0.023134013132055438
D,5,D5,1625,apc-ep2-26,4,FALSE,FALSE,NA,D,ep,epd19,57.252,epd19,977,1.6632548618219039,epd19,165.125,1.0002839564600094,0.6629709053618944,0.011579873285857164
A,2,A2,495,apc-ep2-26,5,FALSE,FALSE,NA,B,ep,epb3,47.684,epb3,358,1.3826815642458101,epb3,166.5,1.0086133459536204,0.3740682182921897,0.007844732369184418
A,3,A3,351,apc-ep2-26,5,FALSE,FALSE,NA,B,ep,epb5,44.837,epb5,230,1.5260869565217392,epb5,166.5,1.0086133459536204,0.5174736105681188,0.01154121842603472
A,4,A4,224,apc-ep2-26,5,FALSE,FALSE,NA,C,ep,epc6,13.775,epc6,190,1.1789473684210525,epc6,166.5,1.0086133459536204,0.17033402246743212,0.01236544627712756
B,3,B3,777,apc-ep2-26,5,FALSE,FALSE,NA,C,ep,epc7,32.504,epc7,387,2.007751937984496,epc7,166.5,1.0086133459536204,0.9991385920308757,0.03073894265416182
B,5,B5,490,apc-ep2-26,5,FALSE,FALSE,NA,C,ep,epc8,45.687,epc8,312,1.5705128205128205,epc8,166.5,1.0086133459536204,0.5618994745592001,0.012298891907089547
C,2,C2,377,apc-ep2-26,5,FALSE,FALSE,NA,C,ep,epc12,45.734,epc12,251,1.50199203187251,epc12,166.5,1.0086133459536204,0.49337868591888956,0.010788006426704192
C,3,C3,1825,apc-ep2-26,5,FALSE,FALSE,NA,D,ep,epd13,49.801,epd13,286,6.381118881118881,epd13,166.5,1.0086133459536204,5.37250553516526,0.10787947099787674
D,3,D3,586,apc-ep2-26,5,FALSE,FALSE,NA,D,ep,epd18,53.73,epd18,322,1.8198757763975155,epd18,166.5,1.0086133459536204,0.8112624304438951,0.01509887270507901
D,4,D4,566,apc-ep2-26,5,FALSE,FALSE,NA,D,ep,epd17,22.058,epd17,331,1.7099697885196374,epd17,166.5,1.0086133459536204,0.701356442566017,0.03179601244745748
D,5,D5,1747,apc-ep2-26,5,FALSE,FALSE,NA,D,ep,epd19,57.252,epd19,977,1.7881269191402251,epd19,166.5,1.0086133459536204,0.7795135731866047,0.013615481960221559
A,2,A2,532,apc-ep2-26,6,FALSE,FALSE,NA,B,ep,epb3,47.684,epb3,358,1.4860335195530727,epb3,167.625,1.0154283009938476,0.4706052185592251,0.009869247935559624
A,3,A3,388,apc-ep2-26,6,FALSE,FALSE,NA,B,ep,epb5,44.837,epb5,230,1.6869565217391305,epb5,167.625,1.0154283009938476,0.6715282207452828,0.014977099733373838
A,4,A4,228,apc-ep2-26,6,FALSE,FALSE,NA,C,ep,epc6,13.775,epc6,190,1.2,epc6,167.625,1.0154283009938476,0.18457169900615233,0.01339903441060997
B,3,B3,863,apc-ep2-26,6,FALSE,FALSE,NA,C,ep,epc7,32.504,epc7,387,2.2299741602067185,epc7,167.625,1.0154283009938476,1.2145458592128708,0.0373660429243438
B,5,B5,546,apc-ep2-26,6,FALSE,FALSE,NA,C,ep,epc8,45.687,epc8,312,1.75,epc8,167.625,1.0154283009938476,0.7345716990061524,0.01607835268251696
C,2,C2,396,apc-ep2-26,6,FALSE,FALSE,NA,C,ep,epc12,45.734,epc12,251,1.5776892430278884,epc12,167.625,1.0154283009938476,0.5622609420340408,0.012294156252110918
C,3,C3,1937,apc-ep2-26,6,FALSE,FALSE,NA,D,ep,epd13,49.801,epd13,286,6.7727272727272725,epd13,167.625,1.0154283009938476,5.757298971733425,0.11560609167955312
D,3,D3,625,apc-ep2-26,6,FALSE,FALSE,NA,D,ep,epd18,53.73,epd18,322,1.9409937888198758,epd18,167.625,1.0154283009938476,0.9255654878260282,0.01722623279035973
D,4,D4,665,apc-ep2-26,6,FALSE,FALSE,NA,D,ep,epd17,22.058,epd17,331,2.009063444108761,epd17,167.625,1.0154283009938476,0.9936351431149135,0.045046474889605295
D,5,D5,1818,apc-ep2-26,6,FALSE,FALSE,NA,D,ep,epd19,57.252,epd19,977,1.8607983623336746,epd19,167.625,1.0154283009938476,0.845370061339827,0.014765773446164795
A,2,A2,578,apc-ep2-26,7,FALSE,FALSE,NA,B,ep,epb3,47.684,epb3,358,1.6145251396648044,epb3,168.375,1.019971604353999,0.5945535353108053,0.012468617047873613
A,3,A3,407,apc-ep2-26,7,FALSE,FALSE,NA,B,ep,epb5,44.837,epb5,230,1.7695652173913043,epb5,168.375,1.019971604353999,0.7495936130373053,0.01671819285494804
A,4,A4,235,apc-ep2-26,7,FALSE,FALSE,NA,C,ep,epc6,13.775,epc6,190,1.236842105263158,epc6,168.375,1.019971604353999,0.21687050090915894,0.015743775020628598
B,3,B3,954,apc-ep2-26,7,FALSE,FALSE,NA,C,ep,epc7,32.504,epc7,387,2.4651162790697674,epc7,168.375,1.019971604353999,1.4451446747157684,0.04446051792750949
B,5,B5,583,apc-ep2-26,7,FALSE,FALSE,NA,C,ep,epc8,45.687,epc8,312,1.8685897435897436,epc8,168.375,1.019971604353999,0.8486181392357446,0.018574608515239448
C,2,C2,432,apc-ep2-26,7,FALSE,FALSE,NA,C,ep,epc12,45.734,epc12,251,1.7211155378486056,epc12,168.375,1.019971604353999,0.7011439334946066,0.015330912089355983
C,3,C3,1978,apc-ep2-26,7,FALSE,FALSE,NA,D,ep,epd13,49.801,epd13,286,6.916083916083916,epd13,168.375,1.019971604353999,5.896112311729917,0.11839345217425186
D,3,D3,698,apc-ep2-26,7,FALSE,FALSE,NA,D,ep,epd18,53.73,epd18,322,2.1677018633540373,epd18,168.375,1.019971604353999,1.1477302590000382,0.02136106940256911
D,4,D4,796,apc-ep2-26,7,FALSE,FALSE,NA,D,ep,epd17,22.058,epd17,331,2.404833836858006,epd17,168.375,1.019971604353999,1.384862232504007,0.06278276509674525
D,5,D5,1918,apc-ep2-26,7,FALSE,FALSE,NA,D,ep,epd19,57.252,epd19,977,1.9631525076765608,epd19,168.375,1.019971604353999,0.9431809033225618,0.016474200085980606
A,2,A2,615,apc-ep2-26,8,FALSE,FALSE,NA,B,ep,epb3,47.684,epb3,358,1.717877094972067,epb3,169.125,1.0245149077141504,0.6933621872579165,0.01454077231897317
A,3,A3,429,apc-ep2-26,8,FALSE,FALSE,NA,B,ep,epb5,44.837,epb5,230,1.8652173913043477,epb5,169.125,1.0245149077141504,0.8407024835901973,0.018750194785337942
A,4,A4,241,apc-ep2-26,8,FALSE,FALSE,NA,C,ep,epc6,13.775,epc6,190,1.268421052631579,epc6,169.125,1.0245149077141504,0.24390614491742846,0.017706435202717127
B,3,B3,1034,apc-ep2-26,8,FALSE,FALSE,NA,C,ep,epc7,32.504,epc7,387,2.6718346253229974,epc7,169.125,1.0245149077141504,1.647319717608847,0.05068052293898742
B,5,B5,628,apc-ep2-26,8,FALSE,FALSE,NA,C,ep,epc8,45.687,epc8,312,2.0128205128205128,epc8,169.125,1.0245149077141504,0.9883056051063623,0.02163209676946095
C,2,C2,454,apc-ep2-26,8,FALSE,FALSE,NA,C,ep,epc12,45.734,epc12,251,1.8087649402390438,epc12,169.125,1.0245149077141504,0.7842500325248933,0.0171480743544167
C,3,C3,2030,apc-ep2-26,8,FALSE,FALSE,NA,D,ep,epd13,49.801,epd13,286,7.0979020979020975,epd13,169.125,1.0245149077141504,6.0733871901879475,0.12195311721025576
D,3,D3,743,apc-ep2-26,8,FALSE,FALSE,NA,D,ep,epd18,53.73,epd18,322,2.3074534161490683,epd18,169.125,1.0245149077141504,1.2829385084349179,0.02387750806690709
D,4,D4,889,apc-ep2-26,8,FALSE,FALSE,NA,D,ep,epd17,22.058,epd17,331,2.685800604229607,epd17,169.125,1.0245149077141504,1.6612856965154568,0.07531442998075333
D,5,D5,2033,apc-ep2-26,8,FALSE,FALSE,NA,D,ep,epd19,57.252,epd19,977,2.08085977482088,epd19,169.125,1.0245149077141504,1.0563448671067297,0.018450794157526894
